"Read Details","Maggiori dettagli",module,Magento_AdminNotification
"Mark as Read","Segna come già letto",module,Magento_AdminNotification
"Are you sure?","Sei sicuro?",module,Magento_AdminNotification
Remove,Elimina,module,Magento_AdminNotification
"Messages Inbox","Messaggi in arrivo",module,Magento_AdminNotification
"You have %1 new system messages","Nuovi messaggi di sistema: %1",module,Magento_AdminNotification
"You have %1 new system message","Nuovi messaggi di sistema: %1",module,Magento_AdminNotification
"Incoming Message","Messaggio in arrivo",module,Magento_AdminNotification
close,chiudi,module,Magento_AdminNotification
Notifications,Notifiche,module,Magento_AdminNotification
"The message has been marked as Read.","Il messaggio è stato contrassegnato come letto.",module,Magento_AdminNotification
"We couldn't mark the notification as Read because of an error.","Non è stato possibile segnare la notifica come letta a causa di un errore.",module,Magento_AdminNotification
"Please select messages.","Si prega di selezionare i messaggi.",module,Magento_AdminNotification
"A total of %1 record(s) have been marked as Read.","Elementi segnati come letti: %1.",module,Magento_AdminNotification
"Total of %1 record(s) have been removed.","Elementi rimossi: %1.",module,Magento_AdminNotification
"We couldn't remove the messages because of an error.","Non è stato possibile eliminare i messaggi a causa di un errore.",module,Magento_AdminNotification
"The message has been removed.","Il messaggio è stato eliminato.",module,Magento_AdminNotification
"1 Hour","1 ora",module,Magento_AdminNotification
"2 Hours","2 ore",module,Magento_AdminNotification
"6 Hours","6 ore",module,Magento_AdminNotification
"12 Hours","12 ore",module,Magento_AdminNotification
"24 Hours","24 ore",module,Magento_AdminNotification
critical,critico,module,Magento_AdminNotification
major,maggiore,module,Magento_AdminNotification
minor,minore,module,Magento_AdminNotification
notice,nota,module,Magento_AdminNotification
"Wrong message type","TIpo messaggio errato",module,Magento_AdminNotification
"Wrong notification ID specified.","È stato specificato un ID di notifica errato.",module,Magento_AdminNotification
"{{base_url}} is not recommended to use in a production environment to declare the Base Unsecure URL / Base Secure URL. We highly recommend changing this value in your Magento <a href=""%1"">configuration</a>.","{{base_url}} non è raccomandato utilizzarlo nell'ambiente di produzione per dichiarare URL Base non sicuro / URL Base Sicuro. Consigliamo vivamente di modificare questo valore nella <a href=""%1"">configurazione</a> di Magento.",module,Magento_AdminNotification
"Please go to <a href=""%1"">Cache Management</a> and refresh cache types.","Si prega di accedere alla sezione di <a href=""%1"">Gestione cache</a> e di aggiornare i tipi di cache invalidati.",module,Magento_AdminNotification
"We were unable to synchronize one or more media files. Please refer to the log file for details.","Non siamo stati in grado di sincronizzare uno o più file media. Consulta il file di log per i dettagli.",module,Magento_AdminNotification
"Synchronization of media storages has been completed.","Sincronizzazione dei file multimediali completata.",module,Magento_AdminNotification
"Your web server is set up incorrectly and allows unauthorized access to sensitive files. Please contact your hosting provider.","Il tuo server Web è configurato in modo non corretto e consente l'accesso non autorizzato ai file sensibili. Si prega di contattare il proprio fornitore di hosting.",module,Magento_AdminNotification
"System Messages:","Messaggi di sistema:",module,Magento_AdminNotification
"Critical System Messages","Messaggi critici di sistema",module,Magento_AdminNotification
"Major System Messages","Messaggi di sistema principali",module,Magento_AdminNotification
"System messages","Messaggi di sistema",module,Magento_AdminNotification
Close,Chiudi,module,Magento_AdminNotification
"See All (","Vedi tutti (",module,Magento_AdminNotification
"Please correct the data sent.","Si prega di correggere i dati inviati.",module,Magento_AdvancedPricingImportExport
"Entity type model '%1' is not found","Modello tipo entità '%1' non trovato",module,Magento_AdvancedPricingImportExport
"Entity type model must be an instance of \Magento\CatalogImportExport\Model\Export\Product\Type\AbstractType","Il modello del tipo di entità deve essere un'istanza di \Magento\CatalogImportExport\Model\Import\Product\Type\AbstractType",module,Magento_AdvancedPricingImportExport
"There are no product types available for export","Non ci sono tipi di prodotto disponibili per l'esportazione",module,Magento_AdvancedPricingImportExport
"We can't find the role for the user you wanted.","Non riusciamo a trovare il ruolo per l'utente desiderato.",module,Magento_Authorization
"Something went wrong while compiling a list of allowed resources. You can find out more in the exceptions log.","Qualcosa è andato storto durante la compilazione di un elenco di risorse consentite. Puoi trovare ulteriori informazioni nel registro dell'eccezioni.",module,Magento_Authorization
"You created the order.","Hai creato l'ordine.",module,Magento_Authorizenet
"Order saving error: %1","Errore salvataggio ordine: %1",module,Magento_Authorizenet
"Please choose a payment method.","Si prega di scegliere un metodo di pagamento.",module,Magento_Authorizenet
"We can't process your order right now. Please try again later.","Non possiamo elaborare il vostro ordine in questo momento. Si prega di riprovare più tardi.",module,Magento_Authorizenet
"An error occurred on the server. Please try to place the order again.","Si è verificato un errore sul server. Provare ad effettuare nuovamente l'ordine.",module,Magento_Authorizenet
"Credit Card: xxxx-%1","Carta di credito: xxxx-%1",module,Magento_Authorizenet
"amount %1","importo %1",module,Magento_Authorizenet
failed.,"non riuscito.",module,Magento_Authorizenet
successful.,"con successo.",module,Magento_Authorizenet
"Authorize.Net Transaction ID %1.","Authorize.Net transazione ID %1.",module,Magento_Authorizenet
"authorize and capture","autorizza e trattieni",module,Magento_Authorizenet
capture,trattieni,module,Magento_Authorizenet
refund,rimborso,module,Magento_Authorizenet
void,nullo,module,Magento_Authorizenet
"Gateway error: %1","Errore gateway: %1",module,Magento_Authorizenet
"Something went wrong in the payment gateway.","Qualcosa è andato storto nel gateway di pagamento.",module,Magento_Authorizenet
"Invalid amount for capture.","Importo non valido per l'acquisizione.",module,Magento_Authorizenet
"Payment capturing error.","Errore nell'acquisizione del pagamento.",module,Magento_Authorizenet
"Invalid transaction ID.","ID transazione non valido.",module,Magento_Authorizenet
"Payment voiding error.","Errore nell'annullamento del pagamento.",module,Magento_Authorizenet
"Invalid amount for refund.","Importo non valido per il rimborso.",module,Magento_Authorizenet
"Payment refunding error.","Errore di rimborso del pagamento.",module,Magento_Authorizenet
"The transaction was declined because the response hash validation failed.","La transazione è stata rifiutata perché la validazione risposta hash non è riuscita.",module,Magento_Authorizenet
"This payment didn't work out because we can't find this order.","Il pagamento non ha funzionato perché non riusciamo a trovare questo ordine.",module,Magento_Authorizenet
"There was a payment authorization error.","C'è stato un errore di autorizzazione del pagamento.",module,Magento_Authorizenet
"Please enter a transaction ID to authorize this payment.","Si prega di inserire un ID di transazione per autorizzare il pagamento.",module,Magento_Authorizenet
"Something went wrong: the paid amount doesn't match the order amount. Please correct this and try again.","Qualcosa è andato storto: l'importo pagato non corrisponde al totale dell'ordine. Si prega di risolvere il problema e riprovare.",module,Magento_Authorizenet
"Transaction %1 has been approved. Amount %2. Transaction status is ""%3""","La transazione %1 è stata approvata. Importo %2. Lo stato della transazione è ""%3""",module,Magento_Authorizenet
"Transaction %1 has been voided/declined. Transaction status is ""%2"". Amount %3.","La transazione %1 è stata annullata/rifiutata. Lo stato della transazione è ""%2"". Importo %3.",module,Magento_Authorizenet
"Authorize and Capture","Autorizza e trattieni",module,Magento_Authorizenet
"Unable to get transaction details. Try again later.","Impossibile ottenere i dettagli della transazione. Riprovare più tardi.",module,Magento_Authorizenet
"Credit Card Type","Tipo di carta di credito",module,Magento_Authorizenet
"Credit Card Number","Numero carta di credito",module,Magento_Authorizenet
"Expiration Date","Data di scadenza",module,Magento_Authorizenet
"Card Verification Number","Numero di verifica della carta",module,Magento_Authorizenet
"FDS Filter Action","Azione di filtro FDS",module,Magento_Authorizenet
"AVS Response","Risposta AVS",module,Magento_Authorizenet
"Card Code Response","Risposta codice carta",module,Magento_Authorizenet
"CAVV Response","Risposta CAVV",module,Magento_Authorizenet
"Fraud Filters","Filtri di frode",module,Magento_Authorizenet
"Invalid Form Key. Please refresh the page.","Form Key non valida. Si prega di aggiornare la pagina.",module,Magento_Backend
"You entered an invalid Secret Key. Please refresh the page.","Hai inserito un codice segreto non valido. Si prega di aggiornare la pagina.",module,Magento_Backend
"Cache Storage Management","Gestione dell'archiviazione della cache",module,Magento_Backend
"Flush Magento Cache","Svuota la Cache di Magento",module,Magento_Backend
"The cache storage may contain additional data. Are you sure that you want to flush it?","La cache storage può contenere dati aggiuntivi. Sei sicuro che si desidera svuotarla?",module,Magento_Backend
"Flush Cache Storage","Svuota Cache Storage",module,Magento_Backend
Invalidated,Invalidata,module,Magento_Backend
Orders,Ordini,module,Magento_Backend
Amounts,Importi,module,Magento_Backend
Bestsellers,"Più venduti",module,Magento_Backend
"Most Viewed Products","Prodotti più visti",module,Magento_Backend
"New Customers","Nuovi Clienti",module,Magento_Backend
Customers,Clienti,module,Magento_Backend
Customer,Cliente,module,Magento_Backend
Guest,Ospite,module,Magento_Backend
Items,Elementi,module,Magento_Backend
Total,Totale,module,Magento_Backend
"Lifetime Sales","Vendite totali",module,Magento_Backend
"Average Order","Ordine medio",module,Magento_Backend
Average,Media,module,Magento_Backend
Product,Prodotto,module,Magento_Backend
Price,Prezzo,module,Magento_Backend
Quantity,Quantità,module,Magento_Backend
Views,Viste,module,Magento_Backend
Revenue,Entrate,module,Magento_Backend
Tax,Tassa,module,Magento_Backend
Shipping,Spedizione,module,Magento_Backend
"Images (.gif, .jpg, .png)","Immagini (. gif,. jpg,. png)",module,Magento_Backend
"Media (.avi, .flv, .swf)","Media (.avi, .FLV, .swf)",module,Magento_Backend
"All Files","Tutti i file",module,Magento_Backend
"Reset to Default","Ripristina predefiniti",module,Magento_Backend
"All Store Views","Tutte le Viste Negozio",module,Magento_Backend
"What is this?","Cos'è questo?",module,Magento_Backend
"Save Account","Salva Account",module,Magento_Backend
"My Account","Il mio Account",module,Magento_Backend
"Account Information","Informazioni sull'account",module,Magento_Backend
"User Name","Nome utente",module,Magento_Backend
"First Name",Nome,module,Magento_Backend
"Last Name",Cognome,module,Magento_Backend
"User Email","Email Utente",module,Magento_Backend
"New Password","Nuova Password",module,Magento_Backend
"Password Confirmation","Conferma password",module,Magento_Backend
"Interface Locale","Interfaccia Locale",module,Magento_Backend
"Current User Identity Verification","Verifica dell'identità utente corrente",module,Magento_Backend
"Your Password","La tua Password",module,Magento_Backend
"Save Cache Settings","Salva le impostazioni della Cache",module,Magento_Backend
"Catalog Rewrites","Rewrites catalogo",module,Magento_Backend
Refresh,Aggiorna,module,Magento_Backend
"Images Cache","Immagini Cache",module,Magento_Backend
Clear,Cancella,module,Magento_Backend
"Search Index","Indice di ricerca",module,Magento_Backend
Rebuild,Ricostruisci,module,Magento_Backend
"Inventory Stock Status","Status inventario",module,Magento_Backend
"Rebuild Catalog Index","Ricostruisci l'indice del catalogo",module,Magento_Backend
"Rebuild Flat Catalog Category","Ricostruisci la flat catalog category",module,Magento_Backend
"Rebuild Flat Catalog Product","Ricostruisci la flat catalog product",module,Magento_Backend
"Cache Control","Controllo della cache",module,Magento_Backend
"All Cache","Tutte le Cache",module,Magento_Backend
"No change","Nessun cambiamento",module,Magento_Backend
Disable,Disattiva,module,Magento_Backend
Enable,Attiva,module,Magento_Backend
"Add Design Change","Aggiungi modifica al Design",module,Magento_Backend
Back,Indietro,module,Magento_Backend
Delete,Elimina,module,Magento_Backend
"Are you sure?","Sei sicuro?",module,Magento_Backend
Save,Salva,module,Magento_Backend
"Edit Design Change","Modifica Cambio Design",module,Magento_Backend
"New Store Design Change","Nuovo Cambio Design Store",module,Magento_Backend
"General Settings","Impostazioni Generali",module,Magento_Backend
Store,Negozio,module,Magento_Backend
"-- Please Select --","-- Seleziona --",module,Magento_Backend
"Custom Design","Design Personalizzato",module,Magento_Backend
"Date From","Data da",module,Magento_Backend
"Date To","Data Al",module,Magento_Backend
"Design Change","Cambio Design",module,Magento_Backend
General,Generale,module,Magento_Backend
Cancel,Annulla,module,Magento_Backend
"Delete %1 '%2'","Elimina %1 '%2'",module,Magento_Backend
"Delete %1","Elimina %1",module,Magento_Backend
"Block Information","Informazioni Blocco",module,Magento_Backend
"Backup Options","Opzioni Backup",module,Magento_Backend
"Create DB Backup","Crea Backup DB",module,Magento_Backend
Yes,Sì,module,Magento_Backend
"Delete Store","Elimina Negozio",module,Magento_Backend
"Delete Web Site","Elimina Website",module,Magento_Backend
"Save Web Site","Salva Website",module,Magento_Backend
"Save Store","Salva Negozio",module,Magento_Backend
"Save Store View","Salva Vista Negozio",module,Magento_Backend
"Delete Store View","Elimina Vista Negozio",module,Magento_Backend
"Edit Web Site","Modifica Website",module,Magento_Backend
"New Web Site","Nuovo Website",module,Magento_Backend
"Edit Store","Modifica Negozio",module,Magento_Backend
"New Store","Nuovo Negozio",module,Magento_Backend
"Edit Store View","Modifica Vista Negozio",module,Magento_Backend
"New Store View","Nuova Vista Negozio",module,Magento_Backend
"Store Information","Informazioni Negozio",module,Magento_Backend
"Web Site",Website,module,Magento_Backend
Name,Nome,module,Magento_Backend
"Root Category","Categoria di Root",module,Magento_Backend
"Default Store View","Vista Negozio predefinita",module,Magento_Backend
"Store View Information","Informazioni Vista Negozio",module,Magento_Backend
Code,Codice,module,Magento_Backend
Disabled,Disabilitato,module,Magento_Backend
Enabled,Abilitato,module,Magento_Backend
"Sort Order",Ordinamento,module,Magento_Backend
"Web Site Information","Informazioni Website",module,Magento_Backend
"Default Store","Negozio Predefinito",module,Magento_Backend
"Set as Default","Imposta come predefinito",module,Magento_Backend
Stores,Negozi,module,Magento_Backend
"Create Website","Crea Website",module,Magento_Backend
"Create Store","Crea Negozio",module,Magento_Backend
"Create Store View","Crea Vista Negozio",module,Magento_Backend
"Are you sure you want to do this?","Sei sicuro di che voler fare questo?",module,Magento_Backend
"Add New Image","Aggiungi nuova immagine",module,Magento_Backend
"Export block for grid %1 is not defined","Esportazione blocco per griglia %1 non definita",module,Magento_Backend
"Reset Filter","Azzera filtro",module,Magento_Backend
Search,Cerca,module,Magento_Backend
Any,Qualsiasi,module,Magento_Backend
"All Countries","Tutti i Paesi",module,Magento_Backend
From,Dal,module,Magento_Backend
To,Al,module,Magento_Backend
"Date selector","Selettore data",module,Magento_Backend
"[ deleted ]","[ eliminato ]",module,Magento_Backend
"Select All","Seleziona tutto",module,Magento_Backend
"We couldn't find any records.","Non abbiamo trovato alcun record.",module,Magento_Backend
"Add New","Aggiungi Nuovo",module,Magento_Backend
"Invalid export type supplied for grid export block","Tipo di esportazione fornito non valido per blocco di esportazione griglia",module,Magento_Backend
Export,Esporta,module,Magento_Backend
"Please correct the column format and try again.","Si prega di correggere il formato della colonna e riprovare.",module,Magento_Backend
"Please select items.","Seleziona elementi.",module,Magento_Backend
Submit,Invia,module,Magento_Backend
"Unknown block type","Tipo di blocco sconosciuto",module,Magento_Backend
"Please correct the tab configuration and try again. Tab Id should be not empty","Si prega di correggere la configurazione della scheda e riprovare. Il campo Id della scheda non dovrebbe essere vuoto",module,Magento_Backend
"Please correct the tab configuration and try again.","Si prega di correggere la configurazione della scheda e riprovare.",module,Magento_Backend
"You have logged out.","Sei disconnesso.",module,Magento_Backend
"Specified cache type(s) don't exist: %1","I tipi di cache specificati non esistono: %1",module,Magento_Backend
"The image cache was cleaned.","Cache delle immagini svuotata.",module,Magento_Backend
"An error occurred while clearing the image cache.","Errore durante la cancellazione della cache immagini.",module,Magento_Backend
"The JavaScript/CSS cache has been cleaned.","La cache di JavaScript/CSS è stata svuotata.",module,Magento_Backend
"An error occurred while clearing the JavaScript/CSS cache.","Errore durante la cancellazione della cache di JavaScript/CSS.",module,Magento_Backend
"The static files cache has been cleaned.","La cache dei file statici è stata svuotata.",module,Magento_Backend
"You flushed the cache storage.","Hai svuotato la cache storage.",module,Magento_Backend
"The Magento cache storage has been flushed.","La cache storage di Magento è stata svuotata.",module,Magento_Backend
"Cache Management","Gestione Cache",module,Magento_Backend
"%1 cache type(s) disabled.","%1 tipi di cache disattivati.",module,Magento_Backend
"An error occurred while disabling cache.","Si è verificato un errore durante la disattivazione della cache.",module,Magento_Backend
"%1 cache type(s) enabled.","%1 tipi di cache abilitati.",module,Magento_Backend
"An error occurred while enabling cache.","Errore durante l'abilitazione della cache.",module,Magento_Backend
"%1 cache type(s) refreshed.","%1 tipi di cache aggiornati.",module,Magento_Backend
"An error occurred while refreshing cache.","Si è verificato un errore durante l'aggiornamento della cache.",module,Magento_Backend
"We updated lifetime statistic.","Abbiamo aggiornato le statistiche.",module,Magento_Backend
"We can't refresh lifetime statistics.","Non è possibile aggiornare le statistiche.",module,Magento_Backend
"invalid request","richiesta non valida",module,Magento_Backend
"see error log for details","vedere i log degli errori per i dettagli",module,Magento_Backend
"Service unavailable: %1","Servizio non disponibile: %1",module,Magento_Backend
Error,Errore,module,Magento_Backend
"Access Denied.","Accesso Negato.",module,Magento_Backend
"You need more permissions to do this.","Hai bisogno di maggiori permessi per questo.",module,Magento_Backend
"No search modules were registered","Nessun modulo di ricerca è stato registrato",module,Magento_Backend
"Please make sure that all global admin search modules are installed and activated.","Assicurati che tutti i moduli di ricerca globali siano installati e attivi.",module,Magento_Backend
"You saved the account.","Hai salvato l'account.",module,Magento_Backend
"An error occurred while saving account.","Errore durante il salvataggio dell'account.",module,Magento_Backend
"You deleted the design change.","Hai eliminato il cambio del design.",module,Magento_Backend
"You can't delete the design change.","Non puoi eliminare il cambio del design.",module,Magento_Backend
"Store Design","Design Negozio",module,Magento_Backend
"Edit Store Design Change","Modifica Cambio design dello store",module,Magento_Backend
"You saved the design change.","Hai salvato il cambio del design.",module,Magento_Backend
System,Sistema,module,Magento_Backend
"Manage Stores","Gestisci Negozi",module,Magento_Backend
"The database was backed up.","Il database è stato salvato.",module,Magento_Backend
"We can't create a backup right now. Please try again later.","Non è possibile creare una copia di backup in questo momento. Riprova più tardi.",module,Magento_Backend
"Deleting a %1 will not delete the information associated with the %1 (e.g. categories, products, etc.), but the %1 will not be able to be restored. It is suggested that you create a database backup before deleting the %1.","L'eliminazione di un %1 non eliminerà le informazioni associate con il %1 (ad es., categorie, prodotti, ecc.), ma %1 non potrà essere ripristinato. È suggerito creare un backup del database prima di eliminare %1.",module,Magento_Backend
"Something went wrong. Please try again.","Qualcosa è andato storto. Riprova di nuovo.",module,Magento_Backend
"This store cannot be deleted.","Questo negozio non può essere eliminato.",module,Magento_Backend
"You deleted the store.","Hai eliminato il negozio.",module,Magento_Backend
"Unable to delete the store. Please try again later.","Impossibile eliminare il negozio. Riprova più tardi.",module,Magento_Backend
"This store view cannot be deleted.","Questa vista negozio non può essere eliminata.",module,Magento_Backend
"Store View","Vista Negozio",module,Magento_Backend
"You deleted the store view.","Hai eliminato la vista del negozio.",module,Magento_Backend
"Unable to delete the store view. Please try again later.","Impossibile eliminare la vista del negozio (store view). Riprova più tardi.",module,Magento_Backend
"This website cannot be deleted.","Questo website non può essere eliminato.",module,Magento_Backend
"You deleted the website.","Hai eliminato il website.",module,Magento_Backend
"Unable to delete the website. Please try again later.","Impossibile eliminare il sito web. Riprova più tardi.",module,Magento_Backend
"The website does not exist.","Il website non esiste.",module,Magento_Backend
"Before modifying the website code please make sure it is not used in index.php.","Prima di modificare il codice del website, assicurati che non sia usato in index.php.",module,Magento_Backend
"The store does not exist","Il negozio non esiste",module,Magento_Backend
"Store view doesn't exist","La vista negozio non esiste",module,Magento_Backend
"Before modifying the store view code please make sure it is not used in index.php.","Prima di modificare il codice della vista negozio, assicurati che non sia usato in index.php.",module,Magento_Backend
"You saved the website.","Hai salvato il website.",module,Magento_Backend
"An inactive store view cannot be saved as default store view","Una vista inattiva di negozio non può essere salvata come vista predefinita",module,Magento_Backend
"You saved the store.","Hai salvato il negozio.",module,Magento_Backend
"The default store cannot be disabled","Il negozio predefinito non può essere disabilitato",module,Magento_Backend
"You saved the store view.","Hai salvato la vista negozio.",module,Magento_Backend
"Something went wrong while saving. Please review the error log.","Qualcosa è andato storto durante il salvataggio. Consulta il log degli errori.",module,Magento_Backend
"Last 24 Hours","Ultime 24 ore",module,Magento_Backend
"Last 7 Days","Ultimi 7 giorni",module,Magento_Backend
"Current Month","Mese corrente",module,Magento_Backend
YTD,"Da inizio anno",module,Magento_Backend
2YTD,"Dall'anno precedente",module,Magento_Backend
"Authentication storage is incorrect.","Autenticazione storage non corretta.",module,Magento_Backend
"You did not sign in correctly or your account is temporarily disabled.","Non hai eseguito l'accesso correttamente o il tuo account è temporaneamente disattivato.",module,Magento_Backend
"Authentication error occurred.","Errore di autenticazione.",module,Magento_Backend
"Admin session lifetime must be less than or equal to 31536000 seconds (one year)","La durata totale della sessione dell'amministratore deve essere minore o uguale a 31536000 secondi (in un anno)",module,Magento_Backend
"Admin session lifetime must be greater than or equal to 60 seconds","La durata della sessione dell'amministratore deve essere maggiore o uguale a 60 secondi",module,Magento_Backend
Order,Ordine,module,Magento_Backend
"Order #%1","Ordine #%1",module,Magento_Backend
"Access denied","Accesso negato",module,Magento_Backend
"Please try to sign out and sign in again.","Prova a disconnetterti ed accedere nuovamente.",module,Magento_Backend
"If you continue to receive this message, please contact the store owner.","Se continui a ricevere questo messaggio, contatta il proprietario del negozio.",module,Magento_Backend
"You need more permissions to access this.","Hai bisogno di maggiori permessi per accedere a questo.",module,Magento_Backend
"Welcome, please sign in","Benvenuto, effettua l'accesso",module,Magento_Backend
Username,"Nome Utente",module,Magento_Backend
"user name","nome utente",module,Magento_Backend
"Sign in",Accedi,module,Magento_Backend
"Select Range:","Seleziona intervallo:",module,Magento_Backend
"No Data Found","Nessun dato trovato",module,Magento_Backend
"Chart is disabled. To enable the chart, click <a href=""%1"">here</a>.","Grafico disattivato. Per attivare il grafico, clicca <a href=""%1""> qui</a>.",module,Magento_Backend
"Last Orders","Ultimi ordini",module,Magento_Backend
"Last Search Terms","Ultimi termini di ricerca",module,Magento_Backend
"Top Search Terms","Termini più ricercati",module,Magento_Backend
"There are no search keywords.","Non ci sono parole chiave di ricerca.",module,Magento_Backend
"View Statistics For:","Visualizzazione delle statistiche per:",module,Magento_Backend
"All Websites","Tutti i Website",module,Magento_Backend
"Reload Data","Ricarica i dati",module,Magento_Backend
"Browse Files...","Sfoglia i file...",module,Magento_Backend
"Copyright &copy; %1 Magento Commerce Inc. All rights reserved.","Copyright &copy; %1 Magento Commerce Inc. Tutti i diritti riservati.",module,Magento_Backend
"ver. %1","versione %1",module,Magento_Backend
"Magento Admin Panel","Pannello di amministrazione di Magento",module,Magento_Backend
"Account Setting","Impostazioni Account",module,Magento_Backend
"Customer View","Vista Cliente",module,Magento_Backend
"Sign Out",Esci,module,Magento_Backend
"About the calendar","Informazioni sul calendario",module,Magento_Backend
Close,Chiudi,module,Magento_Backend
"Go Today","Vai ad oggi",module,Magento_Backend
Previous,Precedente,module,Magento_Backend
Next,Successivo,module,Magento_Backend
Time,Orario,module,Magento_Backend
Hour,Ora,module,Magento_Backend
Minute,Minuto,module,Magento_Backend
"JavaScript may be disabled in your browser.","JavaScript potrebbe essere disabilitato nel tuo browser.",module,Magento_Backend
"To use this website you must first enable JavaScript in your browser.","Per utilizzare questo sito Web devi prima abilitare JavaScript nel tuo browser.",module,Magento_Backend
"This is only a demo store. You can browse and place orders, but nothing will be processed.","Questo è solo un negozio demo. È possibile navigare ed effettuare ordini, ma nessun ordine verrà processato.",module,Magento_Backend
"Stores Configuration","Configurazione Negozi",module,Magento_Backend
"Please confirm scope switching. All data that hasn't been saved will be lost.","Si prega di confermare il cambio ambito di applicazione. Tutti i dati non salvati andranno persi.",module,Magento_Backend
"Additional Cache Management","Gestione Cache aggiuntiva",module,Magento_Backend
"Flush Catalog Images Cache","Svuota Cache Immagini catalogo",module,Magento_Backend
"Pregenerated product images files","Files pregenerati immagini prodotto",module,Magento_Backend
"Flush JavaScript/CSS Cache","Svuota Cache JavaScript/CSS",module,Magento_Backend
"Themes JavaScript and CSS files combined to one file","Temi JavaScript e CSS file uniti in un unico file",module,Magento_Backend
"Flush Static Files Cache","Svuota Cache File Statici",module,Magento_Backend
"Preprocessed view files and static files","File statici e file vista preprocessati",module,Magento_Backend
Catalog,Catalogo,module,Magento_Backend
"JavaScript/CSS Cache","Cache JavaScript/CSS",module,Magento_Backend
"No records found.","Nessun record trovato.",module,Magento_Backend
Images,Immagini,module,Magento_Backend
"Big Image","Immagine grande",module,Magento_Backend
Thumbnail,Miniatura,module,Magento_Backend
"Additional Settings","Impostazioni aggiuntive",module,Magento_Backend
"records found","record trovati",module,Magento_Backend
selected,selezionato,module,Magento_Backend
"per page","per pagina",module,Magento_Backend
"Previous page","Pagina precedente",module,Magento_Backend
"of %1","di %1",module,Magento_Backend
"Next page","Pagina successiva",module,Magento_Backend
"Export to:","Esporta in:",module,Magento_Backend
Actions,Azioni,module,Magento_Backend
"Mass Actions","Azioni massive",module,Magento_Backend
"Unselect All","Deseleziona tutto",module,Magento_Backend
"Select Visible","Seleziona visibili",module,Magento_Backend
"Unselect Visible","Deseleziona visibili",module,Magento_Backend
"Changes have been made to this section that have not been saved.","Sono state apportate modifiche a questa sezione che non sono state salvate.",module,Magento_Backend
"This tab contains invalid data. Please resolve this before saving.","Questa scheda contiene dati non validi. Risolvi il problema prima di salvare.",module,Magento_Backend
"The information in this tab has been changed.","Le informazioni contenute in questa scheda sono state modificate.",module,Magento_Backend
Loading...,Caricamento...,module,Magento_Backend
"System Backup","Backup di sistema",module,Magento_Backup
"Database and Media Backup","Backup Database e Media",module,Magento_Backup
"Database Backup","Backup del database",module,Magento_Backup
"The archive can be uncompressed with <a href=""%1"">%2</a> on Windows systems.","L'archivio può essere decompresso con <a href=""%1"">%2</a> su sistemi Windows.",module,Magento_Backup
"You need more permissions to activate maintenance mode right now.","In questo momento hai bisogno di maggiori permessi per attivare la modalità manutenzione.",module,Magento_Backup
"To create the backup, please deselect ""Put store into maintenance mode"" or update your permissions.","Per creare il backup, deseleziona ""Imposta il negozio in modalità di manutenzione"" o aggiorna i tuoi permessi.",module,Magento_Backup
"Something went wrong while putting your store into maintenance mode.","Qualcosa è andato storto nel mettere il tuo negozio in modalità manutenzione.",module,Magento_Backup
"You need more free space to create a backup.","Hai bisogno di più spazio libero per creare un backup.",module,Magento_Backup
"You need more permissions to create a backup.","Hai bisogno di maggiori permessi per creare un backup.",module,Magento_Backup
"We can't create the backup right now.","Non è possibile creare il backup in questo momento.",module,Magento_Backup
System,Sistema,module,Magento_Backup
Tools,Strumenti,module,Magento_Backup
"We can't delete one or more backups.","Non è possibile eliminare uno o più backup.",module,Magento_Backup
failed,"non riuscito",module,Magento_Backup
successful,"con successo",module,Magento_Backup
"You deleted the selected backup(s).","Hai eliminato i backup selezionati.",module,Magento_Backup
"Can't load snapshot archive","Impossibile caricare l'archivio snapshot",module,Magento_Backup
"Please correct the password.","Correggi la password.",module,Magento_Backup
"To complete the rollback, please deselect ""Put store into maintenance mode"" or update your permissions.","Per completare il rollback, deseleziona ""Imposta il negozio in modalità manutenzione"" o aggiorna i tuoi permessi.",module,Magento_Backup
"We can't find the backup file.","Impossibile trovare il file di backup.",module,Magento_Backup
"We can't connect to the FTP right now.","Impossibile connettersi via FTP in questo momento.",module,Magento_Backup
"Failed to validate FTP.","Impossibile convalidare FTP.",module,Magento_Backup
"You need more permissions to perform a rollback.","Hai bisognodi maggiori permessi per eseguire un rollback.",module,Magento_Backup
"Failed to rollback.","Impossibile eseguire il rollback.",module,Magento_Backup
"Database and Media","Database e Media",module,Magento_Backup
"System (excluding Media)","Sistema (escluso Media)",module,Magento_Backup
"You created the system backup.","È stato creato il backup del sistema.",module,Magento_Backup
"You created the system backup (excluding media).","È stato creato il backup del sistema (escluso media).",module,Magento_Backup
"You created the database and media backup.","Hai creato un backup database e media.",module,Magento_Backup
"You created the database backup.","Hai creato il backup del database.",module,Magento_Backup
"Please correct the order of creation for a new backup.","Si prega di correggere l'ordine di creazione per un nuovo backup.",module,Magento_Backup
"The backup file does not exist.","Il file di backup non esiste.",module,Magento_Backup
"The backup file path was not specified.","Il percorso del file di backup non è stato specificato.",module,Magento_Backup
"The backup file ""%1"" does not exist.","Il file di backup ""%1"" non esiste.",module,Magento_Backup
"Sorry, but we cannot read from or write to backup file ""%1"".","Ci dispiace, ma non possiamo leggere o scrivere nel file di backup ""%1"".",module,Magento_Backup
"The backup file handler was unspecified.","Il gestore di file di backup non è stato specificato.",module,Magento_Backup
"Something went wrong while writing to the backup file ""%1"".","Qualcosa è andato storto durante la scrittura del file di backup ""%1"".",module,Magento_Backup
"We can't save the Cron expression.","Non possiamo salvare l'espressione Cron.",module,Magento_Backup
"You will lose any data created since the backup was made, including admin users, customers and orders.","Perderai tutti i dati creati da quando è stato effettuato il backup, inclusi gli ordini, clienti e utenti admin.",module,Magento_Backup
"Are you sure you want to continue?","Sei sicuro di voler continuare?",module,Magento_Backup
"This may take a few moments.","Questa operazione potrebbe richiedere un po' di tempo.",module,Magento_Backup
"Be sure your store is in maintenance mode during backup.","Assicurati che il tuo negozio sia in modalità di manutenzione durante il backup.",module,Magento_Backup
"Backup Name","Nome del backup",module,Magento_Backup
"Please use only letters (a-z or A-Z), numbers (0-9) or spaces in this field.","Si prega di utilizzare solo lettere (a-z o A-Z), numeri (0-9) o spazi in questo campo.",module,Magento_Backup
"Maintenance mode","Modalità manutenzione",module,Magento_Backup
"Please put your store into maintenance mode during backup.","Imposta il tuo store in modalità di manutenzione durante il backup.",module,Magento_Backup
Exclude,Escludi,module,Magento_Backup
"Exclude media folder from backup","Escludi la cartella media dal backup",module,Magento_Backup
"Please enter the password to confirm rollback.","Inserisci la password per confermare il ripristino.",module,Magento_Backup
"This action cannot be undone.","Questa azione non può essere annullata.",module,Magento_Backup
"User Password","Password utente",module,Magento_Backup
"Please put your store into maintenance mode during rollback processing.","Imposta il negozio in modalità di manutenzione durante l'elaborazione del rollback.",module,Magento_Backup
"Use FTP Connection","Usa la connessione FTP",module,Magento_Backup
"FTP credentials","Credenziali FTP",module,Magento_Backup
"FTP Host","Host FTP",module,Magento_Backup
"FTP Login","Login FTP",module,Magento_Backup
"FTP Password","Password FTP",module,Magento_Backup
"Magento root directory","Root directory di Magento",module,Magento_Backup
"Create Backup","Crea Backup",module,Magento_Backup
Country,Paese,module,Magento_Braintree
"Allowed Credit Card Types","Tipi di carta di credito validi",module,Magento_Braintree
"Add Rule","Aggiungi regola",module,Magento_Braintree
"Braintree Settlement Report","Report di liquidazione di Braintree",module,Magento_Braintree
"Sorry, but something went wrong","Siamo spiacenti, ma qualcosa è andato storto",module,Magento_Braintree
"We can't initialize checkout.","Non è possibile inizializzare il checkout.",module,Magento_Braintree
"No authorization transaction to proceed capture.","Nessuna autorizzazione per la transazione per procedere all'acquisizione.",module,Magento_Braintree
"Braintree error response.","Risposta di errore di Braintree.",module,Magento_Braintree
"Payment method nonce can't be retrieved.","Il metodo di pagamento non può essere recuperato.",module,Magento_Braintree
"Wrong transaction status","Status di transazione errato",module,Magento_Braintree
Authorize,Autorizza,module,Magento_Braintree
"Authorize and Capture","Autorizza e trattieni",module,Magento_Braintree
"--Please Select--",--Seleziona--,module,Magento_Braintree
"Please agree to all the terms and conditions before placing the order.","Si prega di accettare tutti i termini e le condizioni prima di effettuare l'ordine.",module,Magento_Braintree
"Credit Card Type","Tipo di carta di credito",module,Magento_Braintree
"Credit Card Number","Numero carta di credito",module,Magento_Braintree
"Please, enter valid Credit Card Number","Per favore inserisci un numero di carta di credito valido",module,Magento_Braintree
"Expiration Date","Data di scadenza",module,Magento_Braintree
"Please, enter valid Expiration Date","Per favore inserisci una data di scadenza valida",module,Magento_Braintree
"Card Verification Number","Numero di verifica della carta",module,Magento_Braintree
"Please, enter valid Card Verification Number","Per favore inserire un numero di verifica valido (CVN)",module,Magento_Braintree
ending,"sto terminando",module,Magento_Braintree
expires,scadenza,module,Magento_Braintree
"PayPal Account","Conto PayPal",module,Magento_Braintree
"PayPal Logo","Logo PayPal",module,Magento_Braintree
Actions,Azioni,module,Magento_Braintree
Delete,Elimina,module,Magento_Braintree
"Percent Discount","Percentuale sconto",module,Magento_Bundle
"-- Select --","-- Seleziona --",module,Magento_Bundle
Dynamic,Dinamico,module,Magento_Bundle
Fixed,Fisso,module,Magento_Bundle
"Create New Option","Crea una nuova opzione",module,Magento_Bundle
"Bundle Items","Elementi del Bundle",module,Magento_Bundle
"Add Products to Option","Aggiungi prodotti all'opzione",module,Magento_Bundle
Close,Chiudi,module,Magento_Bundle
"Delete Option","Elimina Opzione",module,Magento_Bundle
"What are you looking for?","Che cosa stai cercando?",module,Magento_Bundle
Product,Prodotto,module,Magento_Bundle
Price,Prezzo,module,Magento_Bundle
Delete,Elimina,module,Magento_Bundle
"Use Default Value","Usa il valore predefinito",module,Magento_Bundle
"There is no defined renderer for ""%1"" option type.","Non c'è nessun renderer definiti per il tipo di opzione ""%1"".",module,Magento_Bundle
"Only implemented for bundle product","Implementato solo per i prodotti bundle",module,Magento_Bundle
"Product with specified sku: ""%1"" is not a bundle product","Prodotto con sku specificato: ""%1"" non è un prodotto bundle",module,Magento_Bundle
"Bundle product could not contain another composite product","Prodotto Bundle non può contenere un altro prodotto composto",module,Magento_Bundle
"Id field of product link is required","Il campo ID del collegamento prodotto è obbligatorio",module,Magento_Bundle
"Can not find product link with id ""%1""","Non riesco a trovare il collegamento del prodotto con id ""%1""",module,Magento_Bundle
"Could not save child: ""%1""","Non è possibile salvare il figlio: ""%1""",module,Magento_Bundle
"Product with specified sku: ""%1"" does not contain option: ""%2""","Prodotto con sku specificato: ""%1"" non contiene l'opzione: ""%2""",module,Magento_Bundle
"Child with specified sku: ""%1"" already assigned to product: ""%2""","L'elemento figlio con lo sku specificato ""%1"" è già stato assegnato al prodotto: ""%2""",module,Magento_Bundle
"Product with specified sku: %1 is not a bundle product","Prodotto con lo sku: %1 non è un prodotto bundle",module,Magento_Bundle
"Requested bundle option product doesn't exist","Opzione prodotto del bundle richiesto non esiste",module,Magento_Bundle
"%fieldName is a required field.","%fieldName è un campo obbligatorio.",module,Magento_Bundle
"Requested option doesn't exist","L'opzione richiesta non esiste",module,Magento_Bundle
"Cannot delete option with id %1","Non è possibile eliminare l'opzione con id %1",module,Magento_Bundle
"Could not save option","Non è possibile salvare l'opzione",module,Magento_Bundle
"Price Range","Fascia di prezzo",module,Magento_Bundle
"As Low as","A partire da",module,Magento_Bundle
Together,Insieme,module,Magento_Bundle
Separately,Separatamente,module,Magento_Bundle
"Please specify product option(s).","Specificare le opzioni del prodotto.",module,Magento_Bundle
"The options you selected are not available.","Le opzioni selezionate non sono disponibili.",module,Magento_Bundle
"The required options you selected are not available.","Le opzioni necessarie che hai selezionato non sono disponibili.",module,Magento_Bundle
"Please select all required options.","Per favore seleziona tutte le opzioni necessarie.",module,Magento_Bundle
"We can't add this item to your shopping cart right now.","Al momento è impossibile aggiungere questo articolo al carrello.",module,Magento_Bundle
N/A,N/D,module,Magento_Bundle
Percent,Percentuale,module,Magento_Bundle
"We can't save custom-defined options for bundles with dynamic pricing.","Impossibile salvare opzioni personalizzate per prodotti bundle con prezzo dinamico.",module,Magento_Bundle
Cancel,Annulla,module,Magento_Bundle
"Add Selected Products","Aggiungi prodotti selezionati",module,Magento_Bundle
"Add Option","Aggiungi opzione",module,Magento_Bundle
"New Option","Nuova Opzione",module,Magento_Bundle
"Option Title","Titolo opzione",module,Magento_Bundle
"Default Title","Titolo predefinito",module,Magento_Bundle
"Store View Title","Titolo vista negozio",module,Magento_Bundle
"Input Type","Tipo di input",module,Magento_Bundle
Drop-down,Dropdown,module,Magento_Bundle
"Multiple Select","Selezione multipla",module,Magento_Bundle
Required,Obbligatorio,module,Magento_Bundle
"Is Default","È predefinito",module,Magento_Bundle
Name,Nome,module,Magento_Bundle
"Default Quantity","Quantità predefinita",module,Magento_Bundle
"User Defined","Definito dall'utente",module,Magento_Bundle
"Price Type","Tipo di prezzo",module,Magento_Bundle
None,Nessuno,module,Magento_Bundle
Quantity:,Quantità:,module,Magento_Bundle
"Choose a selection...","Scegliere una selezione...",module,Magento_Bundle
"Ship Bundle Items","Spedizione prodotti Bundle",module,Magento_Bundle
Position,Posizione,module,Magento_Bundle
"There are no products in this option.","Non sono presenti prodotti in questa opzione.",module,Magento_Bundle
Default,Predefinito,module,Magento_Bundle
Ordered,Ordinato,module,Magento_Bundle
Invoiced,Fatturati,module,Magento_Bundle
Shipped,Spediti,module,Magento_Bundle
Refunded,Rimborsati,module,Magento_Bundle
Canceled,Cancellato,module,Magento_Bundle
"As low as","A partire da",module,Magento_Bundle
"Regular Price","Prezzo normale",module,Magento_Bundle
From,Dal,module,Magento_Bundle
To,Al,module,Magento_Bundle
"Buy %1 with %2 discount each","Acquista %1 con %2 di sconto ciascuno",module,Magento_Bundle
"Go back to product details","Torna alla scheda prodotto",module,Magento_Bundle
"Customize and Add to Cart","Personalizza e Aggiungi al carrello",module,Magento_Bundle
"* Required Fields","* Campi obbligatori",module,Magento_Bundle
"Your Customization","La tua personalizzazione",module,Magento_Bundle
Availability,Disponibilita',module,Magento_Bundle
"In stock",Disponibile,module,Magento_Bundle
"Out of stock","Non Disponibile",module,Magento_Bundle
Summary,Riepilogo,module,Magento_Bundle
Availability:,Disponibilita':,module,Magento_Bundle
Quantity,Quantità,module,Magento_Bundle
"Customize %1","Personalizza %1",module,Magento_Bundle
"No options of this product are available.","Nessuna opzione di questo prodotto è disponibile.",module,Magento_Bundle
"Gift Message","Messaggio regalo",module,Magento_Bundle
From:,Da:,module,Magento_Bundle
To:,A:,module,Magento_Bundle
Message:,Messaggio:,module,Magento_Bundle
"Product Name","Nome prodotto",module,Magento_Bundle
Subtotal,Subtotale,module,Magento_Bundle
"Discount Amount","Sconto quantità",module,Magento_Bundle
"Row Total","Totale riga",module,Magento_Bundle
"Qty Invoiced","Qtà fatturata",module,Magento_Bundle
"Qty Shipped","Qty spediti",module,Magento_Bundle
Always,Sempre,module,Magento_Captcha
"After number of attempts to login","Dopo un numero di tentativi di login",module,Magento_Captcha
"Provided form does not exist","Apposito form non esiste",module,Magento_Captcha
"Incorrect CAPTCHA","CAPTCHA errato",module,Magento_Captcha
"Incorrect CAPTCHA.","CAPTCHA errato.",module,Magento_Captcha
"The account is locked. Please wait and try again or contact %1.","L'account è bloccato. Si prega di attendere e riprovare oppure contattare %1.",module,Magento_Captcha
"Please enter the letters from the image","Inserisci le lettere mostrate nell'immagine",module,Magento_Captcha
"<strong>Attention</strong>: Captcha is case sensitive.","<strong>Attenzione</strong>: il Captcha fa distinzione tra maiuscole e minuscole.",module,Magento_Captcha
"Reload captcha","Ricarica il Captcha",module,Magento_Captcha
"Please type the letters below","Inserisci le lettere qui sotto",module,Magento_Captcha
"Entity type model '%1' is not found","Modello tipo entità '%1' non trovato",module,Magento_CatalogImportExport
"Entity type model must be an instance of \Magento\CatalogImportExport\Model\Export\Product\Type\AbstractType","Il modello tipo entità deve essere un'istanza di \Magento\CatalogImportExport\Model\Export\Product\Type\AbstractType",module,Magento_CatalogImportExport
"There are no product types available for export.","Non ci sono tipi di prodotto disponibili per l'esportazione.",module,Magento_CatalogImportExport
"Category ""%1"" has not been created.","La categoria ""%1"" non è stata creata.",module,Magento_CatalogImportExport
"File directory '%1' is not readable.","Directory '%1' non leggibile.",module,Magento_CatalogImportExport
"File directory '%1' is not writable.","Directory '%1' non scrivibile.",module,Magento_CatalogImportExport
"Value for 'price' sub attribute in 'store' attribute contains incorrect value","Valore per il sotto attributo 'prezzo' nell'attributo 'negozio' contiene valori incorretti",module,Magento_CatalogImportExport
"Value for 'type' sub attribute in 'custom_options' attribute contains incorrect value, acceptable values are: 'dropdown', 'checkbox'","Valore per 'tipo' subattributo nell'attributo 'custom_options' contiene valori non corretti, i valori accettati sono: 'dropdown', 'checkbox'",module,Magento_CatalogImportExport
"Please enter a value for title.","Si prega di inserire un valore per il titolo.",module,Magento_CatalogImportExport
"Value for 'price' sub attribute in 'custom_options' attribute contains incorrect value","Valore per 'prezzo' subattributo nell'attributo 'custom_options' contiene valori non corretti",module,Magento_CatalogImportExport
"Value for 'maximum characters' sub attribute in 'custom_options' attribute contains incorrect value","Valore per 'caratteri massimi' subattributo nell'attributo 'custom_options' contiene valori non corretti",module,Magento_CatalogImportExport
"Value for 'sort order' sub attribute in 'custom_options' attribute contains incorrect value","Valore per 'ordinamento' subattributo nell'attributo 'custom_options' contiene valori non corretti",module,Magento_CatalogImportExport
"Value for 'value price' sub attribute in 'custom_options' attribute contains incorrect value","Valore per 'valore prezzo' subattributo nell'attributo 'custom_options' contiene valori non corretti",module,Magento_CatalogImportExport
"This name is already being used for custom option. Please enter a different name.","Questo nome è già utilizzato per l'opzione personalizzata. Inserire un nome diverso.",module,Magento_CatalogImportExport
"Custom options have different types.","Le opzioni personalizzate hanno tipi diversi.",module,Magento_CatalogImportExport
"Every option entity must have a parent product entity.","Ogni opzione entità deve avere un entità prodotto parente.",module,Magento_CatalogImportExport
"Please correct the parameters.","Correggi i parametri.",module,Magento_CatalogImportExport
"File '%1' was not found or has read restriction.","Il file '%1' non è stato trovato o ha restrizioni in lettura.",module,Magento_CatalogImportExport
"ALL GROUPS","TUTTI I GRUPPI",module,Magento_CatalogInventory
"Customer Group","Gruppo clienti",module,Magento_CatalogInventory
"Minimum Qty","Qtà minima",module,Magento_CatalogInventory
"Add Minimum Qty","Aggiungi qtà minima",module,Magento_CatalogInventory
"We can't rebuild the index for an undefined product.","Impossibile ricostruire l'indice per un prodotto indefinito.",module,Magento_CatalogInventory
"Could not rebuild index for empty products array","Non è possibile ricostruire l'indice per array prodotti vuoto",module,Magento_CatalogInventory
"Invalid stock id: %1. Only default stock with id %2 allowed","Id di magazzino non valido: %1. Solo il magazzino di default con id %2 è consentito",module,Magento_CatalogInventory
"Invalid stock item id: %1. Should be null or numeric value greater than 0","Id articolo di magazzino non valido: %1. Ammessi valori maggiori di zero o nessun valore (null)",module,Magento_CatalogInventory
"Invalid stock item id: %1. Assigned stock item id is %2","Id articolo di magazzino non valido: %1. L'id assegnato è: %2",module,Magento_CatalogInventory
"The stock item for Product is not valid.","L'elemento inventario per il prodotto non è valido.",module,Magento_CatalogInventory
"This product is out of stock.","Questo prodotto non è disponibile.",module,Magento_CatalogInventory
"Some of the products are out of stock.","Alcuni prodotti non sono disponibili.",module,Magento_CatalogInventory
"The stock item for Product in option is not valid.","L'elemento inventario dell'opzione prodotto non è valido.",module,Magento_CatalogInventory
"Undefined product type","Tipo di prodotto non definito",module,Magento_CatalogInventory
"%1 is not a correct comparison method.","%1 non è un metodo di confronto corretto.",module,Magento_CatalogInventory
"Allow Qty Below 0","Consenti qtà inferiori a 0",module,Magento_CatalogInventory
"Allow Qty Below 0 and Notify Customer","Consenti qtà inferiori a 0 e notifica al cliente",module,Magento_CatalogInventory
"In Stock",Disponibile,module,Magento_CatalogInventory
"Out of Stock","Non Disponibile",module,Magento_CatalogInventory
"Unable to save Stock Item","Impossibile salvare l'elemento in Stock",module,Magento_CatalogInventory
"Stock Item with id ""%1"" does not exist.","L'articolo con id ""%1"" non esiste.",module,Magento_CatalogInventory
"Unable to remove Stock Item with id ""%1""","Impossibile rimuovere l'elemento di stock con id ""%1""",module,Magento_CatalogInventory
"Unable to save Stock","Impossibile salvare lo Stock",module,Magento_CatalogInventory
"Stock with id ""%1"" does not exist.","Scorta con id ""%1"" non esiste.",module,Magento_CatalogInventory
"Unable to remove Stock with id ""%1""","Impossibile rimuovere lo Stock con id ""%1""",module,Magento_CatalogInventory
"Unable to save Stock Status","Impossibile salvare lo stato di Stock",module,Magento_CatalogInventory
"Unable to remove Stock Status for product %1","Impossibile rimuovere lo stato di Stock relativo al prodotto %1",module,Magento_CatalogInventory
"Not all of your products are available in the requested quantity.","Non tutti i prodotti sono disponibili nella quantità richiesta.",module,Magento_CatalogInventory
"Product with SKU ""%1"" does not exist","Il prodotto con SKU ""%1"" non esiste",module,Magento_CatalogInventory
"The fewest you may purchase is %1.","Il minor numero acquistabile è %1.",module,Magento_CatalogInventory
"Please correct the quantity for some products.","Correggere la quantità di alcuni prodotti.",module,Magento_CatalogInventory
"The most you may purchase is %1.","La quantità massima acquistabile è %1.",module,Magento_CatalogInventory
"We don't have as many ""%1"" as you requested.","Non disponiamo di tanti ""%1"" come da richiesta.",module,Magento_CatalogInventory
"We don't have as many ""%1"" as you requested, but we'll back order the remaining %2.","Non disponiamo di tanti ""%1"" come da richiesta, ordineremo i restanti %2.",module,Magento_CatalogInventory
"We don't have ""%1"" in the requested quantity, so we'll back order the remaining %2.","""%1"" non è disponibile nella quantità richiesta, quindi ordineremo i restanti %2.",module,Magento_CatalogInventory
"You can buy %1 only in quantities of %2 at a time.","È possibile acquistare %1 solo in quantità di %2 per volta.",module,Magento_CatalogInventory
"You can buy this product only in quantities of %1 at a time.","È possibile acquistare questo prodotto solo in quantità di %1 per volta.",module,Magento_CatalogInventory
"Decimal qty increments is not allowed.","Gli incrementi decimali di qtà non sono consentiti.",module,Magento_CatalogInventory
"Stock Status","Status inventario",module,Magento_CatalogInventory
Quantity,Quantità,module,Magento_CatalogInventory
"Advanced Inventory","Inventario Avanzato",module,Magento_CatalogInventory
"%1 is available to buy in increments of %2","%1 è disponibile per l'acquisto in incrementi di %2",module,Magento_CatalogInventory
"Only %1 left","Solo %1 rimasto/i",module,Magento_CatalogInventory
"Product availability","Disponibilità prodotto",module,Magento_CatalogInventory
"Product Name","Nome prodotto",module,Magento_CatalogInventory
Qty,Qtà,module,Magento_CatalogInventory
"Delete Rule","Elimina regola",module,Magento_CatalogRule
"Are you sure you want to do this?","Sei sicuro di che voler fare questo?",module,Magento_CatalogRule
"Save and Apply","Salva e applica",module,Magento_CatalogRule
"Save and Continue Edit","Salva e continua modifica",module,Magento_CatalogRule
Save,Salva,module,Magento_CatalogRule
"Catalog Price Rule","Regola di prezzo del catalogo",module,Magento_CatalogRule
"Add New Rule","Aggiungi nuova regola",module,Magento_CatalogRule
"Apply Rules","Applica regole",module,Magento_CatalogRule
Conditions,Condizioni,module,Magento_CatalogRule
"Conditions (don't add conditions if rule is applied to all products)","Condizioni (non aggiungere condizioni se la regola viene applicata a tutti i prodotti)",module,Magento_CatalogRule
Type,Tipo,module,Magento_CatalogRule
"Attribute Set","Set di attributi",module,Magento_CatalogRule
Product,Prodotto,module,Magento_CatalogRule
Promotions,Promozioni,module,Magento_CatalogRule
"We found updated rules that are not applied. Please click ""Apply Rules"" to update your catalog.","Trovate delle regole aggiornate che non sono state applicate. Cliccare su ""Applica regole"" per aggiornare il catalogo.",module,Magento_CatalogRule
"We can't apply the rules.","Impossibile applicare le regole.",module,Magento_CatalogRule
"You deleted the rule.","Hai eliminato la regola.",module,Magento_CatalogRule
"We can't delete this rule right now. Please review the log and try again.","Al momento non è possibile eliminare questa regola. Consultare i log e riprovare.",module,Magento_CatalogRule
"We can't find a rule to delete.","Impossibile trovare la regola da eliminare.",module,Magento_CatalogRule
"This rule no longer exists.","Questa regola non esiste più.",module,Magento_CatalogRule
"New Catalog Price Rule","Nuova regola di prezzo del catalogo",module,Magento_CatalogRule
"Edit Rule","Modifica regola",module,Magento_CatalogRule
"New Rule","Nuova regola",module,Magento_CatalogRule
Catalog,Catalogo,module,Magento_CatalogRule
"You saved the rule.","La regola è stata salvata.",module,Magento_CatalogRule
"Something went wrong while saving the rule data. Please review the error log.","Qualcosa è andato storto durante il salvataggio dei dati della regola. Consulta il log degli errori.",module,Magento_CatalogRule
"Unable to save rule %1","Impossibile salvare la regola %1",module,Magento_CatalogRule
"Rule with specified ID ""%1"" not found.","Regola con ID specificato ""%1"" non trovato.",module,Magento_CatalogRule
"Unable to remove rule %1","Impossibile rimuovere la regola %1",module,Magento_CatalogRule
"Could not rebuild index for empty products array","Non è possibile ricostruire l'indice per array prodotti vuoto",module,Magento_CatalogRule
"We can't rebuild the index for an undefined product.","Impossibile ricostruire l'indice per un prodotto indefinito.",module,Magento_CatalogRule
"Catalog rule indexing failed. See details in exception log.","Il reindex delle regole di catalogo non è andato a buon fine. Per maggiori dettagli controlla nell'exeption log.",module,Magento_CatalogRule
"Percentage discount should be between 0 and 100.","La percentuale di sconto deve essere compresa tra 0 e 100.",module,Magento_CatalogRule
"Discount value should be 0 or greater.","Il valore di sconto deve essere maggiore o uguale a 0.",module,Magento_CatalogRule
"Unknown action.","Azione sconosciuta.",module,Magento_CatalogRule
"Update the Product","Aggiornamento del prodotto",module,Magento_CatalogRule
"Rule price","Regola prezzo",module,Magento_CatalogRule
"To Fixed Value","A valore fisso",module,Magento_CatalogRule
"To Percentage","In percentuale",module,Magento_CatalogRule
"By Fixed value","Di un valore fisso",module,Magento_CatalogRule
"By Percentage","In percentuale",module,Magento_CatalogRule
"Update product's %1 %2: %3","Aggiornamento %1 %2 del prodotto: %3",module,Magento_CatalogRule
"Apply as percentage of original","Applica come percentuale dell'originale",module,Magento_CatalogRule
"Apply as fixed amount","Applica come importo fisso",module,Magento_CatalogRule
"Adjust final price to this percentage","Regola il prezzo finale a questa percentuale",module,Magento_CatalogRule
"Adjust final price to discount value","Regola il prezzo finale al valore di sconto",module,Magento_CatalogRule
"Conditions Combination","Combinazione di condizioni",module,Magento_CatalogRule
"Product Attribute","Attributo Prodotto",module,Magento_CatalogRule
"Updated rules applied.","Regole aggiornate applicate.",module,Magento_CatalogRule
"You disabled %1 Catalog Price Rules based on ""%2"" attribute.","Hai disabilitato %1 regole di prezzo del catalogo basate sull'attributo ""%2"".",module,Magento_CatalogRule
"Go to Home Page","Vai alla Home Page",module,Magento_CatalogSearch
"Catalog Advanced Search","Ricerca avanzata del catalogo",module,Magento_CatalogSearch
All,Tutti,module,Magento_CatalogSearch
Yes,Sì,module,Magento_CatalogSearch
Results,Risultati,module,Magento_CatalogSearch
Grid,Griglia,module,Magento_CatalogSearch
List,Lista,module,Magento_CatalogSearch
"Search Weight","Peso di ricerca",module,Magento_CatalogSearch
Relevance,Rilevanza,module,Magento_CatalogSearch
"Search results for: '%1'","Risultati di ricerca per: '%1'",module,Magento_CatalogSearch
"Minimum Search query length is %1","La lunghezza minima della query di ricerca è %1",module,Magento_CatalogSearch
"Please specify at least one search term.","Specificare almeno un termine di ricerca.",module,Magento_CatalogSearch
"%1 and greater","%1 e maggiore",module,Magento_CatalogSearch
"up to %1","fino a %1",module,Magento_CatalogSearch
Category,Categoria,module,Magento_CatalogSearch
"%1 and above","%1 e sopra",module,Magento_CatalogSearch
"Sorry, something went wrong. You can find out more in the error log.","Siamo spiacenti, qualcosa non ha funzionato. Troverete maggiori informazioni nel log degli errori.",module,Magento_CatalogSearch
"Bucket does not exist","Bucket non esiste",module,Magento_CatalogSearch
Product,Prodotto,module,Magento_CatalogSearch
"Search Settings","Impostazioni di ricerca",module,Magento_CatalogSearch
Search,Cerca,module,Magento_CatalogSearch
"Advanced Search","Ricerca avanzata",module,Magento_CatalogSearch
"<strong>%1 item</strong> were found using the following search criteria","<strong>l'articolo %1</strong> è stato trovato usando i seguenti criteri di ricerca",module,Magento_CatalogSearch
"<strong>%1 items</strong> were found using the following search criteria","<strong>gli articoli %1</strong> sono stati trovati usando i seguenti criteri di ricerca",module,Magento_CatalogSearch
"We can't find any items matching these search criteria.","Impossibile trovare articoli corrispondenti ai criteri di ricerca.",module,Magento_CatalogSearch
"Modify your search.","Modifica la ricerca.",module,Magento_CatalogSearch
name,nome,module,Magento_CatalogSearch
"Don't see what you're looking for?","Non trovi quello che stai cercando?",module,Magento_CatalogSearch
"Your search returned no results.","La ricerca non ha prodotto risultati.",module,Magento_CatalogSearch
"Create Permanent Redirect for old URL","Crea un Redirect permanente per il vecchio URL",module,Magento_CatalogUrlRewrite
"Conditions Combination","Combinazione di condizioni",module,Magento_CatalogWidget
"Product Attribute","Attributo Prodotto",module,Magento_CatalogWidget
"Please choose a condition to add.","Si prega di scegliere una condizione da aggiungere.",module,Magento_CatalogWidget
"Add to Cart","Aggiungi al Carrello",module,Magento_CatalogWidget
"In stock",Disponibile,module,Magento_CatalogWidget
"Out of stock","Non Disponibile",module,Magento_CatalogWidget
"Add to Wish List","Aggiungi alla lista desideri",module,Magento_CatalogWidget
"Add to Compare","Aggiungi al confronto",module,Magento_CatalogWidget
Delete,Elimina,module,Magento_Catalog
Save,Salva,module,Magento_Catalog
"Use Config Settings","Usa Impostazioni di configurazione",module,Magento_Catalog
"Use All Available Attributes","Usa tutti gli attributi disponibili",module,Magento_Catalog
Name,Nome,module,Magento_Catalog
Price,Prezzo,module,Magento_Catalog
Position,Posizione,module,Magento_Catalog
"Add Subcategory","Aggiungi Sottocategoria",module,Magento_Catalog
"Add Root Category","Aggiungi categoria di Root",module,Magento_Catalog
Day,Giorno,module,Magento_Catalog
Month,Mese,module,Magento_Catalog
Year,Anno,module,Magento_Catalog
"<label class=""label""><span>from</span></label>","<label class=""label""><span>da</span></label>",module,Magento_Catalog
"<label class=""label""><span>to</span></label>","<label class=""label""><span>a</span></label>",module,Magento_Catalog
[GLOBAL],[GLOBALE],module,Magento_Catalog
"[STORE VIEW]","[VISTA NEGOZIO]",module,Magento_Catalog
"WYSIWYG Editor","Editor WYSIWYG",module,Magento_Catalog
"Add Product","Aggiungi prodotto",module,Magento_Catalog
label,etichetta,module,Magento_Catalog
"Product Attributes","Attributi prodotto",module,Magento_Catalog
"Add New Attribute","Aggiungi un nuovo attributo",module,Magento_Catalog
Cancel,Annulla,module,Magento_Catalog
"Save Attribute","Salva Attributo",module,Magento_Catalog
"Save in New Attribute Set","Salva nel nuovo Gruppo di attributi",module,Magento_Catalog
"Enter Name for New Attribute Set","Inserisci il nome del nuovo Gruppo di attributi",module,Magento_Catalog
"Save and Continue Edit","Salva e continua modifica",module,Magento_Catalog
"Delete Attribute","Elimina l'attributo",module,Magento_Catalog
"Edit Product Attribute ""%1""","Modifica l'attributo prodotto ""%1""",module,Magento_Catalog
"New Product Attribute","Nuovo Attributo prodotto",module,Magento_Catalog
"Advanced Attribute Properties","Proprietà attributo avanzate",module,Magento_Catalog
"Attribute Code","Codice Attributo",module,Magento_Catalog
"This is used internally. Make sure you don't use spaces or more than %1 symbols.","Utilizzato internamente. Assicurarsi di non utilizzare spazi o più di %1 simboli.",module,Magento_Catalog
"Default Value","Valore predefinito",module,Magento_Catalog
"Unique Value","Valore unico",module,Magento_Catalog
"Unique Value (not shared with other products)","Valore univoco (non condiviso con altri prodotti)",module,Magento_Catalog
"Not shared with other products.","Non condiviso con altri prodotti.",module,Magento_Catalog
"Input Validation for Store Owner","Convalida dell'input per proprietario del negozio",module,Magento_Catalog
"Add to Column Options","Aggiungi alle Opzioni di Colonna",module,Magento_Catalog
"Select ""Yes"" to add this attribute to the list of column options in the product grid.","Selezionare ""Sì"" per aggiungere questo attributo alla lista delle opzioni di colonna nella griglia prodotto.",module,Magento_Catalog
"Use in Filter Options","Usa nelle opzioni del filtro",module,Magento_Catalog
"Select ""Yes"" to add this attribute to the list of filter options in the product grid.","Seleziona ""Sì"" per aggiungere questo attributo all'elenco di opzioni filtro nella griglia prodotti.",module,Magento_Catalog
"Store View","Vista Negozio",module,Magento_Catalog
Global,Globale,module,Magento_Catalog
Scope,"Ambito di applicazione",module,Magento_Catalog
"Declare attribute value saving scope.","Dichiara l'ambito di salvataggio del valore dell'attributo.",module,Magento_Catalog
"Storefront Properties","Proprietà Frontend negozio",module,Magento_Catalog
"Use in Search","Usa nella ricerca",module,Magento_Catalog
"Visible in Advanced Search","Visibile nella ricerca avanzata",module,Magento_Catalog
"Comparable on Storefront","Comparabili nel Negozio",module,Magento_Catalog
"Use for Promo Rule Conditions","Usa per le condizioni delle regole promozionali",module,Magento_Catalog
"Enable WYSIWYG","Abilita WYSIWYG",module,Magento_Catalog
"Allow HTML Tags on Storefront","Permetti Tag HTML nel frontend",module,Magento_Catalog
"Visible on Catalog Pages on Storefront","Visibile sulle pagine di catalogo nel frontend",module,Magento_Catalog
"Used in Product Listing","Usato per la lista prodotti",module,Magento_Catalog
"Depends on design theme.","Dipende dal tema di design.",module,Magento_Catalog
"Used for Sorting in Product Listing","Utilizzato per l'ordinamento nella lista prodotti",module,Magento_Catalog
"Media Image","Immagine media",module,Magento_Catalog
Gallery,Galleria,module,Magento_Catalog
"System Properties","Proprietà di sistema",module,Magento_Catalog
Yes,Sì,module,Magento_Catalog
"Data Type for Saving in Database","Tipo di dati per il salvataggio nel Database",module,Magento_Catalog
Text,Testo,module,Magento_Catalog
Static,Statico,module,Magento_Catalog
Datetime,DateTime,module,Magento_Catalog
Decimal,Decimale,module,Magento_Catalog
Integer,"Numero intero",module,Magento_Catalog
"Globally Editable","Modificabile Globalmente",module,Magento_Catalog
"Attribute Information","Informazione Attributo",module,Magento_Catalog
Properties,Proprietà,module,Magento_Catalog
"Manage Labels","Gestisci Etichette",module,Magento_Catalog
Visible,Visibile,module,Magento_Catalog
"Web Site",Website,module,Magento_Catalog
Searchable,Ricercabile,module,Magento_Catalog
Comparable,Confrontabile,module,Magento_Catalog
"Delete Selected Group","Elimina Gruppo Selezionato",module,Magento_Catalog
"Add New","Aggiungi Nuovo",module,Magento_Catalog
Back,Indietro,module,Magento_Catalog
"You are about to delete all products in this attribute set. Are you sure you want to do that?","Stai per eliminare tutti i prodotti in questo Gruppo di attributi. Sei sicuro procedere?",module,Magento_Catalog
"New Set Name","Nome Nuovo Set",module,Magento_Catalog
"Edit Attribute Set '%1'","Modifica il Gruppo di attributi '%1'",module,Magento_Catalog
Empty,Vuoto,module,Magento_Catalog
"Add Attribute","Aggiungi attributo",module,Magento_Catalog
"Add New Group","Aggiungi nuovo gruppo",module,Magento_Catalog
"Add Group","Aggiungi gruppo",module,Magento_Catalog
"Edit Attribute Set Name","Modifica il nome del Gruppo di attributi",module,Magento_Catalog
"For internal use","Per uso interno",module,Magento_Catalog
"Based On","Basato su",module,Magento_Catalog
"Add New Attribute Set","Aggiungi nuovo Gruppo di attributi",module,Magento_Catalog
"Add Attribute Set","Aggiungi Gruppo di attributi",module,Magento_Catalog
"Attribute Sets","Gruppo di attributi",module,Magento_Catalog
"Close Window","Chiudi finestra",module,Magento_Catalog
"New Product","Nuovo prodotto",module,Magento_Catalog
"Save & Edit","Salva e modifica",module,Magento_Catalog
"Save & New","Salva e Nuovo",module,Magento_Catalog
"Save & Duplicate","Salva e Duplica",module,Magento_Catalog
"Save & Close","Salva e Chiudi",module,Magento_Catalog
Attributes,Attributi,module,Magento_Catalog
Change,Modifica,module,Magento_Catalog
"Advanced Inventory","Inventario Avanzato",module,Magento_Catalog
Websites,Website,module,Magento_Catalog
"Products Information","Informazioni prodotti",module,Magento_Catalog
"Create Category","Crea Categoria",module,Magento_Catalog
"Category Name","Nome categoria",module,Magento_Catalog
"Parent Category","Categoria genitore",module,Magento_Catalog
"If there are no custom parent categories, please use the default parent category. You can reassign the category at any time in <a href=""%1"" target=""_blank"">Products > Categories</a>.","Se non esistono categorie padre personalizzate, utilizza la categoria padre predefinita. È possibile riassegnare la categoria in qualsiasi momento in <a href=""%1"" target=""_blank""> Prodotti > Categorie</a>.",module,Magento_Catalog
"Price Alert Subscriptions","Sottoscrizioni di avvisi dei prezzi",module,Magento_Catalog
"Stock Alert Subscriptions","Sottoscrizioni di avvisi delle scorte",module,Magento_Catalog
"There are no customers for this alert.","Non ci sono clienti per questo avviso.",module,Magento_Catalog
"First Name",Nome,module,Magento_Catalog
"Last Name",Cognome,module,Magento_Catalog
"Subscribe Date","Data di iscrizione",module,Magento_Catalog
"Last Notified","Notificato ultima volta",module,Magento_Catalog
"Send Count","Invia totale",module,Magento_Catalog
"New Attribute","Nuovo attributo",module,Magento_Catalog
Type,Tipo,module,Magento_Catalog
"Attribute Set","Set di attributi",module,Magento_Catalog
Visibility,Visibilità,module,Magento_Catalog
"Add New Option","Aggiungi nuova opzione",module,Magento_Catalog
"Import Options","Opzioni di importazione",module,Magento_Catalog
"Use Default","Usa predefinito",module,Magento_Catalog
Import,Importa,module,Magento_Catalog
"Add New Row","Aggiungi nuova riga",module,Magento_Catalog
"Delete Row","Elimina riga",module,Magento_Catalog
"Tier Pricing","Fascia di prezzo",module,Magento_Catalog
"Default Price","Prezzo predefinito",module,Magento_Catalog
"All Websites","Tutti i Website",module,Magento_Catalog
"ALL GROUPS","TUTTI I GRUPPI",module,Magento_Catalog
"Add Price","Aggiungi prezzo",module,Magento_Catalog
"Default Values","Valori predefiniti",module,Magento_Catalog
"Related Products","Prodotti correlati",module,Magento_Catalog
Up-sells,"Prodotti alternativi",module,Magento_Catalog
Cross-sells,"Prodotti consigliati",module,Magento_Catalog
"Size for %1","Dimensione per %1",module,Magento_Catalog
"Watermark File for %1","File di filigrana per %1",module,Magento_Catalog
"Position of Watermark for %1","Posizione della filigrana per %1",module,Magento_Catalog
"Name in %1","Nome in %1",module,Magento_Catalog
Quantity,Quantità,module,Magento_Catalog
Edit,Modifica,module,Magento_Catalog
"Are you sure?","Sei sicuro?",module,Magento_Catalog
"Change Status","Modifica stato",module,Magento_Catalog
"Update Attributes","Aggiorna gli attributi",module,Magento_Catalog
"start typing to search category","inizia a digitare per cercare la categoria",module,Magento_Catalog
"New Category","Nuova Categoria",module,Magento_Catalog
"Images (.gif, .jpg, .png)","Immagini (. gif,. jpg,. png)",module,Magento_Catalog
"Add New Images","Aggiungi nuove immagini",module,Magento_Catalog
"Inc. Tax","Tasse incluse",module,Magento_Catalog
"Does this have a weight?","Questo ha un peso?",module,Magento_Catalog
Product,Prodotto,module,Magento_Catalog
"Notify Low Stock RSS","Notifica RSS per scarsa disponibilità",module,Magento_Catalog
"Low Stock Products","Prodotti con scarsa disponibilità",module,Magento_Catalog
"%1 has reached a quantity of %2.","%1 ha raggiunto una quantità di %2.",module,Magento_Catalog
"Go to Home Page","Vai alla Home Page",module,Magento_Catalog
"Subscribe to RSS Feed","Iscriviti al Feed RSS",module,Magento_Catalog
"Products Comparison List","Lista di confronto prodotti",module,Magento_Catalog
N/A,N/D,module,Magento_Catalog
"-- Please Select --","-- Seleziona --",module,Magento_Catalog
None,Nessuno,module,Magento_Catalog
"New Products from %1","Nuovi prodotti da %1",module,Magento_Catalog
"New Products","Nuovi prodotti",module,Magento_Catalog
"%1 - Special Products","%1 - prodotti a prezzo speciale",module,Magento_Catalog
"Click for price","Clicca per il prezzo",module,Magento_Catalog
"Special Expires On: %1","Il prezzo speciale termina il: %1",module,Magento_Catalog
"Price: %1","Prezzo: %1",module,Magento_Catalog
"Special Price: %1","Prezzo speciale: %1",module,Magento_Catalog
"Special Products","Prodotti a prezzo speciale",module,Magento_Catalog
"Manage Catalog Categories","Gestisci le categorie del catalogo",module,Magento_Catalog
"Manage Categories","Gestisci le Categorie",module,Magento_Catalog
"You deleted the category.","Hai eliminato la categoria.",module,Magento_Catalog
"Something went wrong while trying to delete the category.","Qualcosa è andato storto nel tentativo di cancellare la categoria.",module,Magento_Catalog
Categories,Categorie,module,Magento_Catalog
"Category is not available for requested store.","Categoria non disponibile per il negozio richiesto.",module,Magento_Catalog
"There was a category move error. %1","C'è stato un errore durante lo spostamento di una categoria. %1",module,Magento_Catalog
"There was a category move error.","C'è stato un errore durante lo spostamento della categoria.",module,Magento_Catalog
"Attribute ""%1"" is required.","L'attributo ""%1"" è obbligatorio.",module,Magento_Catalog
"You saved the category.","Hai salvato la categoria.",module,Magento_Catalog
"Something went wrong while saving the category.","Qualcosa è andato storto durante il salvataggio della categoria.",module,Magento_Catalog
"Please select products for attributes update.","Seleziona i prodotti per l'aggiornamento degli attributi.",module,Magento_Catalog
"Please make sure to define SKU values for all processed products.","Si prega di assicurarsi di definire valori SKU per tutti i prodotti processati.",module,Magento_Catalog
"A total of %1 record(s) were updated.","Un totale di %1 record sono stati aggiornati.",module,Magento_Catalog
"Something went wrong while updating the product(s) attributes.","Qualcosa è andato storto durante l'aggiornamento degli attributi prodotto.",module,Magento_Catalog
"Unable to add attribute","Impossibile aggiungere l'attributo",module,Magento_Catalog
"Please, specify attributes","Si prega di specificare gli attributi",module,Magento_Catalog
Catalog,Catalogo,module,Magento_Catalog
"Manage Product Attributes","Gestisci gli attributi prodotto",module,Magento_Catalog
"We can't delete the attribute.","Impossibile eliminare l'attributo.",module,Magento_Catalog
"You deleted the product attribute.","Hai eliminato l'attributo prodotto.",module,Magento_Catalog
"We can't find an attribute to delete.","Impossibile trovare un attributo da eliminare.",module,Magento_Catalog
"This attribute no longer exists.","Questo attributo non esiste più.",module,Magento_Catalog
"This attribute cannot be edited.","Questo attributo non può essere modificato.",module,Magento_Catalog
"Edit Product Attribute","Modifica l'attributo del prodotto",module,Magento_Catalog
"An attribute set named '%1' already exists.","Un set di attributi denominato '%1' esiste già.",module,Magento_Catalog
"Something went wrong while saving the attribute.","Qualcosa è andato storto durante il salvataggio dell'attributo.",module,Magento_Catalog
"Attribute code ""%1"" is invalid. Please use only letters (a-z), numbers (0-9) or underscore(_) in this field, first character should be a letter.","Il codice attributo ""%1"" non è valido. Si prega di utilizzare per questo campo, solo lettere (a-z), numeri (0-9) o sottolineato (_). Il primo carattere deve essere una lettera.",module,Magento_Catalog
"We can't update the attribute.","Non è possibile aggiornare l'attributo.",module,Magento_Catalog
"You saved the product attribute.","Hai salvato l'attributo del prodotto.",module,Magento_Catalog
"An attribute with this code already exists.","Esiste già un attributo con questo codice.",module,Magento_Catalog
"An attribute with the same code (%1) already exists.","Esiste già un attributo con lo stesso codice (%1).",module,Magento_Catalog
"The value of Admin must be unique.","Il valore di Admin deve essere univoco.",module,Magento_Catalog
"You duplicated the product.","Hai duplicato il prodotto.",module,Magento_Catalog
"This product doesn't exist.","Questo prodotto non esiste.",module,Magento_Catalog
"Invalid product id. Should be numeric value greater than 0","Id prodotto non valido. Dovrebbe essere un valore numerico maggiore di 0",module,Magento_Catalog
Products,Prodotti,module,Magento_Catalog
"A group with the same name already exists.","Un gruppo con lo stesso nome esiste già.",module,Magento_Catalog
"Something went wrong while saving this group.","Qualcosa è andato storto durante il salvataggio di questo gruppo.",module,Magento_Catalog
"A total of %1 record(s) have been deleted.","Un totale di %1 record sono stati eliminati.",module,Magento_Catalog
"A total of %1 record(s) have been updated.","Un totale di %1 record sono stati aggiornati.",module,Magento_Catalog
"Something went wrong while updating the product(s) status.","Qualcosa è andato storto durante l'aggiornamento lo status di prodotto.",module,Magento_Catalog
"Unable to save product","Impossibile salvare il prodotto",module,Magento_Catalog
"You saved the product.","Hai salvato il prodotto.",module,Magento_Catalog
"SKU for product %1 has been changed to %2.","Lo SKU per il prodotto %1 è stato cambiato in %2.",module,Magento_Catalog
"The image cannot be removed as it has been assigned to the other image role","L'immagine non può essere rimossa in quanto è stata assegnata all'altro ruolo di immagine",module,Magento_Catalog
"New Attribute Set","Nuovo Gruppo di attributi",module,Magento_Catalog
"The attribute set has been removed.","Il Gruppo di attributi è stato rimosso.",module,Magento_Catalog
"We can't delete this set right now.","Non è possibile eliminare questo set in questo momento.",module,Magento_Catalog
"New Set","Nuovo Set",module,Magento_Catalog
"Manage Product Sets","Gestisci i Set Prodotto",module,Magento_Catalog
"Manage Attribute Sets","Gestione dei Gruppi di attributi",module,Magento_Catalog
"This attribute set no longer exists.","Questo Gruppo di attributi non esiste più.",module,Magento_Catalog
"You saved the attribute set.","Hai salvato il Gruppo di attributi.",module,Magento_Catalog
"Something went wrong while saving the attribute set.","Qualcosa è andato storto durante il salvataggio del Gruppo di attributi.",module,Magento_Catalog
"You added product %1 to the comparison list.","Hai aggiunto il prodotto %1 alla lista per il confronto.",module,Magento_Catalog
"You cleared the comparison list.","Hai svuotato la lista per il confronto.",module,Magento_Catalog
"Something went wrong  clearing the comparison list.","Qualcosa è andata storta durante la cancellazione della lista per il confronto.",module,Magento_Catalog
"You removed product %1 from the comparison list.","Hai rimosso il prodotto %1 dalla lista per il confronto.",module,Magento_Catalog
"1 item","1 elemento",module,Magento_Catalog
"%1 items","%1 elementi",module,Magento_Catalog
"Invalid attribute %1","Attributo non valido %1",module,Magento_Catalog
Grid,Griglia,module,Magento_Catalog
List,Lista,module,Magento_Catalog
All,Tutti,module,Magento_Catalog
"Bad controller interface for showing product","Interfaccia controllo scadente per mostrare il prodotto",module,Magento_Catalog
"Product is not loaded","Il prodotto non è stato caricato",module,Magento_Catalog
"Make sure the To Date is later than or the same as the From Date.","Assicurarsi che il valore del campo Alla data sia maggiore o uguale al valore del campo Dalla data.",module,Magento_Catalog
"Sorry, but we can't find the new parent category you selected.","Purtroppo non è possibile trovare la nuova categoria padre che hai selezionato.",module,Magento_Catalog
"Sorry, but we can't find the new category you selected.","Purtroppo non è possibile trovare la nuova categoria che hai selezionato.",module,Magento_Catalog
"We can't move the category because the parent category name matches the child category name.","Non è possibile spostare la categoria perchè il nome della categoria padre è uguale al nome della categoria figlia.",module,Magento_Catalog
"Something went wrong while getting the image url.","Qualcosa non ha funzinato mentre reperivo l'url dell'immagine.",module,Magento_Catalog
"Can't delete root category.","Impossibile cancellare la categoria root.",module,Magento_Catalog
"The value of attribute ""%1"" must be unique.","Il valore dell'attributo ""%1"" deve essere unico.",module,Magento_Catalog
"Default Product Listing Sort by does not exist in Available Product Listing Sort By.","L'Ordinamento dell'Elenco Prodotti di Default non esiste tra gli Ordinamenti degli Elenchi Prodotti Disponibili.",module,Magento_Catalog
"No layout updates","Nessun aggiornamento del layout",module,Magento_Catalog
"Products only","Solo prodotti",module,Magento_Catalog
"Static block only","Solo blocco statico",module,Magento_Catalog
"Static block and products","Prodotti e blocco statico",module,Magento_Catalog
"Please select a static block.","Seleziona un blocco statico.",module,Magento_Catalog
"Could not save product ""%1"" with position %2 to category %3","Impossibile salvare il prodotto ""%1"" con posizione %2 nella categoria %3",module,Magento_Catalog
"Category does not contain specified product","La categoria non contiene il prodotto specificato",module,Magento_Catalog
"Could not save product ""%product"" with position %position to category %category","Non è possibile salvare il prodotto ""%product"" con posizione %position per la categoria %category",module,Magento_Catalog
"Operation do not allow to move a parent category to any of children category","L'operazione non permette di muovere una categoria padre in nessuna della categorie figlie",module,Magento_Catalog
"Could not move category","Impossibile spostare la categoria",module,Magento_Catalog
"Could not save category: %1","Impossibile salvare la categoria: %1",module,Magento_Catalog
"Cannot delete category with id %1","Impossibile cancellare la categoria con id %1",module,Magento_Catalog
"-- Please Select a Category --","-- Seleziona una categoria--",module,Magento_Catalog
"Grid Only","Solo griglia",module,Magento_Catalog
"List Only","Solo elenco",module,Magento_Catalog
"Grid (default) / List","Griglia (impostazione predefinita) / elenco",module,Magento_Catalog
"List (default) / Grid","Elenco (impostazione predefinita) / griglia",module,Magento_Catalog
"Automatic (equalize price ranges)","Automatico (eguaglia le fasce di prezzo)",module,Magento_Catalog
"Automatic (equalize product counts)","Automatico (eguaglia i conteggi dei prodotti)",module,Magento_Catalog
Manual,Manuale,module,Magento_Catalog
Fixed,Fisso,module,Magento_Catalog
Percent,Percentuale,module,Magento_Catalog
"-- Please select --","-- Seleziona --",module,Magento_Catalog
"Product Thumbnail Itself","Miniatura Prodotto stessa",module,Magento_Catalog
"Parent Product Thumbnail","Miniatura Prodotto Padre",module,Magento_Catalog
"12h AM/PM","12 ore AM/PM",module,Magento_Catalog
24h,"24 ore",module,Magento_Catalog
Stretch,Stira,module,Magento_Catalog
Tile,Affianca,module,Magento_Catalog
Top/Left,"In alto a sinistra",module,Magento_Catalog
Top/Right,"In alto a destra",module,Magento_Catalog
Bottom/Left,"In basso a sinistra",module,Magento_Catalog
Bottom/Right,"In basso a destra",module,Magento_Catalog
Center,Centro,module,Magento_Catalog
"%1 doesn't extends \Magento\Framework\Model\AbstractModel","%1 non estende \Magento\Framework\Model\AbstractModel",module,Magento_Catalog
"Something went wrong while saving the file(s).","Qualcosa è andato storto durante il salvataggio del(i) file.",module,Magento_Catalog
"File can not be saved to the destination folder.","Il file non può essere salvato nella cartella di destinazione.",module,Magento_Catalog
"Unknown EAV indexer type ""%1"".","Indice EAV di tipo ""%1"" sconosciuto.",module,Magento_Catalog
"We can't rebuild the index for an undefined product.","Impossibile ricostruire l'indice per un prodotto indefinito.",module,Magento_Catalog
"Bad value was supplied.","È stato inserito un valore non valido.",module,Magento_Catalog
"The Flat Catalog module has a limit of %2$d filterable and/or sortable attributes.Currently there are %1$d of them.Please reduce the number of filterable/sortable attributes in order to use this module","Il modulo catalogo flat ha il limite di %2$d attributi filtrabili e/o ordinabili. Attualmente ci sono %1$d di questi. Per favore, riduci il numero di attributi filtrabili/ordinabili per usare questo modulo",module,Magento_Catalog
"Unsupported product type ""%1"".","Prodotto di tipo ""%1"" non supportato.",module,Magento_Catalog
"Please correct the category.","Si prega di correggere la categoria.",module,Magento_Catalog
"Must be category model instance or its id.","Deve essere un'istanza del modello categoria o il suo id.",module,Magento_Catalog
"The attribute model is not defined.","Il modello di attributo non è definito.",module,Magento_Catalog
Category,Categoria,module,Magento_Catalog
"%1 was not found in algorithms","%1 non è stato trovato negli algoritmi",module,Magento_Catalog
"%1 doesn't extend \Magento\Catalog\Model\Layer\Filter\Dynamic\AlgorithmInterface","%1 non estende \Magento\Catalog\Model\Layer\Filter\Dynamic\AlgorithmInterface",module,Magento_Catalog
"%1 doesn't extends \Magento\Catalog\Model\Layer\Filter\AbstractFilter","%1 non estende \Magento\Catalog\Model\Layer\Filter\AbstractFilter",module,Magento_Catalog
"The filter must be an object. Please set the correct filter.","Il filtro deve essere un oggetto. Per favore imposta il filtro corretto.",module,Magento_Catalog
"Clear Price","Pulisci Prezzo",module,Magento_Catalog
"%1 and above","%1 e sopra",module,Magento_Catalog
"The filters must be an array.","I filtri devono essere un array.",module,Magento_Catalog
"Product was not registered","Il prodotto non è stato registrato",module,Magento_Catalog
"Store was not registered","Il negozio non è stato registrato",module,Magento_Catalog
"Group price must be a number greater than 0.","Il prezzo del gruppo deve essere un numero maggiore di 0.",module,Magento_Catalog
"Media Gallery converter should be an instance of EntryConverterInterface.","Il convertitore della galleria Media dovrebbe essere un'istanza di EntryConverterInterface.",module,Magento_Catalog
"There is no MediaGalleryEntryConverter for given type","Non c'è nessun MediaGalleryEntryConverter per il tipo dato",module,Magento_Catalog
"Please enter a number 0 or greater in this field.","Inserire un numero maggiore o uguale a 0 in questo campo.",module,Magento_Catalog
"The value of attribute ""%1"" must be set","Il valore dell'attributo ""%1"" deve essere impostato",module,Magento_Catalog
"SKU length should be %1 characters maximum.","La lunghezza dello SKU deve essere di massimo %1 caratteri.",module,Magento_Catalog
"Please enter a valid number in this field.","Inserire un numero valido in questo campo.",module,Magento_Catalog
"We found a duplicate website, tier price, customer group and quantity.","Sono stati trovati un website, una fascia di prezzo, un gruppo clienti e una quantità duplicati.",module,Magento_Catalog
"Invalid option id %1","Opzione non valida id %1",module,Magento_Catalog
"Can not create attribute set based on non product attribute set.","Impossibile creare un set di attributi basato su un set di attributi non di prodotto.",module,Magento_Catalog
"Can not create attribute set based on not existing attribute set","Impossibile creare un set di attributi basato su un set di attributi non esistente",module,Magento_Catalog
"Provided Attribute set non product Attribute set.","Il set di attributi fornito non è un set di attributi prodotto.",module,Magento_Catalog
"Use config","Utilizzare config",module,Magento_Catalog
Enabled,Abilitato,module,Magento_Catalog
Disabled,Disabilitato,module,Magento_Catalog
"Attribute Set already exists.","Gruppo di attributi già presente.",module,Magento_Catalog
"We couldn't copy file %1. Please delete media with non-existing images and try again.","Impossibile copiare il file %1. Eliminare media con immagini non esistenti e riprovare.",module,Magento_Catalog
"The image content is not valid.","Il contenuto dell'immagine non è valido.",module,Magento_Catalog
"Cannot save product.","Non è possibile salvare il prodotto.",module,Magento_Catalog
"Failed to save new media gallery entry.","Salvataggio nuova voce galleria media fallito.",module,Magento_Catalog
"There is no image with provided ID.","Non c'è nessuna immagine con l'ID fornito.",module,Magento_Catalog
"Such product doesn't exist","Prodotto inesistente",module,Magento_Catalog
"Such image doesn't exist","Immagine inesistente",module,Magento_Catalog
"The image does not exist.","L'immagine non esiste.",module,Magento_Catalog
"Please correct the image file type.","Correggere il tipo di file dell'immagine.",module,Magento_Catalog
"We couldn't move this file: %1.","Impossibile spostare questo file: %1.",module,Magento_Catalog
"The option type to get group instance is incorrect.","Il tipo di opzione per ottenere l'istanza del gruppo non è corretto.",module,Magento_Catalog
"Select type options required values rows.","Seleziona le righe dei valori di tipo di opzioni richiesti.",module,Magento_Catalog
"ProductSku should be specified","Il codice articolo deve essere specificato",module,Magento_Catalog
"Could not remove custom option","Impossibile rimuovere opzione personalizzata",module,Magento_Catalog
"Please specify date required option(s).","Specifica le opzioni obbligatorie della data.",module,Magento_Catalog
"Please specify time required option(s).","Specifica le opzioni obbligatorie dell'ora.",module,Magento_Catalog
"Please specify product's required option(s).","Specificare le opzioni obbligatorie del prodotto.",module,Magento_Catalog
"The option instance type in options group is incorrect.","Il tipo di istanza di opzione nel gruppo di opzioni non è corretto.",module,Magento_Catalog
"The product instance type in options group is incorrect.","Il tipo di istanza del prodotto nel gruppo di opzioni è incorretto.",module,Magento_Catalog
"The configuration item option instance in options group is incorrect.","L'istanza di opzione dell'oggetto di configurazione nel gruppo di opzioni è incorretta.",module,Magento_Catalog
"The configuration item instance in options group is incorrect.","L'istanza dell'oggetto di configurazione nel gruppo di opzioni è incorretta.",module,Magento_Catalog
"The BuyRequest instance in options group is incorrect.","L'istanza BuyRequest nel gruppo di opzioni non è corretta.",module,Magento_Catalog
"We can't add the product to the cart because of an option validation issue.","Impossibile aggiungere il prodotto al carrello per un problema di convalida di un'opzione.",module,Magento_Catalog
"%1 doesn't extends \Magento\Catalog\Model\Product\Option\Type\DefaultType","%1 non estende \Magento\Catalog\Model\Product\Option\Type\DefaultType",module,Magento_Catalog
"The file options format is not valid.","Il formato opzioni del file non è valido.",module,Magento_Catalog
"The file '%1' for '%2' has an invalid extension.","Il file '%1' per '%2' ha un'estensione non valida.",module,Magento_Catalog
"The maximum allowed image size for '%1' is %2x%3 px.","La massima dimensione immagine permessa per '%1' è %2x%3 px.",module,Magento_Catalog
"The file '%1' you uploaded is larger than the %2 megabytes allowed by our server.","Il file '%1' che hai caricato è più grande del limite di %2 Megabytes permesso dal server.",module,Magento_Catalog
"The file '%1' is empty. Please choose another one","Il file '%1' è vuoto. Si prega di sceglierne un altro",module,Magento_Catalog
"The file '%1' is invalid. Please choose another one","Il file '%1' non è valido. Si prega di sceglierne un altro",module,Magento_Catalog
"File '%1' is not an image.","File '%1' non è un'immagine.",module,Magento_Catalog
"Validation failed. Required options were not filled or the file was not uploaded.","Convalida fallita. Le opzioni necessarie non sono state compilate oppure il file non è stato caricato.",module,Magento_Catalog
"The file you uploaded is larger than %1 Megabytes allowed by server","Il file che hai caricato è più grande del limite di %1 Megabytes permesso dal server",module,Magento_Catalog
"Option required.","Opzione necessaria.",module,Magento_Catalog
"The file is empty. Please choose another one","Il file è vuoto. Si prega di sceglierne un altro",module,Magento_Catalog
"Some of the selected item options are not currently available.","Alcune delle opzioni dell'oggetto selezionate non sono al momento disponibili.",module,Magento_Catalog
"The text is too long.","Il testo è troppo lungo.",module,Magento_Catalog
"This product doesn't have tier price","Questo prodotto non ha fasce di prezzo",module,Magento_Catalog
"Product hasn't group price with such data: customerGroupId = '%1', website = %2, qty = %3","Il prodotto non ha un prezzo di gruppo con questi dati: customerGroupId = '%1', website = %2, qty = %3",module,Magento_Catalog
"Invalid data provided for tier_price","I dati forniti per tier_price non sono validi",module,Magento_Catalog
"Please provide valid data","Fornire dati validi",module,Magento_Catalog
"Values of following attributes are invalid: %1","I valori dei seguenti attributi non sono validi: %1",module,Magento_Catalog
"Could not save group price","Impossibile salvare prezzo dei gruppi",module,Magento_Catalog
"We can't create writeable directory ""%1"".","Impossibile creare una directory scrivibile ""%1"".",module,Magento_Catalog
"The file upload failed.","Caricamento file non riuscito.",module,Magento_Catalog
"The product has required options.","Il prodotto ha opzioni obbligatorie.",module,Magento_Catalog
"Something went wrong while processing the request.","Qualcosa è andato storto durante l'elaborazione della richiesta.",module,Magento_Catalog
"%1 doesn't extends \Magento\Catalog\Model\Product\Type\AbstractType","%1 non si estende a \Magento\Catalog\Model\Product\Type\AbstractType",module,Magento_Catalog
"%1 doesn't extends \Magento\Catalog\Model\Product\Type\Price","%1 non si estende a \Magento\Catalog\Model\Product\Type\Price",module,Magento_Catalog
"Not Visible Individually","Non visibile singolarmente",module,Magento_Catalog
Search,Cerca,module,Magento_Catalog
"Catalog, Search","Catalogo, ricerca",module,Magento_Catalog
"Something went wrong while removing products from the websites.","Qualcosa è andato storto durante la rimozione dei prodotti dai siti Web.",module,Magento_Catalog
"Something went wrong while adding products to websites.","Qualcosa è andato storto durante l'aggiunta dei prodotti ai siti Web.",module,Magento_Catalog
"Group with id ""%1"" does not exist.","Il gruppo con id ""%1"" non esiste.",module,Magento_Catalog
"Attribute group that contains system attributes can not be deleted","I gruppi di attributi che contengono attributi di sistema non possono essere eliminati",module,Magento_Catalog
"Collection provider is not registered","Provider collection non è registrato",module,Magento_Catalog
"Unknown link type: %1","Tipo link sconosciuto: %1",module,Magento_Catalog
"Provided link type ""%1"" does not exist","Il tipo di link fornito ""%1"" non esiste",module,Magento_Catalog
"Invalid data provided for linked products","Inseriti dati invalidi per i prodotti collegati",module,Magento_Catalog
"Product with SKU '%1' is not linked to product with SKU '%2'","Il prodotto con SKU %1 non è collegato al prodotto con SKU %2",module,Magento_Catalog
"Product %1 doesn't have linked %2 as %3","Il prodotto %1 non ha %2 collegato come %3",module,Magento_Catalog
"Requested product doesn't exist","Il prodotto richiesto non esiste",module,Magento_Catalog
"Requested product does not support images.","Il prodotto richiesto non supporta le immagini.",module,Magento_Catalog
"Product with SKU ""%1"" does not exist","Il prodotto con SKU ""%1"" non esiste",module,Magento_Catalog
"Invalid product data: %1","Dati di prodotto non valido: %1",module,Magento_Catalog
"Unable to remove product %1","Impossibile rimuovere il prodotto %1",module,Magento_Catalog
"There are not websites for assign to product","Non ci sono siti web da assegnare al prodotto",module,Magento_Catalog
"Could not assign product ""%1"" to websites ""%2""","Non si può assegnare il prodotto ""%1"" ai siti Web ""%2""",module,Magento_Catalog
"Could not save product ""%1"" with websites %2","Non si può salvare il prodotto ""%1"" con i siti Web %2",module,Magento_Catalog
"We cannot determine the field name.","Non è possibile determinare il nome del campo.",module,Magento_Catalog
"Attribute '%1' is locked. %2","L'attributo '%1' è bloccato. %2",module,Magento_Catalog
"Do not change the scope. %1","Non modificare l'ambito. %1",module,Magento_Catalog
"A product type is not defined for the indexer.","Non è stato definito un tipo di prodotto per l'indicizzatore.",module,Magento_Catalog
"%1 doesn't extend \Magento\Catalog\Model\ResourceModel\Product\Indexer\Price\DefaultPrice","%1 non estende \Magento\Catalog\Model\Resource\Product\Indexer\Price\DefaultPrice",module,Magento_Catalog
"Product with SKU %1 is not linked to product with SKU %2","Il prodotto con SKU %1 non è collegato al prodotto con SKU %2",module,Magento_Catalog
"Multiple Select","Selezione multipla",module,Magento_Catalog
Dropdown,"Menu a tendina",module,Magento_Catalog
"%1 doesn't extend \Magento\Framework\Filter\Template","%1 non si estende a \Magento\Framework\Filter\Template",module,Magento_Catalog
"As low as","A partire da",module,Magento_Catalog
message,messaggio,module,Magento_Catalog
Images,Immagini,module,Magento_Catalog
Select...,Seleziona...,module,Magento_Catalog
"Advanced Pricing","Prezzi avanzati",module,Magento_Catalog
"Customer Group","Gruppo clienti",module,Magento_Catalog
"Special Price From","Prezzo speciale da",module,Magento_Catalog
To,Al,module,Magento_Catalog
Done,Completato,module,Magento_Catalog
"Add Selected","Aggiungi selezionati",module,Magento_Catalog
"Select Attribute","Selezionare gli attributi",module,Magento_Catalog
"Create New Attribute","Crea nuovo attributo",module,Magento_Catalog
"Customizable Options","Opzioni personalizzabili",module,Magento_Catalog
"Custom options let customers choose the product variations they want.","Le opzioni personalizzate permettono ai clienti di scegliere le varianti di prodotto che vogliono.",module,Magento_Catalog
"Add Option","Aggiungi opzione",module,Magento_Catalog
"New Option","Nuova Opzione",module,Magento_Catalog
"Select Product","Seleziona prodotto",module,Magento_Catalog
"Option Title","Titolo opzione",module,Magento_Catalog
"Add Value","Aggiungi valore",module,Magento_Catalog
Title,Titolo,module,Magento_Catalog
"Option Type","Tipo di opzioni",module,Magento_Catalog
Required,Obbligatorio,module,Magento_Catalog
"Price Type","Tipo di prezzo",module,Magento_Catalog
"Max Characters","Numero massimo caratteri",module,Magento_Catalog
"Compatible File Extensions","Estensioni di File compatibili",module,Magento_Catalog
"Maximum Image Size","Dimensione massima dell'immagine",module,Magento_Catalog
"Please leave blank if it is not an image.","Lascia vuoto se non si tratta di un'immagine.",module,Magento_Catalog
"This item has weight","Questo elemento ha il peso",module,Magento_Catalog
"This item has no weight","Questo articolo non ha alcun peso",module,Magento_Catalog
"Set Product as New From","Imposta prodotto come Nuovo dal",module,Magento_Catalog
"Related Products, Up-Sells, and Cross-Sells","Prodotti correlati, alternativi e consigliati",module,Magento_Catalog
"Related products are shown to customers in addition to the item the customer is looking at.","I prodotti correlati sono mostrati ai clienti in aggiunta all'elemento che stanno già guardando.",module,Magento_Catalog
"Add Related Products","Aggiungi prodotti correlati",module,Magento_Catalog
"An up-sell item is offered to the customer as a pricier or higher-quality alternative to the product the customer is looking at.","Un prodotto alternativo è offerto al cliente come alternativa più costosa o di qualità più elevata al prodotto che sta guardando.",module,Magento_Catalog
"Add Up-Sell Products","Aggiungi prodotto alternativo",module,Magento_Catalog
"Up-Sell Products","Prodotti alternativi",module,Magento_Catalog
"These ""impulse-buy"" products appear next to the shopping cart as cross-sells to the items already in the shopping cart.","Questi prodotti \"impulse-buy\" sono visualizzati accanto al carrello come prodotti consigliati per gli elementi già nel carrello.",module,Magento_Catalog
"Add Cross-Sell Products","Aggiungi prodotti consigliati",module,Magento_Catalog
"Cross-Sell Products","Prodotti consigliati",module,Magento_Catalog
"Add Selected Products","Aggiungi prodotti selezionati",module,Magento_Catalog
Remove,Rimuovi,module,Magento_Catalog
Thumbnail,Miniatura,module,Magento_Catalog
Actions,Azioni,module,Magento_Catalog
"Schedule Update From","Pianifica l'aggiornamento da",module,Magento_Catalog
"Product in Websites","Prodotto nei websites",module,Magento_Catalog
name,nome,module,Magento_Catalog
"Copy Data from","Copiare i dati da",module,Magento_Catalog
"If there are no custom parent categories, please use the default parent category. You can reassign the category at any time in <a href=""%1"" target=""_blank"">Products &gt; Categories</a>.","Se non esistono categorie padre personalizzate, utilizza la categoria padre predefinita. È possibile riassegnare la categoria in qualsiasi momento in <a href=""%1"" target=""_blank""> Prodotti > Categorie</a>.",module,Magento_Catalog
"This operation can take a long time","Questa operazione può richiedere molto tempo",module,Magento_Catalog
"Collapse All","Comprimi tutto",module,Magento_Catalog
"Expand All","Espandi Tutto",module,Magento_Catalog
"Please confirm site switching. All data that hasn't been saved will be lost.","Si prega di confermare il cambio ambito di applicazione. Tutti i dati non salvati andranno persi.",module,Magento_Catalog
"Use Default Value","Usa il valore predefinito",module,Magento_Catalog
"Manage Titles (Size, Color, etc.)","Gestisci titoli (dimensione, colori, ecc.)",module,Magento_Catalog
"Manage Options (Values of Your Attribute)","Gestisci le opzioni (valori dell'attributo)",module,Magento_Catalog
"Is Default","È predefinito",module,Magento_Catalog
"Sort Option","Opzioni di ordinamento",module,Magento_Catalog
Groups,Gruppi,module,Magento_Catalog
"Double click on a group to rename it.","Doppio clic su un gruppo per rinominarlo.",module,Magento_Catalog
"Unassigned Attributes","Attributi non assegnati",module,Magento_Catalog
"A name is required.","È richiesto un nome.",module,Magento_Catalog
"This group contains system attributes. Please move system attributes to another group and try again.","Questo gruppo contiene degli attributi di sistema. Spostare gli attributi di sistema in un altro gruppo e riprovare.",module,Magento_Catalog
"Please enter a new group name.","Inserisci il nome del nuovo gruppo.",module,Magento_Catalog
"Sorry, we're unable to complete this request.","Impossibile completare questa richiesta.",module,Magento_Catalog
"You can't remove attributes from this attribute set.","Non è possibile rimuovere gli attributi da questo set di attributi.",module,Magento_Catalog
"Custom Options","Opzioni personalizzate",module,Magento_Catalog
"This is a required option.","Opzione obbligatoria.",module,Magento_Catalog
"The field isn't complete.","Il campo non è completo.",module,Magento_Catalog
"Compatible file extensions to upload","Estensioni file compatibili per l'upload",module,Magento_Catalog
"Maximum image width","Larghezza massima dell'immagine",module,Magento_Catalog
"Maximum image height","Altezza massima dell'immagine",module,Magento_Catalog
"Maximum number of characters:","Numero massimo di caratteri:",module,Magento_Catalog
"start typing to search template","digitare del testo per cercare un modello",module,Magento_Catalog
"Product online","Prodotto online",module,Magento_Catalog
"Product offline","Prodotto offline",module,Magento_Catalog
"Product online status","Stato del prodotto online",module,Magento_Catalog
"Manage Stock","Gestisci scorte",module,Magento_Catalog
Qty,Qtà,module,Magento_Catalog
"Out-of-Stock Threshold","Soglia di non disponibilità",module,Magento_Catalog
"Minimum Qty Allowed in Shopping Cart","Qtà minima consentita nel carrello",module,Magento_Catalog
"Maximum Qty Allowed in Shopping Cart","Qtà massima consentita nel carrello",module,Magento_Catalog
"Qty Uses Decimals","Qtà utilizza decimali",module,Magento_Catalog
"Notify for Quantity Below","Notifica per quantità inferiore",module,Magento_Catalog
"Enable Qty Increments","Abilita incrementi qtà",module,Magento_Catalog
"Qty Increments","Incrementi qtà",module,Magento_Catalog
"Stock Availability",Disponibilità,module,Magento_Catalog
"In Stock",Disponibile,module,Magento_Catalog
"Out of Stock","Non Disponibile",module,Magento_Catalog
"Add Product To Websites","Aggiungi prodotto ai siti web",module,Magento_Catalog
"Remove Product From Websites","Rimuovi il prodotto dai siti Web",module,Magento_Catalog
"To hide an item in catalog or search results, set the status to ""Disabled"".","Per nascondere un articolo nei risultati di ricerca o nel catalogo, impostare lo stato su ""Disabilitato"".",module,Magento_Catalog
"We can't save custom-defined options for bundles with dynamic pricing.","Impossibile salvare opzioni personalizzate per prodotti bundle con prezzo dinamico.",module,Magento_Catalog
"Delete Custom Option","Elimina l'opzione personalizzata",module,Magento_Catalog
"Sort Custom Options","Ordina opzioni personalizzate",module,Magento_Catalog
"Input Type","Tipo di input",module,Magento_Catalog
"Sort Custom Option","Ordina opzioni personalizzate",module,Magento_Catalog
"Item Price","Prezzo Articolo",module,Magento_Catalog
Action,Azione,module,Magento_Catalog
"and above","e sopra",module,Magento_Catalog
"Delete Tier","Elimina fascia",module,Magento_Catalog
"Product In Websites","Prodotto In siti Web",module,Magento_Catalog
"(Copy data from: %1)","(Copia dati da: %1)",module,Magento_Catalog
"Browse to find or drag image here","Sfoglia o trascina l'immagine qui",module,Magento_Catalog
"Delete image","Elimina immagine",module,Magento_Catalog
Hidden,Nascosto,module,Magento_Catalog
"Alt Text","Testo alternativo",module,Magento_Catalog
Role,Ruolo,module,Magento_Catalog
"Image Size","Dimensione dell\'immagine",module,Magento_Catalog
"Image Resolution","Risoluzione immagine",module,Magento_Catalog
"{width}^{height} px","{width} ^{height} px",module,Magento_Catalog
"Hide from Product Page","Nascondi dalla pagina prodotto",module,Magento_Catalog
"Product Alerts","Avvisi prodotto",module,Magento_Catalog
"Allow Multiple Boxes for Shipping","Consenti più scatole per spedizione",module,Magento_Catalog
"start typing to search attribute","inizia a digitare per cercare l'attributo",module,Magento_Catalog
"Basic Settings","Impostazioni di Base",module,Magento_Catalog
"Advanced Settings","Impostazioni avanzate",module,Magento_Catalog
"Changes have been made to this section that have not been saved.","Sono state apportate modifiche a questa sezione che non sono state salvate.",module,Magento_Catalog
"This tab contains invalid data. Please resolve this before saving.","Questa scheda contiene dati non validi. Risolvi il problema prima di salvare.",module,Magento_Catalog
"Mass Actions","Azioni massive",module,Magento_Catalog
"Select All","Seleziona tutto",module,Magento_Catalog
"Unselect All","Deseleziona tutto",module,Magento_Catalog
"Select Visible","Seleziona visibili",module,Magento_Catalog
"Unselect Visible","Deseleziona visibili",module,Magento_Catalog
"Special Price","Prezzo speciale",module,Magento_Catalog
"Regular Price","Prezzo normale",module,Magento_Catalog
"Buy %1 for %2 each and <strong class=""benefit"">save<span class=""percent tier-%3"">&nbsp;%4</span>%</strong>","Acquista %1 a %2 ciascuno e <strong class=""benefit"">risparmia<span class=""percent tier-%3"">&nbsp;%4</span>%</strong>",module,Magento_Catalog
"Buy %1 for %2 each","Acquista %1 a %2 ognuno",module,Magento_Catalog
"Shop By","Naviga per",module,Magento_Catalog
"Shopping Options",Opzioni,module,Magento_Catalog
"Compare Products","Confronta Prodotti",module,Magento_Catalog
"Print This Page","Stampa questa pagina",module,Magento_Catalog
"Remove Product","Rimuovere il prodotto",module,Magento_Catalog
"Add to Cart","Aggiungi al Carrello",module,Magento_Catalog
"In stock",Disponibile,module,Magento_Catalog
"Out of stock","Non Disponibile",module,Magento_Catalog
"Add to Wish List","Aggiungi alla lista desideri",module,Magento_Catalog
"You have no items to compare.","Non ci sono articoli da confrontare.",module,Magento_Catalog
"Remove This Item","Rimuovi questo articolo",module,Magento_Catalog
Compare,Confronta,module,Magento_Catalog
"Clear All","Cancella tutto",module,Magento_Catalog
Prev,Prec,module,Magento_Catalog
Next,Successivo,module,Magento_Catalog
"We can't find products matching the selection.","Nessun prodotto corrispondete alla selezione è stato trovato.",module,Magento_Catalog
"Learn More","Scopri di più",module,Magento_Catalog
"Add to Compare","Aggiungi al confronto",module,Magento_Catalog
"We found other products you might like!","Abbiamo trovato altri prodotti che ti potrebbero interessare!",module,Magento_Catalog
"More Choices:","Più scelte:",module,Magento_Catalog
"Check items to add to the cart or","Controlla gli articoli da aggiungere al carrello oppure",module,Magento_Catalog
"select all","seleziona tutto",module,Magento_Catalog
"Items %1-%2 of %3","Articoli %1-%2 di %3",module,Magento_Catalog
"%1 Item","%1 elemento",module,Magento_Catalog
"%1 Items","%1 elementi",module,Magento_Catalog
Show,Mostra,module,Magento_Catalog
"per page","per pagina",module,Magento_Catalog
"Sort By","Ordina per",module,Magento_Catalog
"Set Ascending Direction","Imposta la direzione crescente",module,Magento_Catalog
"Set Descending Direction","Imposta la direzione decrescente",module,Magento_Catalog
"View as","Mostra come",module,Magento_Catalog
"More Information","Maggiori Informazioni",module,Magento_Catalog
Loading...,Caricamento...,module,Magento_Catalog
"* Required Fields","* Campi obbligatori",module,Magento_Catalog
Availability,Disponibilità,module,Magento_Catalog
"Terms and Conditions","Termini e condizioni",module,Magento_CheckoutAgreements
"Add New Condition","Aggiungi nuova condizione",module,Magento_CheckoutAgreements
"Save Condition","Salva la condizione",module,Magento_CheckoutAgreements
"Delete Condition","Elimina la condizione",module,Magento_CheckoutAgreements
"Edit Terms and Conditions","Modifica i termini e le condizioni",module,Magento_CheckoutAgreements
"New Terms and Conditions","Nuovi termini e condizioni",module,Magento_CheckoutAgreements
"Terms and Conditions Information","Informazioni termini e condizioni",module,Magento_CheckoutAgreements
"Condition Name","Nome della condizione",module,Magento_CheckoutAgreements
Enabled,Abilitato,module,Magento_CheckoutAgreements
Disabled,Disabilitato,module,Magento_CheckoutAgreements
"Show Content as","Visualizzare il contenuto come",module,Magento_CheckoutAgreements
Text,Testo,module,Magento_CheckoutAgreements
Applied,Applicato,module,Magento_CheckoutAgreements
"Store View","Vista Negozio",module,Magento_CheckoutAgreements
"Checkbox Text","Testo della checkbox",module,Magento_CheckoutAgreements
Content,Contenuto,module,Magento_CheckoutAgreements
"Content Height (css)","Altezza contenuto (css)",module,Magento_CheckoutAgreements
"Content Height","Altezza contenuto",module,Magento_CheckoutAgreements
Condition,Condizione,module,Magento_CheckoutAgreements
Sales,Vendite,module,Magento_CheckoutAgreements
"Checkout Conditions","Condizioni di checkout",module,Magento_CheckoutAgreements
"Checkout Terms and Conditions","Termini e condizioni del checkout",module,Magento_CheckoutAgreements
"This condition no longer exists.","Questa condizione non esiste più.",module,Magento_CheckoutAgreements
"You deleted the condition.","Hai eliminato la condizione.",module,Magento_CheckoutAgreements
"Something went wrong  while deleting this condition.","Qualcosa è andato storto durante l'eliminazione di questa condizione.",module,Magento_CheckoutAgreements
"Edit Condition","Modifica condizione",module,Magento_CheckoutAgreements
"New Condition","Nuova condizione",module,Magento_CheckoutAgreements
"You saved the condition.","La condizione è stata salvata.",module,Magento_CheckoutAgreements
"Something went wrong while saving this condition.","Qualcosa è andato storto durante il salvataggio di questa condizione.",module,Magento_CheckoutAgreements
Automatically,Automaticamente,module,Magento_CheckoutAgreements
Manually,Manualmente,module,Magento_CheckoutAgreements
"Please agree to all the terms and conditions before placing the order.","Si prega di accettare tutti i termini e le condizioni prima di effettuare l'ordine.",module,Magento_CheckoutAgreements
"Unable to save checkout agreement %1","Impossibile salvare il contratto di checkout %1",module,Magento_CheckoutAgreements
"Unable to remove checkout agreement %1","Impossibile rimuovere il contratto di checkout %1",module,Magento_CheckoutAgreements
"Checkout agreement with specified ID ""%1"" not found.","Contratto di checkout con ID ""%1"" non trovato.",module,Magento_CheckoutAgreements
"Shopping Cart",Carrello,module,Magento_Checkout
"Invalid method: %1","Metodo non valido: %1",module,Magento_Checkout
City,Città,module,Magento_Checkout
Country,Paese,module,Magento_Checkout
State/Province,Stato/Provincia,module,Magento_Checkout
"Zip/Postal Code",CAP,module,Magento_Checkout
"My Cart (1 item)","Carrello (1 articolo)",module,Magento_Checkout
"My Cart (%1 items)","Carrello (%1 articoli)",module,Magento_Checkout
"My Cart",Carrello,module,Magento_Checkout
"For delivery questions.","Per domande sulla consegna.",module,Magento_Checkout
"Customer is already registered","Il cliente è già registrato",module,Magento_Checkout
"Your session has expired","La sessione è scaduta",module,Magento_Checkout
"A letter with further instructions will be sent to your email.","Verrà inviata una lettera con ulteriori istruzioni al tuo indirizzo email.",module,Magento_Checkout
"You added %1 to your shopping cart.","Hai aggiunto %1 al tuo carrello.",module,Magento_Checkout
"We can't add this item to your shopping cart right now.","Al momento è impossibile aggiungere questo articolo al carrello.",module,Magento_Checkout
"Out of stock","Non Disponibile",module,Magento_Checkout
"We can't find the quote item.","Non è possibile trovare l'elemento del preventivo.",module,Magento_Checkout
"We cannot configure the product.","Impossibile configurare il prodotto.",module,Magento_Checkout
"You used coupon code ""%1"".","È stato utilizzato il codice coupon ""%1"".",module,Magento_Checkout
"The coupon code ""%1"" is not valid.","Il codice coupon ""%1"" non è valido.",module,Magento_Checkout
"You canceled the coupon code.","Hai cancellato il codice coupon.",module,Magento_Checkout
"We cannot apply the coupon code.","Impossibile applicare il codice coupon.",module,Magento_Checkout
"We can't remove the item.","Impossibile rimuovere l'articolo.",module,Magento_Checkout
"%1 was updated in your shopping cart.","%1 è stato aggiornato nel tuo carrello.",module,Magento_Checkout
"We can't update the item right now.","Al momento è impossibile aggiornare l'articolo.",module,Magento_Checkout
"We can't update the shopping cart.","Impossibile aggiornare il carrello.",module,Magento_Checkout
"One-page checkout is turned off.","Il one-page checkout è disattivato.",module,Magento_Checkout
"Guest checkout is disabled.","Per procedere con il pagamento devi registrarti.",module,Magento_Checkout
"Page not found.","Pagina non trovata.",module,Magento_Checkout
"Please agree to all the terms and conditions before placing the order.","Si prega di accettare tutti i termini e le condizioni prima di effettuare l'ordine.",module,Magento_Checkout
"Something went wrong while processing your order. Please try again later.","Qualcosa è andato storto durante l'elaborazione del tuo ordine. Si prega di riprovare più tardi.",module,Magento_Checkout
"%1 doesn't extend \Magento\Checkout\CustomerData\ItemInterface","%1 non estende \Magento\Checkout\CustomerData\ItemInterface",module,Magento_Checkout
"Payment Method","Metodo di pagamento",module,Magento_Checkout
"Payment Page","Pagina di pagamento",module,Magento_Checkout
"We can't find the product.","Impossibile trovare il prodotto.",module,Magento_Checkout
"We found an invalid request for adding product to quote.","Richiesta non valida per aggiungere il prodotto al preventivo.",module,Magento_Checkout
"The product does not exist.","Il prodotto non esiste.",module,Magento_Checkout
"We don't have some of the products you want.","Alcuni dei prodotti da te richiesti non sono disponibili.",module,Magento_Checkout
"We don't have as many of some products as you want.","Alcuni dei prodotti da te richiesti non sono presenti nella quantità desiderata.",module,Magento_Checkout
"Quantity was recalculated from %1 to %2","La quantità è stata ricalcolata da %1 a %2",module,Magento_Checkout
"We adjusted product quantities to fit the required increments.","Abbiamo modificato la quantità del prodotto per rispettare gli incrementi richiesti.",module,Magento_Checkout
"This quote item does not exist.","Questo elemento preventivo non esiste.",module,Magento_Checkout
"Display number of items in cart","Mostra il numero di articoli nel carrello",module,Magento_Checkout
"Display item quantities","Mostra quantità articolo",module,Magento_Checkout
"An error occurred on the server. Please try to place the order again.","Si è verificato un errore sul server. Provare ad effettuare nuovamente l'ordine.",module,Magento_Checkout
"Shipping address is not set","L'indirizzo di spedizione non è impostato",module,Magento_Checkout
"Unable to save shipping information. Please check input data.","Impossibile salvare le informazioni di spedizione. Controllare i dati inseriti.",module,Magento_Checkout
"Carrier with such method not found: %1, %2","Trasporto con tale metodo non trovato: %1, %2",module,Magento_Checkout
"Shipping method is not applicable for empty cart","Il metodo di spedizione non può essere scelto con il carrello vuoto",module,Magento_Checkout
"Totals calculation is not applicable to empty cart","Calcolo totali non è applicabile per il carrello vuoto",module,Magento_Checkout
"Invalid data","Dati non validi",module,Magento_Checkout
"The customer address is not valid.","Indirizzo cliente non valido.",module,Magento_Checkout
"Invalid shipping method","Metodo di spedizione non valido",module,Magento_Checkout
"There are more than one shipping addresses.","È presente più di un indirizzo di spedizione.",module,Magento_Checkout
"Sorry, guest checkout is not available.","Siamo spiacenti, il checkout come ospite non è disponibile.",module,Magento_Checkout
"You must confirm your account. Please check your email for the confirmation link or <a href=""%1"">click here</a> for a new link.","Devi confermare il tuo account. Controlla la tua email per il link di conferma o <a href=""%1"">clicca qui</a> per un nuovo link.",module,Magento_Checkout
"Load customer quote error","Errore di caricamento preventivo cliente",module,Magento_Checkout
"Error message!","Messaggio di errore!",module,Magento_Checkout
Error!,Errore!,module,Magento_Checkout
"DB exception","Exception DB",module,Magento_Checkout
Message,Messaggio,module,Magento_Checkout
"<a href=""%1"" onclick=""this.target='_blank'"" class=""print"">Print receipt</a>","<a href=""%1"" onclick=""this.target='_blank'"" class=""print""> stampa ricevuta</a>",module,Magento_Checkout
"Apply Discount Code","Applica il codice sconto",module,Magento_Checkout
"Enter discount code","Inserisci il codice sconto",module,Magento_Checkout
"Apply Discount","Applica sconto",module,Magento_Checkout
"Cancel Coupon","Annulla il Coupon",module,Magento_Checkout
"Shopping Cart Items","Prodotti nel carrello",module,Magento_Checkout
Item,Oggetto,module,Magento_Checkout
Price,Prezzo,module,Magento_Checkout
Qty,Qtà,module,Magento_Checkout
Subtotal,Subtotale,module,Magento_Checkout
"Continue Shopping","Continua gli Acquisti",module,Magento_Checkout
"Clear Shopping Cart","Svuota Carrello",module,Magento_Checkout
"Update Shopping Cart","Aggiorna Carrello",module,Magento_Checkout
"Update Cart","Aggiorna Carrello",module,Magento_Checkout
"See price before order confirmation.","Vedere il prezzo prima della conferma dell'ordine.",module,Magento_Checkout
"What's this?","Cos'è questo?",module,Magento_Checkout
"Edit item parameters","Modificare i parametri del prodotto",module,Magento_Checkout
Edit,Modifica,module,Magento_Checkout
"Remove item","Rimuovi il prodotto",module,Magento_Checkout
"You have no items in your shopping cart.","Non ci sono articoli nel tuo carrello.",module,Magento_Checkout
"Click <a href=""%1"">here</a> to continue shopping.","Clicca <a href=""%1"">qui</a> per continuare lo shopping.",module,Magento_Checkout
"Estimate Tax","Tasse stimate",module,Magento_Checkout
"Estimate Shipping and Tax","Stima spedizione e tasse",module,Magento_Checkout
"Excl. Tax","Tasse escl.",module,Magento_Checkout
Loading...,Caricamento...,module,Magento_Checkout
"Order #","Ordine n.",module,Magento_Checkout
"Proceed to Checkout","Procedi al Checkout",module,Magento_Checkout
"Product Name","Nome prodotto",module,Magento_Checkout
"Incl. Tax","Tasse incl.",module,Magento_Checkout
"Your order number is: %1.","Il numero d'ordine è: %1.",module,Magento_Checkout
"Your order # is: <span>%1</span>.","Il tuo ordine # è: <span>%1</span>.",module,Magento_Checkout
"We'll email you an order confirmation with details and tracking info.","Ti invieremo un'email con i dettagli e la conferma d'ordine e le informazioni di tracciamento.",module,Magento_Checkout
"Static Blocks","Blocchi statici",module,Magento_Cms
"Add New Block","Aggiungi nuovo blocco",module,Magento_Cms
Back,Indietro,module,Magento_Cms
"Delete Block","Elimina blocco",module,Magento_Cms
"Are you sure you want to do this?","Sei sicuro di che voler fare questo?",module,Magento_Cms
"Save and Continue Edit","Salva e continua modifica",module,Magento_Cms
"Save Block","Salva blocco",module,Magento_Cms
Title,Titolo,module,Magento_Cms
Identifier,Identificatore,module,Magento_Cms
Disabled,Disabilitato,module,Magento_Cms
Enabled,Abilitato,module,Magento_Cms
"Manage Pages","Gestisci le pagine",module,Magento_Cms
"Add New Page","Aggiungi nuova pagina",module,Magento_Cms
"Delete Page","Elimina pagina",module,Magento_Cms
"Save Page","Salva pagina",module,Magento_Cms
"Store View","Vista Negozio",module,Magento_Cms
Created,Creato,module,Magento_Cms
Modified,Modificato,module,Magento_Cms
Action,Azione,module,Magento_Cms
Preview,Anteprima,module,Magento_Cms
"Media Storage","Archivio file multimediali",module,Magento_Cms
"Create Folder...","Crea cartella...",module,Magento_Cms
"Delete Folder","Elimina cartella",module,Magento_Cms
"Delete File","Elimina File",module,Magento_Cms
"Insert File","Inserire File",module,Magento_Cms
"New Folder Name:","Nome della nuova cartella:",module,Magento_Cms
"Are you sure you want to delete this folder?","Sei sicuro di che voler eliminare questa cartella?",module,Magento_Cms
"Are you sure you want to delete this file?","Sei sicuro di che voler cancellare questo file?",module,Magento_Cms
"Images (%1)","Immagini (%1)",module,Magento_Cms
"Storage Root","Root Storage",module,Magento_Cms
"Go to Home Page","Vai alla Home Page",module,Magento_Cms
"You deleted the block.","Il blocco è stato eliminato.",module,Magento_Cms
"We can't find a block to delete.","Impossibile trovare il blocco da eliminare.",module,Magento_Cms
"This block no longer exists.","Questo blocco non esiste più.",module,Magento_Cms
"Edit Block","Modifica blocco",module,Magento_Cms
"New Block","Nuovo blocco",module,Magento_Cms
Blocks,Blocchi,module,Magento_Cms
"Please correct the data sent.","Si prega di correggere i dati inviati.",module,Magento_Cms
"A total of %1 record(s) have been deleted.","Un totale di %1 record sono stati eliminati.",module,Magento_Cms
"You saved the block.","Hai salvato il blocco.",module,Magento_Cms
"Something went wrong while saving the block.","Qualcosa è andato storto durante il salvataggio del blocco.",module,Magento_Cms
"The page has been deleted.","La pagina è stata cancellata.",module,Magento_Cms
"We can't find a page to delete.","Non è possibile trovare una pagina da eliminare.",module,Magento_Cms
"This page no longer exists.","Questa pagina non esiste più.",module,Magento_Cms
"Edit Page","Modifica pagina",module,Magento_Cms
"New Page","Nuova pagina",module,Magento_Cms
Pages,Pagine,module,Magento_Cms
"Something went wrong while saving the page.","Qualcosa è andato storto durante il salvataggio della pagina.",module,Magento_Cms
"A total of %1 record(s) have been disabled.","Un totale di %1 record  sono stati disabilitati.",module,Magento_Cms
"A total of %1 record(s) have been enabled.","Un totale di %1 record  sono stati abilitati.",module,Magento_Cms
"Page Title","Titolo della pagina",module,Magento_Cms
"To apply changes you should fill in hidden required ""%1"" field","Per applicare le modifiche è necessario compilare il campo nascosto obbligatorio ""%1""",module,Magento_Cms
"You saved the page.","Hai salvato la pagina.",module,Magento_Cms
"The directory %1 is not writable by server.","La directory %1 non è scrivibile dal server.",module,Magento_Cms
"Make sure that static block content does not reference the block itself.","Assicurarsi che il contenuto del blocco statico non faccia riferimento al blocco stesso.",module,Magento_Cms
"CMS Block with id ""%1"" does not exist.","Il blocco CMS con id ""%1"" non esiste.",module,Magento_Cms
"Enabled by Default","Abilitato di default",module,Magento_Cms
"Disabled by Default","Disabilitato di default",module,Magento_Cms
"Disabled Completely","Completamente disabilitato",module,Magento_Cms
"This identifier is reserved for ""CMS No Route Page"" in configuration.","Questo identificatore è riservato nella configurazione della ""Pagina CMS: Nessun Instradamento"".",module,Magento_Cms
"This identifier is reserved for ""CMS Home Page"" in configuration.","Questo identificatore è riservato nella configurazione dell ""Pagina CMS: Home Page"".",module,Magento_Cms
"This identifier is reserved for ""CMS No Cookies Page"" in configuration.","Questo identificatore è riservato nella configurazione della ""Pagina CMS: Nessun Cookies"".",module,Magento_Cms
"Could not save the page: %1","Non è possibile salvare la pagina: %1",module,Magento_Cms
"CMS Page with id ""%1"" does not exist.","Pagina del CMS con id ""%1"" non esiste.",module,Magento_Cms
"Could not delete the page: %1","Impossibile eliminare la pagina: %1",module,Magento_Cms
"A block identifier with the same properties already exists in the selected store.","Un identificatore di blocco con le stesse proprietà esiste già nel negozio selezionato.",module,Magento_Cms
"The page URL key contains capital letters or disallowed symbols.","L'URL key della pagina contiene lettere maiuscole o simboli non consentiti.",module,Magento_Cms
"The page URL key cannot be made of only numbers.","L'URL key della pagina non può essere costituita solo da numeri.",module,Magento_Cms
"Please rename the folder using only letters, numbers, underscores and dashes.","Rinominare la cartella utilizzando solo lettere, numeri, underscore e trattini.",module,Magento_Cms
"We found a directory with the same name. Please try another folder name.","È stata trovata una directory con lo stesso nome. Provare un altro nome.",module,Magento_Cms
"We cannot create a new directory.","Impossibile creare una nuova directory.",module,Magento_Cms
"We cannot delete directory %1.","Impossibile eliminare la directory %1.",module,Magento_Cms
"We can't upload the file right now.","Al momento è impossibile caricare il file.",module,Magento_Cms
"We can't delete root directory %1 right now.","Al momento è impossibile eliminare la directory di root %1.",module,Magento_Cms
"Directory %1 is not under storage root path.","Directory %1 non è sotto il percorso di root storage.",module,Magento_Cms
"Privacy and Cookie Policy","Norme sulla Privacy e sui Cookie",module,Magento_Cms
Exception,Eccezione,module,Magento_Cms
"Could not create a directory.","Impossibile creare una directory.",module,Magento_Cms
"All Store Views","Tutte le Viste Negozio",module,Magento_Cms
Edit,Modifica,module,Magento_Cms
Delete,Elimina,module,Magento_Cms
View,Mostra,module,Magento_Cms
"No files found","Nessun file trovato",module,Magento_Cms
"Browse Files...","Sfoglia i file...",module,Magento_Cms
"Collapse All","Comprimi tutto",module,Magento_Cms
"Expand All","Espandi Tutto",module,Magento_Cms
"Default Config","Configurazione predefinita",module,Magento_Config
"Save Config","Salva configurazione",module,Magento_Config
[GLOBAL],[GLOBALE],module,Magento_Config
"[STORE VIEW]","[VISTA NEGOZIO]",module,Magento_Config
"Use system value","Utilizzare il valore di sistema",module,Magento_Config
"Use Default","Usa predefinito",module,Magento_Config
"Use Website","Usa website",module,Magento_Config
Add,Aggiungi,module,Magento_Config
"Delete File","Elimina File",module,Magento_Config
"Search String","Stringa di ricerca",module,Magento_Config
"Design Theme",Tema,module,Magento_Config
"Add \Exception","Aggiungere \Exception",module,Magento_Config
"-- No Theme --","-- Nessun tema --",module,Magento_Config
Enable,Attiva,module,Magento_Config
Disable,Disattiva,module,Magento_Config
Configuration,Configurazione,module,Magento_Config
System,Sistema,module,Magento_Config
"You saved the configuration.","Hai salvato la configurazione.",module,Magento_Config
"Something went wrong while saving this configuration:","Qualcosa è andato storto durante il salvataggio di questa configurazione:",module,Magento_Config
"Page not found.","Pagina non trovata.",module,Magento_Config
"Please specify the admin custom URL.","Specificare l'admin URL personalizzato.",module,Magento_Config
"Invalid %1. %2","%1 non valido. %2",module,Magento_Config
"Value must be a URL or one of placeholders: %1","Il valore deve essere un URL o uno dei segnaposto: %1",module,Magento_Config
"Specify a URL or path that starts with placeholder(s): %1, and ends with ""/"".","Specificare un URL o un percorso che inizia con segnaposto/i: %1 e termina con ""/"".",module,Magento_Config
"%1 An empty value is allowed as well.","%1 è consentito anche un valore vuoto.",module,Magento_Config
"Specify a fully qualified URL.","Specificare un URL completo.",module,Magento_Config
"Selected allowed currency ""%1"" is not available in installed currencies.","La valuta consentita selezionata ""%1"" non è disponibile tra le valute installate.",module,Magento_Config
"Default display currency ""%1"" is not available in allowed currencies.","La valuta visualizzata come predefinita ""%1"" non è disponibile tra le valute consentite.",module,Magento_Config
"Sorry, we haven't installed the base currency you selected.","La valuta di base selezionata non è installata.",module,Magento_Config
"We can't save the Cron expression.","Non possiamo salvare l'espressione Cron.",module,Magento_Config
"Sorry, we haven't installed the default display currency you selected.","La valuta da mostrare come predefinita che hai scelto non è installata.",module,Magento_Config
"Sorry, the default display currency you selected is not available in allowed currencies.","La valuta da mostrare come predefinita selezionata non è disponibile tra le valute consentite.",module,Magento_Config
"Please correct the email address: ""%1"".","Correggi l'indirizzo email: ""%1"".",module,Magento_Config
"The sender name ""%1"" is not valid. Please use only visible characters and spaces.","Il nome del mittente ""%1"" non è valido. Utilizza solo caratteri visibili e spazi.",module,Magento_Config
"Maximum sender name length is 255. Please correct your settings.","La lunghezza massima del nome del mittente è 255. Correggi le tue impostazioni.",module,Magento_Config
"The file you're uploading exceeds the server size limit of %1 kilobytes.","Il file che stai caricando supera il limite di %1 kilobytes del server.",module,Magento_Config
"The base directory to upload file is not specified.","La directory di base per caricare file non è specificata.",module,Magento_Config
"The specified image adapter cannot be used because of: %1","L'immagine adatta specificata non può essere usata a causa di: %1",module,Magento_Config
"Default scope","Ambito di applicazione predefinito",module,Magento_Config
"Base currency","Valuta di base",module,Magento_Config
"Display default currency","Visualizzare la valuta predefinita",module,Magento_Config
"website(%1) scope","website(%1) ambito di applicazione",module,Magento_Config
"store(%1) scope","negozio(%1) ambito di applicazione",module,Magento_Config
"Currency ""%1"" is used as %2 in %3.","Valuta ""%1"" è utilizzata come %2 in %3.",module,Magento_Config
"Please correct the timezone.","Correggi il fuso orario.",module,Magento_Config
"The file ""%1"" does not exist","Il file ""%1"" non esiste",module,Magento_Config
"Always (during development)","Sempre (durante lo sviluppo)",module,Magento_Config
"Only Once (version upgrade)","Solo una volta (aggiornamento versione)",module,Magento_Config
"Never (production)","Mai (produzione)",module,Magento_Config
"Separate Email","Separare le Email",module,Magento_Config
"%1 (Default)","%1 (Predefinito)",module,Magento_Config
title,titolo,module,Magento_Config
Optional,Opzionale,module,Magento_Config
Required,Obbligatorio,module,Magento_Config
Store,Negozio,module,Magento_Config
"Store View","Vista Negozio",module,Magento_Config
"HTTP (unsecure)","HTTP (non sicura)",module,Magento_Config
"Yes (302 Found)","Sì (302 trovati)",module,Magento_Config
"Yes (301 Moved Permanently)","Sì (301 Redirect Permanente)",module,Magento_Config
Yes,Sì,module,Magento_Config
Specified,Specificato,module,Magento_Config
"Config form fieldset clone model required to be able to clone fields","Model clone fieldset form config richiede l'abilitazione della clonazione dei campi",module,Magento_Config
"Invalid XML in file %1:\n%2","XML non valido nel file %1:\n%2",module,Magento_Config
"'There is no defined type ' .","'Non c'è nessun tipo definito'.",module,Magento_Config
"'Object is not instance of ' .","'Oggetto non è istanza di'.",module,Magento_Config
"some prefix","alcuni prefissi",module,Magento_Config
"element label","etichetta elemento",module,Magento_Config
"element hint","suggerimento elemento",module,Magento_Config
"element comment","commento elemento",module,Magento_Config
"element tooltip","elemento tooltip",module,Magento_Config
"Add after","Aggiungi dopo",module,Magento_Config
Delete,Elimina,module,Magento_Config
"Current Configuration Scope:","Ambito di configurazione corrente:",module,Magento_Config
Stores,Negozi,module,Magento_Config
"Add configurable attributes to the current Attribute Set (""%1"")","Aggiungi attributi configurabili al set di attributi corrente (""%1"")",module,Magento_ConfigurableProduct
"Add configurable attributes to the new Attribute Set based on current","Aggiungi attributi configurabili al nuovo set di attributi basato su quello corrente",module,Magento_ConfigurableProduct
"New attribute set name","Nome nuovo set di attributi",module,Magento_ConfigurableProduct
"Add configurable attributes to the existing Attribute Set","Aggiungi attributi configurabili al set di attributi esistente",module,Magento_ConfigurableProduct
"Choose existing Attribute Set","Scegli il set di attributi esistente",module,Magento_ConfigurableProduct
Save,Salva,module,Magento_ConfigurableProduct
"Save & New","Salva e Nuovo",module,Magento_ConfigurableProduct
"Save & Duplicate","Salva e Duplica",module,Magento_ConfigurableProduct
"Save & Close","Salva e Chiudi",module,Magento_ConfigurableProduct
Configurations,Configurazioni,module,Magento_ConfigurableProduct
"Attribute Values","Valori attributo",module,Magento_ConfigurableProduct
"Bulk Images &amp; Price","Immagini in massa e Prezzo",module,Magento_ConfigurableProduct
"Create New Attribute","Crea nuovo attributo",module,Magento_ConfigurableProduct
"Select Attributes","Selezionare gli attributi",module,Magento_ConfigurableProduct
Summary,Riepilogo,module,Magento_ConfigurableProduct
"Choose an Option...","Scegli un'opzione...",module,Magento_ConfigurableProduct
"This attribute is used in configurable products.","Questo attributo è utilizzato nei prodotti configurabili.",module,Magento_ConfigurableProduct
"Product has been already attached","Il prodotto è già stato associato",module,Magento_ConfigurableProduct
"Parent product does not have configurable product options","Il prodotto padre non ha il valore di attributo %1",module,Magento_ConfigurableProduct
"Child product does not have attribute value %1","Il prodotto figlio non ha il valore di attributo %1",module,Magento_ConfigurableProduct
"Product with specified sku: %1 is not a configurable product","Il prodotto con lo sku specificato: %1 non è un prodotto configurabile",module,Magento_ConfigurableProduct
"Requested option doesn't exist","L'opzione richiesta non esiste",module,Magento_ConfigurableProduct
"Requested option doesn't exist: %1","L'opzione richiesta non esiste: %1",module,Magento_ConfigurableProduct
"Cannot delete variations from product: %1","Impossibile eliminare le varianti del prodotto: %1",module,Magento_ConfigurableProduct
"Cannot delete option with id: %1","Non è possibile eliminare l'opzione con id %1",module,Magento_ConfigurableProduct
"Option with id ""%1"" not found","Opzione con id ""%1"" non trovata",module,Magento_ConfigurableProduct
"Something went wrong while saving option.","Qualcosa è andato storto durante il salvataggio dell'opzione.",module,Magento_ConfigurableProduct
"Only implemented for configurable product: %1","Implementato solo per prodotti configurabili: %1",module,Magento_ConfigurableProduct
"Option attribute ID is not specified.","ID attributo opzione non specificato.",module,Magento_ConfigurableProduct
"Option label is not specified.","Etichetta opzione non specificata.",module,Magento_ConfigurableProduct
"Option values are not specified.","Valori opzione non specificati.",module,Magento_ConfigurableProduct
"Value index is not specified for an option.","Indice del valore non è specificato per una opzione.",module,Magento_ConfigurableProduct
"Product with id ""%1"" does not contain required attribute ""%2"".","Il prodotto con l'id ""%1"" non contiene l'attributo obbligatorio ""%2"".",module,Magento_ConfigurableProduct
"Products ""%1"" and ""%2"" have the same set of attribute values.","I prodotti ""%1"" e ""%2"" hanno gli stessi valori del set di attributi.",module,Magento_ConfigurableProduct
"You can't add the item to shopping cart.","Non è possibile aggiungere l'articolo al carrello.",module,Magento_ConfigurableProduct
"You need to choose options for your item.","Seleziona le opzioni per il prodotto.",module,Magento_ConfigurableProduct
"Some product variations fields are not valid.","Alcuni campi delle varianti del prodotto non sono validi.",module,Magento_ConfigurableProduct
"Configuration must have specified attributes","Configurazione deve avere gli attributi specificati",module,Magento_ConfigurableProduct
"Type %1 is not an instance of %2","Tipo %1 non è un'istanza di %2",module,Magento_ConfigurableProduct
"Choose Affected Attribute Set","Scegliere il set di attributi interessato",module,Magento_ConfigurableProduct
"Add configurable attributes to the current Attribute Set","Aggiungere attributi configurabili all'attuale Set di Attributi",module,Magento_ConfigurableProduct
Confirm,Conferma,module,Magento_ConfigurableProduct
"New Attribute Set Name","Nuovo nome del Set di attributi",module,Magento_ConfigurableProduct
"Select Associated Product","Seleziona prodotto associato",module,Magento_ConfigurableProduct
Done,Fatto,module,Magento_ConfigurableProduct
"Choose a new product to delete and replace the current product configuration.","Scegliere un nuovo prodotto per eliminare e sostituire l'attuale configurazione del prodotto.",module,Magento_ConfigurableProduct
"For better results, add attributes and attribute values to your products.","Per ottenere risultati migliori, aggiungere gli attributi e i valori di attributo ai tuoi prodotti.",module,Magento_ConfigurableProduct
"Configurable products allow customers to choose options (Ex: shirt color). You need to create a simple product for each configuration (Ex: a product for each color).","I prodotti configurabili consentono ai clienti di scegliere le opzioni (Ex: colore camicia). È necessario creare un prodotto semplice per ogni configurazione (Ex: un prodotto per ogni colore).",module,Magento_ConfigurableProduct
"Configurations cannot be created for a standard product with downloadable files. To create configurations, first remove all downloadable files.","Non è possibile creare configurazioni per un prodotto standard con file scaricabili. Per creare configurazioni, è necessario rimuovere prima tutti i file scaricabili.",module,Magento_ConfigurableProduct
"Add Products Manually","Aggiungi manualmente i prodotti",module,Magento_ConfigurableProduct
"Create Configurations","Crea configurazioni",module,Magento_ConfigurableProduct
"Current Variations","Variazioni correnti",module,Magento_ConfigurableProduct
Image,Immagine,module,Magento_ConfigurableProduct
Name,Nome,module,Magento_ConfigurableProduct
Price,Prezzo,module,Magento_ConfigurableProduct
Quantity,Quantità,module,Magento_ConfigurableProduct
Weight,Peso,module,Magento_ConfigurableProduct
Attributes,Attributi,module,Magento_ConfigurableProduct
Actions,Azioni,module,Magento_ConfigurableProduct
"Custom options with price type ""percent"" is not available for configurable product.","Le opzioni personalizzate con tipo prezzo ""percentuale"" non sono disponibili per il prodotto configurabile.",module,Magento_ConfigurableProduct
"This group contains attributes used in configurable products. Please move these attributes to another group and try again.","Questo gruppo contiene degli attributi utilizzati in prodotti configurabili. Sposta questi attributi in un altro gruppo e riprova.",module,Magento_ConfigurableProduct
"This attribute is used in configurable products. You cannot remove it from the attribute set.","Questo attributo viene utilizzato nei prodotti configurabili. Non è possibile rimuoverlo dal set di attributi.",module,Magento_ConfigurableProduct
"Associated Products","Prodotti associati",module,Magento_ConfigurableProduct
"Step 2: Attribute Values","Passo 2: Valori attributo",module,Magento_ConfigurableProduct
"Sort Variations","Ordina varianti",module,Magento_ConfigurableProduct
Options,Opzioni,module,Magento_ConfigurableProduct
"Select All","Seleziona tutto",module,Magento_ConfigurableProduct
"Deselect All","Deseleziona tutto",module,Magento_ConfigurableProduct
"Remove Attribute","Rimuovi attributo",module,Magento_ConfigurableProduct
"Save Option","Salva opzione",module,Magento_ConfigurableProduct
"Remove Option","Rimuovi opzione",module,Magento_ConfigurableProduct
"Create New Value","Crea un nuovo valore",module,Magento_ConfigurableProduct
"Step 3: Bulk Images, Price and Quantity","Passo 3: immagini, prezzo e quantità",module,Magento_ConfigurableProduct
"Based on your selections %1 new products will be created. Use this step to customize images and price for your new products.","In base alle tue selezioni effettuate, %1 nuovi prodotti verranno creati. Utilizzare queste indicazioni per personalizzare le immagini e il prezzo dei vostri nuovi prodotti.",module,Magento_ConfigurableProduct
Images,Immagini,module,Magento_ConfigurableProduct
"Apply single set of images to all SKUs","Applica un singolo set di immagini per tutti gli SKU",module,Magento_ConfigurableProduct
"Apply unique images by attribute to each SKU","Applica immagine unica per attributo per ogni SKU",module,Magento_ConfigurableProduct
"Skip image uploading at this time","Salta il caricamento dell'immagine in questo momento",module,Magento_ConfigurableProduct
"Browse Files...","Sfoglia i file...",module,Magento_ConfigurableProduct
"Browse to find or drag image here","Sfoglia o trascina l'immagine qui",module,Magento_ConfigurableProduct
"Remove image","Rimuovi immagine",module,Magento_ConfigurableProduct
Hidden,Nascosto,module,Magento_ConfigurableProduct
"Alt Text","Testo alternativo",module,Magento_ConfigurableProduct
Role,Ruolo,module,Magento_ConfigurableProduct
"Image Size","Dimensione Immagine",module,Magento_ConfigurableProduct
"Image Resolution","Risoluzione Immagine",module,Magento_ConfigurableProduct
"Hide from Product Page","Nascondi dalla pagina prodotto",module,Magento_ConfigurableProduct
"Select attribute","Seleziona attributo",module,Magento_ConfigurableProduct
Select,Seleziona,module,Magento_ConfigurableProduct
"Apply single price to all SKUs","Applica il prezzo singolo per tutti gli SKU",module,Magento_ConfigurableProduct
"Apply unique prices by attribute to each SKU","Applica prezzo unico per attributo per ogni SKU",module,Magento_ConfigurableProduct
"Skip price at this time","Salta prezzo in questo momento",module,Magento_ConfigurableProduct
"Apply single quantity to each SKUs","Applica quantità singola per ogni Sku",module,Magento_ConfigurableProduct
"Apply unique quantity by attribute to each SKU","Applica quantità unica per attributo per ogni SKU",module,Magento_ConfigurableProduct
"Skip quantity at this time","Salta quantità in questo momento",module,Magento_ConfigurableProduct
"Step 1: Select Attributes","Passo 1: Selezionare gli attributi",module,Magento_ConfigurableProduct
"Selected Attributes:","Attributi selezionati:",module,Magento_ConfigurableProduct
"Step 4: Summary","Passo 4: Riepilogo",module,Magento_ConfigurableProduct
"Configurable products allow customers to choose options (Ex: shirt color).
            You need to create a simple product for each configuration (Ex: a product for each color).","I prodotti configurabili consentono ai clienti di scegliere tra diverse opzioni (es: colore camicia).                     Devi creare un prodotto semplice per ogni configurazione (es: un prodotto per ogni colore).",module,Magento_ConfigurableProduct
"Edit Configurations","Modifica configurazioni",module,Magento_ConfigurableProduct
"Upload Image","Carica immagine",module,Magento_ConfigurableProduct
"Upload image","Carica immagine",module,Magento_ConfigurableProduct
"No Image","Nessuna immagine",module,Magento_ConfigurableProduct
"Choose a different Product","Scegli un prodotto diverso",module,Magento_ConfigurableProduct
"Remove Product","Rimuovere il prodotto",module,Magento_ConfigurableProduct
"Create Product Configurations","Crea configurazioni prodotto",module,Magento_ConfigurableProduct
Cancel,Annulla,module,Magento_ConfigurableProduct
"Special Price","Prezzo speciale",module,Magento_ConfigurableProduct
"Regular Price","Prezzo normale",module,Magento_ConfigurableProduct
"Page not found.","Pagina non trovata.",module,Magento_Contact
"Thanks for contacting us with your comments and questions. We'll respond to you very soon.","Grazie per averci contattato con i vostri commenti e domande. Vi risponderemo al più presto.",module,Magento_Contact
"We can't process your request right now. Sorry, that's all we know.","Al momento è impossibile elaborare la richiesta. Siamo spiacenti, questo è tutto quello che sappiamo.",module,Magento_Contact
"* Required Fields","* Campi obbligatori",module,Magento_Contact
"Write Us",Scrivici,module,Magento_Contact
"Jot us a note and we’ll get back to you as quickly as possible.","Lasciaci una nota e ti risponderemo il più presto possibile.",module,Magento_Contact
Name,Nome,module,Magento_Contact
"Phone Number","Numero di telefono",module,Magento_Contact
"What’s on your mind?","A che cosa stai pensando?",module,Magento_Contact
Submit,Invia,module,Magento_Contact
"Invalid domain name: %1","Nome di dominio non valido: %1",module,Magento_Cookie
"Invalid cookie lifetime: %1","Durata del cookie non valida",module,Magento_Cookie
"Invalid cookie path","Percorso del cookie non valido",module,Magento_Cookie
"We use cookies to make your experience better.","Utilizziamo i cookie per rendere migliore la tua esperienza di navigazione.",module,Magento_Cookie
"To comply with the new e-Privacy directive, we need to ask for your consent to set the cookies.","Per rispettare la nuova direttiva sulla privacy, è necessario chiedere il tuo consenso per impostare i cookie.",module,Magento_Cookie
"<a href=""%1"">Learn more</a>.","<a href=""%1"">Per saperne di più</a>.",module,Magento_Cookie
"Allow Cookies","Consenti i cookie",module,Magento_Cookie
"We can't save the cron expression.","Impossibile salvare l'espressione cron.",module,Magento_Cron
Daily,Giornalmente,module,Magento_Cron
Weekly,Settimanalmente,module,Magento_Cron
Monthly,Mensilmente,module,Magento_Cron
"Invalid cron expression: %1","Espressione cron non valida: %1",module,Magento_Cron
"Invalid cron expression, expecting 'match/modulus': %1","Espressione cron non valida, atteso 'match/modulus': %1",module,Magento_Cron
"Invalid cron expression, expecting numeric modulus: %1","Espressione cron non valida, attesi moduli numerici: %1",module,Magento_Cron
"Invalid cron expression, expecting 'from-to' structure: %1","Espressione cron non valida, attesa struttura 'from-to': %1",module,Magento_Cron
"Save Currency Rates","Salva i tassi di cambio valuta",module,Magento_CurrencySymbol
Options,Opzioni,module,Magento_CurrencySymbol
Import,Importa,module,Magento_CurrencySymbol
"Manage Currency Rates","Gestisci tassi di cambio valuta",module,Magento_CurrencySymbol
"Import Service","Servizio di importazione",module,Magento_CurrencySymbol
"Save Currency Symbols","Salvare i simboli di valuta",module,Magento_CurrencySymbol
"Currency Symbols","Simboli valuta",module,Magento_CurrencySymbol
"Use Standard","Uso Standard",module,Magento_CurrencySymbol
"Please specify a correct Import Service.","Specifica un servizio di importazione valido.",module,Magento_CurrencySymbol
"We can't initialize the import model.","Non è possibile inizializzare il modello di importazione.",module,Magento_CurrencySymbol
"Click ""Save"" to apply the rates we found.","Fare clic su ""Salva"" per applicare le tariffe che abbiamo trovato.",module,Magento_CurrencySymbol
"Currency Rates","Tassi valuta",module,Magento_CurrencySymbol
"Please correct the input data for ""%1 => %2"" rate.","Correggi i dati di input per il tasso ""%1 => %2"".",module,Magento_CurrencySymbol
"All valid rates have been saved.","Tutte le tariffe valide sono state salvate.",module,Magento_CurrencySymbol
System,Sistema,module,Magento_CurrencySymbol
"You applied the custom currency symbols.","Hai applicato i simboli di valuta personalizzato.",module,Magento_CurrencySymbol
"You must first configure currency options before being able to see currency rates.","È innanzitutto necessario configurare le valute prima di essere in grado di vedere i tassi di cambio.",module,Magento_CurrencySymbol
"Old rate:","Tasso precedente:",module,Magento_CurrencySymbol
"Please specify a website.","Si prega di specificare un website.",module,Magento_CustomerImportExport
"Please specify an email.","Specifica una email.",module,Magento_CustomerImportExport
"We found an invalid value in a website column.","Abbiamo trovato un valore non valido in una colonna website.",module,Magento_CustomerImportExport
"Please enter a valid email.","Inserisci un indirizzo email valido.",module,Magento_CustomerImportExport
"Please make sure attribute ""%s"" is not empty.","Assicurati che l'attributo ""%s"" non sia vuoto.",module,Magento_CustomerImportExport
"We can't find a customer who matches this email and website code.","Impossibile trovare un cliente che corrisponda a questa email e sito Web.",module,Magento_CustomerImportExport
"Customer address id column is not specified","Colonna id indirizzo cliente non è specificato",module,Magento_CustomerImportExport
"We can't find that customer address.","Non è possibile trovare quell'indirizzo cliente.",module,Magento_CustomerImportExport
"Please enter a valid region.","Si prega di inserire una provincia valida.",module,Magento_CustomerImportExport
"We found another row with this email, website and address ID combination.","È stata trovata un'altra riga con questa combinazione di email, sito web e indirizzo.",module,Magento_CustomerImportExport
"This email is found more than once in the import file.","Questa email è stata trovata più di una volta nel file di importazione.",module,Magento_CustomerImportExport
"Orphan rows that will be skipped due default row errors","Righe orfane che verranno saltate a causa di errori nella riga predefinita",module,Magento_CustomerImportExport
"Invalid value in Store column (store does not exists?)","Valore non valido nella colonna negozio (il negozio non esiste?)",module,Magento_CustomerImportExport
"We can't find that email and website combination.","Impossibile trovare quella combinazione email e sito Web.",module,Magento_CustomerImportExport
"Please enter a password with a valid length.","Inserire una password con una lunghezza valida.",module,Magento_CustomerImportExport
"Sign Out",Esci,module,Magento_Customer
"Sign In",Accedi,module,Magento_Customer
"You subscribe to our newsletter.","Ti sei iscritto alla nostra newsletter.",module,Magento_Customer
"You don't subscribe to our newsletter.","Non sei iscritto alla nostra newsletter.",module,Magento_Customer
"You have not set a default shipping address.","Non hai impostato un indirizzo di spedizione predefinito.",module,Magento_Customer
"You have not set a default billing address.","Non hai impostato un indirizzo di fatturazione predefinito.",module,Magento_Customer
"Address Book",Rubrica,module,Magento_Customer
"Edit Address","Modifica l'indirizzo",module,Magento_Customer
"Add New Address","Aggiungi nuovo indirizzo",module,Magento_Customer
region,regione,module,Magento_Customer
"Create Order","Crea Ordine",module,Magento_Customer
"Save Customer","Salva Cliente",module,Magento_Customer
"Delete Customer","Elimina Cliente",module,Magento_Customer
"Reset Password","Reimposta Password",module,Magento_Customer
"Are you sure you want to revoke the customer's tokens?","Sei sicuro di che voler revocare i token del cliente?",module,Magento_Customer
"Force Sign-In","Forza Registrazione",module,Magento_Customer
"New Customer","Nuovo Cliente",module,Magento_Customer
"Save and Continue Edit","Salva e continua modifica",module,Magento_Customer
Back,Indietro,module,Magento_Customer
"Please select",Seleziona,module,Magento_Customer
Reset,Reimposta,module,Magento_Customer
Product,Prodotto,module,Magento_Customer
Quantity,Quantità,module,Magento_Customer
Price,Prezzo,module,Magento_Customer
Total,Totale,module,Magento_Customer
Action,Azione,module,Magento_Customer
Configure,Configura,module,Magento_Customer
Delete,Elimina,module,Magento_Customer
"Shopping Cart from %1","Carrello da %1",module,Magento_Customer
"Newsletter Information","Informazioni Newsletter",module,Magento_Customer
"Subscribed to Newsletter","Iscritto alla Newsletter",module,Magento_Customer
"Last Date Subscribed","Data dell'ultimo iscritto",module,Magento_Customer
"Last Date Unsubscribed","Data ultimo disiscritto",module,Magento_Customer
"No Newsletter Found","Nessuna newsletter trovata",module,Magento_Customer
"Start date","Data Inizio",module,Magento_Customer
"End Date","Data Fine",module,Magento_Customer
"Receive Date","Data Ricezione",module,Magento_Customer
Subject,Oggetto,module,Magento_Customer
Status,Stato,module,Magento_Customer
Sent,Inviato,module,Magento_Customer
Cancel,Annulla,module,Magento_Customer
"Not Sent","Non Inviato",module,Magento_Customer
Sending,"Invio in corso",module,Magento_Customer
Paused,Sospeso,module,Magento_Customer
View,Mostra,module,Magento_Customer
Unknown,Sconosciuto,module,Magento_Customer
Order,Ordine,module,Magento_Customer
Purchased,Acquistato,module,Magento_Customer
"Bill-to Name","Fattura intestata a",module,Magento_Customer
"Ship-to Name","Nome Destinatario",module,Magento_Customer
"Order Total","Totale ordine",module,Magento_Customer
"Purchase Point","Punto di acquisto",module,Magento_Customer
"Customer View","Vista Cliente",module,Magento_Customer
"There are no items in customer's shopping cart.","Non ci sono articoli nel carrello del cliente.",module,Magento_Customer
Qty,Qtà,module,Magento_Customer
Confirmed,Confermato,module,Magento_Customer
"Confirmation Required","Conferma obbligatoria",module,Magento_Customer
"Confirmation Not Required","Conferma non obbligatoria",module,Magento_Customer
Indeterminate,Indeterminato,module,Magento_Customer
"The customer does not have default billing address.","Il cliente non dispone di un indirizzo di fatturazione predefinito.",module,Magento_Customer
Never,Mai,module,Magento_Customer
Unlocked,Sbloccato,module,Magento_Customer
Locked,Bloccato,module,Magento_Customer
"Deleted Stores","Negozi cancellati",module,Magento_Customer
"Add Locale","Aggiungi localizzazione",module,Magento_Customer
"Add Date","Aggiungi data",module,Magento_Customer
"Days in Wish List","Giorni nella lista desideri",module,Magento_Customer
Unlock,Sblocca,module,Magento_Customer
Yes,Sì,module,Magento_Customer
"Delete File","Elimina File",module,Magento_Customer
Download,Scarica,module,Magento_Customer
"Delete Image","Elimina immagine",module,Magento_Customer
"View Full Size","Vedi a grandezza intera",module,Magento_Customer
"All countries","Tutti i Paesi",module,Magento_Customer
"Customer Groups","Gruppi cliente",module,Magento_Customer
"Add New Customer Group","Aggiungi nuovo gruppo clienti",module,Magento_Customer
"Save Customer Group","Salva Gruppo clienti",module,Magento_Customer
"Delete Customer Group","Elimina gruppo clienti",module,Magento_Customer
"New Customer Group","Nuovo gruppo clienti",module,Magento_Customer
"Edit Customer Group ""%1""","Modifica gruppo clienti ""%1""",module,Magento_Customer
"Group Information","Informazioni gruppo",module,Magento_Customer
"Group Name","Nome gruppo",module,Magento_Customer
"Maximum length must be less then %1 characters.","La lunghezza massima deve essere minore di %1 caratteri.",module,Magento_Customer
"Tax Class","Classe Tassa",module,Magento_Customer
"The customer is now assigned to Customer Group %s.","Il cliente è ora assegnato al gruppo clienti %s.",module,Magento_Customer
"Would you like to change the Customer Group for this order?","Vuoi cambiare il gruppo cliente per questo ordine?",module,Magento_Customer
"The VAT ID is valid.","La partita IVA è valida.",module,Magento_Customer
"The VAT ID entered (%s) is not a valid VAT ID.","La partita IVA inserita (%s) non è una partita IVA valida.",module,Magento_Customer
"The VAT ID is valid. The current Customer Group will be used.","La partita IVA è valida. Verrà utilizzato il gruppo cliente corrente.",module,Magento_Customer
"The VAT ID is valid but no Customer Group is assigned for it.","La partita IVA è valida, ma non vi è nessun gruppo cliente è associato.",module,Magento_Customer
"Based on the VAT ID, the customer belongs to the Customer Group %s.","In base alla partita IVA, il cliente appartiene al gruppo clienti %s.",module,Magento_Customer
"Something went wrong while validating the VAT ID.","Qualcosa è andato storto durante la convalida della partita IVA.",module,Magento_Customer
"The customer would belong to Customer Group %s.","Il cliente apparterrebbe al gruppo clienti %s.",module,Magento_Customer
"There was an error detecting Customer Group.","Si è verificato un errore durante l'individuazione del gruppo cliente.",module,Magento_Customer
"Validate VAT Number","Convalida partita IVA",module,Magento_Customer
"Customer Login","Login cliente",module,Magento_Customer
"Create New Customer Account","Crea nuovo account cliente",module,Magento_Customer
"Date of Birth","Data di nascita",module,Magento_Customer
"Bad request.","Richiesta non valida.",module,Magento_Customer
"This confirmation key is invalid or has expired.","Questa chiave di conferma non è valida oppure è scaduta.",module,Magento_Customer
"There was an error confirming the account","Si è verificato un errore confermando l'account",module,Magento_Customer
"If you are a registered VAT customer, please click <a href=""%1"">here</a> to enter your shipping address for proper VAT calculation.","Se sei un cliente registrato con P.IVA, fai click <a href=""%1"">qui</a> per inserire il tuo indirizzo di spedizione per il calcolo corretto delle tasse.",module,Magento_Customer
"If you are a registered VAT customer, please click <a href=""%1"">here</a> to enter your billing address for proper VAT calculation.","Se sei un cliente registrato con P.IVA, fai click <a href=""%1"">qui</a> per inserire il tuo indirizzo di fatturazione per il calcolo corretto delle tasse.",module,Magento_Customer
"Thank you for registering with %1.","Grazie per esserti registrato con %1.",module,Magento_Customer
"Please check your email for confirmation key.","Controlla la tua email per la chiave di conferma.",module,Magento_Customer
"This email does not require confirmation.","Questa email non richiede la conferma.",module,Magento_Customer
"Wrong email.","Email errata.",module,Magento_Customer
"Your password reset link has expired.","Il link per il reset della password è scaduto.",module,Magento_Customer
"You must confirm your account. Please check your email for the confirmation link or <a href=""%1"">click here</a> for a new link.","Devi confermare il tuo account. Controlla la tua email per il link di conferma o <a href=""%1"">clicca qui</a> per un nuovo link.",module,Magento_Customer
"There is already an account with this email address. If you are sure that it is your email address, <a href=""%1"">click here</a> to get your password and access your account.","Esiste già un account con questo indirizzo email. Se sei certo che sia il tuo indirizzo email, <a href=""%1""> clicca qui</a> per ottenere la password e accedere al tuo account.",module,Magento_Customer
"We can't save the customer.","Non è possibile salvare il cliente.",module,Magento_Customer
"Please make sure your passwords match.","Assicurati che le password corrispondano.",module,Magento_Customer
"If you are a registered VAT customer, please <a href=""%1"">click here</a> to enter your shipping address for proper VAT calculation.","Se sei un cliente registrato con P.IVA, fai click <a href=""%1"">qui</a> per inserire il tuo indirizzo di spedizione per il calcolo corretto delle tasse.",module,Magento_Customer
"If you are a registered VAT customer, please <a href=""%1"">click here</a> to enter your billing address for proper VAT calculation.","Se sei un cliente registrato con P.IVA, fai click <a href=""%1"">qui</a> per inserire il tuo indirizzo di fatturazione per il calcolo corretto delle tasse.",module,Magento_Customer
"Account Information","Informazioni sull'account",module,Magento_Customer
"You saved the account information.","Hai salvato le informazioni sull'account.",module,Magento_Customer
"Password confirmation doesn't match entered password.","La conferma password non corrisponde alla password immessa.",module,Magento_Customer
"The password doesn't match this account.","La password non corrisponde a questo account.",module,Magento_Customer
"Please correct the email address.","Si prega di correggere l'indirizzo di posta elettronica.",module,Magento_Customer
"We're unable to send the password reset email.","Impossibile inviare l'email per il reset della password.",module,Magento_Customer
"Please enter your email.","Inserisci la tua email.",module,Magento_Customer
"If there is an account associated with %1 you will receive an email with a link to reset your password.","Se c'è un account associato con %1 riceverai un'email con il link per reimpostare la password.",module,Magento_Customer
"My Account","Il mio Account",module,Magento_Customer
"This account is not confirmed. <a href=""%1"">Click here</a> to resend confirmation email.","Questo account non è confermato. <a href=""%1"">Clicca qui</a> per reinviare l'email di conferma.",module,Magento_Customer
"Invalid login or password.","Login o Password non validi.",module,Magento_Customer
"An unspecified error occurred. Please contact us for assistance.","Si è verificato un errore non specificato. Contattaci.",module,Magento_Customer
"A login and a password are required.","Login e password sono obbligatori.",module,Magento_Customer
"New Password and Confirm New Password values didn't match.","I valori della nuova password e della conferma della nuova password non corrispondono.",module,Magento_Customer
"Please enter a new password.","Inserisci la nuova password.",module,Magento_Customer
"You updated your password.","Hai aggiornato la tua password.",module,Magento_Customer
"Something went wrong while saving the new password.","Qualcosa è andato storto durante il salvataggio della nuova password.",module,Magento_Customer
"You deleted the address.","È stato eliminato l'indirizzo.",module,Magento_Customer
"We can't delete the address right now.","Non possiamo eliminare l'indirizzo in questo momento.",module,Magento_Customer
"You saved the address.","Hai salvato l'indirizzo.",module,Magento_Customer
"We can't save the address.","Impossibile salvare l'indirizzo.",module,Magento_Customer
"No customer ID defined.","Nessun ID cliente definito.",module,Magento_Customer
"Please correct the quote items and try again.","Correggi gli elementi del preventivo e riprova.",module,Magento_Customer
"You have revoked the customer's tokens.","Hai revocato i token del cliente.",module,Magento_Customer
"We can't find a customer to revoke.","Non riusciamo a trovare un cliente per la revoca.",module,Magento_Customer
"Something went wrong while saving file.","Errore durante il salvataggio file.",module,Magento_Customer
"You deleted the customer group.","Hai eliminato il gruppo clienti.",module,Magento_Customer
"The customer group no longer exists.","Il gruppo clienti non esiste più.",module,Magento_Customer
Customers,Clienti,module,Magento_Customer
"New Group","Nuovo gruppo",module,Magento_Customer
"New Customer Groups","Nuovi gruppi Clienti",module,Magento_Customer
"Edit Group","Modifica Gruppo",module,Magento_Customer
"Edit Customer Groups","Modifica i gruppi clienti",module,Magento_Customer
"You saved the customer group.","Hai salvato il gruppo clienti.",module,Magento_Customer
"Please select customer(s).","Seleziona i clienti.",module,Magento_Customer
"Customer could not be deleted.","Impossibile eliminare il cliente.",module,Magento_Customer
"You deleted the customer.","Hai eliminato il cliente.",module,Magento_Customer
"Something went wrong while editing the customer.","Qualcosa è andato storto durante la modifica del cliente.",module,Magento_Customer
"Manage Customers","Gestisci Clienti",module,Magento_Customer
"Please correct the data sent.","Si prega di correggere i dati inviati.",module,Magento_Customer
"A total of %1 record(s) were updated.","Un totale di %1 record sono stati aggiornati.",module,Magento_Customer
"A total of %1 record(s) were deleted.","Un totale di %1 record sono stati eliminati.",module,Magento_Customer
"The customer will receive an email with a link to reset password.","Il cliente riceverà un'email con un link per reimpostare la password.",module,Magento_Customer
"Something went wrong while resetting customer password.","Qualcosa è andato storto durante la reimpostazione della password del cliente.",module,Magento_Customer
"You saved the customer.","Hai salvato il cliente.",module,Magento_Customer
"Something went wrong while saving the customer.","Qualcosa è andato storto durante il salvataggio del cliente.",module,Magento_Customer
"Page not found.","Pagina non trovata.",module,Magento_Customer
"Customer has been unlocked successfully.","Il cliente è stato sbloccato con successo.",module,Magento_Customer
"Online Customers","Clienti online",module,Magento_Customer
"Customers Now Online","Clienti ora online",module,Magento_Customer
"Please define Wish List item ID.","Specifica l'ID dell'elemento della lista desideri.",module,Magento_Customer
"Please load Wish List item.","Carica l'elemento della lista desideri",module,Magento_Customer
"Login successful.","Login effettuato.",module,Magento_Customer
"""%1"" section source is not supported","Il sorgente della sezione ""%1"" non è supportato",module,Magento_Customer
"%1 doesn't extend \Magento\Customer\CustomerData\SectionSourceInterface","%1 non estende \Magento\Customer\CustomerData\SectionSourceInterface",module,Magento_Customer
"No confirmation needed.","Nessuna conferma necessaria.",module,Magento_Customer
"Account already active","Account già attivo",module,Magento_Customer
"Invalid confirmation token","Token di conferma non valido",module,Magento_Customer
"The account is locked.","L'account è bloccato.",module,Magento_Customer
"This account is not confirmed.","Questo account non è stato confermato.",module,Magento_Customer
"Invalid value of ""%value"" provided for the %fieldName field.","Valore non valido di ""% valore"" fornito per il campo di %fieldName.",module,Magento_Customer
"Please enter a password with at most %1 characters.","Inserisci una password con almeno %1 caratteri.",module,Magento_Customer
"Please enter a password with at least %1 characters.","Inserisci una password con almeno %1 caratteri.",module,Magento_Customer
"The password can't begin or end with a space.","La password non può iniziare o terminare con uno spazio.",module,Magento_Customer
"Minimum of different classes of characters in password is %1. Classes of characters: Lower Case, Upper Case, Digits, Special Characters.","Il minimo di diverse classi di caratteri nella password è %1. Classi di caratteri: lettere minuscole, lettere maiuscole, cifre e caratteri speciali.",module,Magento_Customer
"This customer already exists in this store.","Questo cliente esiste già in questo negozio.",module,Magento_Customer
"A customer with the same email already exists in an associated website.","Un cliente con lo stesso indirizzo email esiste già nel website associato.",module,Magento_Customer
"%fieldName is a required field.","%fieldName è un campo obbligatorio.",module,Magento_Customer
"Reset password token mismatch.","Mancata corrispondenza del token per il reset della password.",module,Magento_Customer
"Reset password token expired.","Token di reset della password scaduto.",module,Magento_Customer
"Please correct the transactional account email type.","Correggi il tipo di account email transazionale.",module,Magento_Customer
"Please enter the state/province.","Inserisci la provincia.",module,Magento_Customer
"""%1"" is a required value.","""%1"" è un valore obbligatorio.",module,Magento_Customer
Global,Globale,module,Magento_Customer
"Per Website","Per website",module,Magento_Customer
"We can't share customer accounts globally when the accounts share identical email addresses on more than one website.","Non è possibile condividere gli account dei clienti a livello globale quando gli account condividono indirizzi email identici su più website.",module,Magento_Customer
"Billing Address","Indirizzo di Fatturazione",module,Magento_Customer
"Shipping Address","Indirizzo di Spedizione",module,Magento_Customer
"-- Please Select --","-- Seleziona --",module,Magento_Customer
"Please enter a valid password reset token.","Inserisci un token di reset della password valido.",module,Magento_Customer
"The password can not begin or end with a space.","La password non può iniziare o terminare con uno spazio.",module,Magento_Customer
"ALL GROUPS","TUTTI I GRUPPI",module,Magento_Customer
"No such entity with %fieldName = %fieldValue, %field2Name = %field2Value","Nessun tale entità con %fieldName = %fieldValue, %field2Name = %field2Value",module,Magento_Customer
"File can not be saved to the destination folder.","Il file non può essere salvato nella cartella di destinazione.",module,Magento_Customer
"Unable to create directory %1.","Impossibile creare la directory: %1.",module,Magento_Customer
"Destination folder is not writable or does not exists.","La cartella di destinazione non è scrivibile o non esiste.",module,Magento_Customer
"Something went wrong while saving the file.","Errore durante il salvataggio del file.",module,Magento_Customer
"Attribute object is undefined","L'oggetto attributo non è definito",module,Magento_Customer
"""%1"" invalid type entered.","E' stato inserito un tipo non valido ""%1""",module,Magento_Customer
"""%1"" contains non-alphabetic or non-numeric characters.","""%1"" contiene caratteri non alfabetici o non numerici.",module,Magento_Customer
"""%1"" is an empty string.","""%1"" è una stringa vuota.",module,Magento_Customer
"""%1"" contains non-numeric characters.","""%1"" contiene caratteri non numerici.",module,Magento_Customer
"""%1"" contains non-alphabetic characters.","""%1"" contiene caratteri non alfabetici.",module,Magento_Customer
"""%1"" is not a valid email address.","""%1"" non è un indirizzo email valido.",module,Magento_Customer
"""%1"" is not a valid hostname.","""%1"" non è un hostname valido.",module,Magento_Customer
"""%1"" uses too many characters.","""%1"" utilizza troppi caratteri.",module,Magento_Customer
"'%value%' looks like an IP address, which is not an acceptable format.","'%value%' si presenta come un indirizzo IP, il che non è un formato accettabile.",module,Magento_Customer
"'%value%' looks like a DNS hostname but we cannot match the TLD against known list.","'%value%' sembra un hostname DNS, ma non è possibile abbinare il TLD contro lista conosciuta.",module,Magento_Customer
"'%value%' looks like a DNS hostname but contains a dash in an invalid position.","'%value%' sembra un hostname DNS, ma contiene un trattino in una posizione non valida.",module,Magento_Customer
"'%value%' looks like a DNS hostname but we cannot match it against the hostname schema for TLD '%tld%'.","'%value%' sembra un hostname DNS, ma non è possibile abbinarlo rispetto allo schema di hostname per TLD '%tld%'.",module,Magento_Customer
"'%value%' looks like a DNS hostname but cannot extract TLD part.","'%value%' sembra un hostname DNS ma non è possibile estrarre la parte TLD.",module,Magento_Customer
"'%value%' does not look like a valid local network name.","'%value%' non sembra un nome di rete locale valido.",module,Magento_Customer
"'%value%' looks like a local network name, which is not an acceptable format.","'%value%' si presenta come un nome di rete locale, che non è un formato accettabile.",module,Magento_Customer
"'%value%' appears to be a DNS hostname, but the given punycode notation cannot be decoded.","'%value%' sembra essere un hostname DNS, ma la notazione punycode specificato non può essere decodificata.",module,Magento_Customer
"""%1"" is not a valid URL.","""%1"" non è un URL valido.",module,Magento_Customer
"""%1"" is not a valid date.","""%1"" non è una data valida.",module,Magento_Customer
"""%1"" does not fit the entered date format.","""%1"" non si adatta il formato data immessa.",module,Magento_Customer
"Please enter a valid date between %1 and %2 at %3.","Inserisci una data valida tra %1 e %2 a %3.",module,Magento_Customer
"Please enter a valid date equal to or greater than %1 at %2.","Inserisci una data valida uguale o maggiore di %1 a %2.",module,Magento_Customer
"Please enter a valid date less than or equal to %1 at %2.","Inserisci una data valida minore o uguale a %1 a %2.",module,Magento_Customer
"""%1"" is not a valid file extension.","""%1"" non è un'estensione file valida.",module,Magento_Customer
"""%1"" is not a valid file.","""%1"" non è un file valido.",module,Magento_Customer
"""%1"" exceeds the allowed file size.","""%1"" supera la dimensione consentita per i file.",module,Magento_Customer
"""%1"" is not a valid image format.","""%1"" non è un formato di immagine valido.",module,Magento_Customer
"""%1"" width exceeds allowed value of %2 px.","La larghezza ""%1"" supera il valore consentito di %2 px.",module,Magento_Customer
"""%1"" height exceeds allowed value of %2 px.","L'altezza ""%1"" supera il valore consentito di %2 px.",module,Magento_Customer
"""%1"" length must be equal or greater than %2 characters.","La lunghezza ""%1"" deve essere uguale o maggiore di %2 caratteri.",module,Magento_Customer
"""%1"" length must be equal or less than %2 characters.","La lunghezza ""%1"" deve essere uguale o minore di %2 caratteri.",module,Magento_Customer
label,etichetta,module,Magento_Customer
"Please enter a customer email.","Inserisci un'email cliente.",module,Magento_Customer
"A customer website ID must be specified when using the website scope.","ID del website del cliente deve essere specificato quando si utilizza il campo di applicazione del website.",module,Magento_Customer
"Customer Group","Gruppo clienti",module,Magento_Customer
"You can't delete group ""%1"".","Non è possibile eliminare il gruppo ""%1"".",module,Magento_Customer
"Customer Group already exists.","Il gruppo cliente esiste già.",module,Magento_Customer
"Cannot delete group.","Non è possibile eliminare il gruppo.",module,Magento_Customer
"Error during VAT Number verification.","Errore durante la verifica del numero di partita IVA.",module,Magento_Customer
"PHP SOAP extension is required.","L'estensione PHP SOAP è obbligatoria.",module,Magento_Customer
"VAT Number is valid.","La partita IVA è valida.",module,Magento_Customer
"Please enter a valid VAT number.","Inserisci un numero di partita IVA valido.",module,Magento_Customer
"Your VAT ID was successfully validated.","La tua partita Iva è stata validata correttamente.",module,Magento_Customer
"You will be charged tax.","Verranno addebitate le tasse.",module,Magento_Customer
"You will not be charged tax.","Non verranno addebitate le tasse.",module,Magento_Customer
"The VAT ID entered (%1) is not a valid VAT ID.","La partita IVA inserita (%1) non è una partita IVA valida.",module,Magento_Customer
"Your Tax ID cannot be validated.","Il tuo codice fiscale non può essere convalidato.",module,Magento_Customer
"If you believe this is an error, please contact us at %1","Se credete che questo sia un errore, contattaci a %1",module,Magento_Customer
"No such entity with %fieldName = %fieldValue","Nessun entità tale con %fieldName = %fieldValue",module,Magento_Customer
Male,Uomo,module,Magento_Customer
Female,Donna,module,Magento_Customer
"Not Specified","Non specificato",module,Magento_Customer
"Thank you for registering with","Grazie per esserti registrato con",module,Magento_Customer
"enter your billing address for proper VAT calculation","inserisci il tuo indirizzo di fatturazione per il corretto calcolo delle tasse",module,Magento_Customer
"enter your shipping address for proper VAT calculation","inserisci il tuo indirizzo di spedizione per il corretto calcolo delle tasse",module,Magento_Customer
"Please enter new password.","Inserisci la nuova password.",module,Magento_Customer
message,messaggio,module,Magento_Customer
Exception,Eccezione,module,Magento_Customer
"This account is not confirmed. <a href=""%1"">Click here</a> to resend confirmation email.","Questo account non è confermato. <a href=""%1"">Clicca qui</a> per reinviare l'email di conferma.",module,Magento_Customer
InputException.,InputEccezione.,module,Magento_Customer
"Exception message","Messaggio di eccezione",module,Magento_Customer
"some error","qualche errore",module,Magento_Customer
"NOT LOGGED IN","NON LOGGATO",module,Magento_Customer
Label,Etichetta,module,Magento_Customer
Select...,Seleziona...,module,Magento_Customer
Edit,Modifica,module,Magento_Customer
Visitor,Visitatore,module,Magento_Customer
Customer,Cliente,module,Magento_Customer
"No item specified.","Nessun elemento specificato.",module,Magento_Customer
"Are you sure you want to remove this item?","Sei sicuro di voler eliminare questo elemento?",module,Magento_Customer
"Personal Information","Informazioni personali",module,Magento_Customer
"Last Logged In:","Ultimo accesso:",module,Magento_Customer
"Last Logged In (%1):","Ultimo accesso in (%1):",module,Magento_Customer
"Account Lock:","Blocco dell'account:",module,Magento_Customer
"Confirmed email:","Conferma email:",module,Magento_Customer
"Account Created:","Account creato:",module,Magento_Customer
"Account Created on (%1):","Account creato su (%1):",module,Magento_Customer
"Account Created in:","Account creato in:",module,Magento_Customer
"Customer Group:","Gruppo clienti:",module,Magento_Customer
"Default Billing Address","Indirizzo di fatturazione predefinito",module,Magento_Customer
"Sales Statistics","Statistiche di vendita",module,Magento_Customer
"Web Site",Website,module,Magento_Customer
Store,Negozio,module,Magento_Customer
"Store View","Vista Negozio",module,Magento_Customer
"Lifetime Sales","Vendite totali",module,Magento_Customer
"Average Sale","Vendita media",module,Magento_Customer
"All Store Views","Tutte le Viste Negozio",module,Magento_Customer
Change,Modifica,module,Magento_Customer
"Manage Addresses","Gestisci Indirizzi",module,Magento_Customer
"Default Shipping Address","Indirizzo di spedizione predefinito",module,Magento_Customer
"Contact Information","Informazioni di Contatto",module,Magento_Customer
"Change Password","Cambia Password",module,Magento_Customer
Newsletters,Newsletter,module,Magento_Customer
"You subscribe to ""General Subscription"".","Ti sei iscritto all""abbonamento generale"".",module,Magento_Customer
or,o,module,Magento_Customer
"Default Addresses","Indirizzi predefiniti",module,Magento_Customer
"Change Billing Address","Cambia indirizzo di fatturazione",module,Magento_Customer
"You have no default billing address in your address book.","Non hai nessun indirizzo di fatturazione predefinito nella tua rubrica.",module,Magento_Customer
"Change Shipping Address","Cambia Indirizzo di spedizione",module,Magento_Customer
"You have no default shipping address in your address book.","Non hai nessun indirizzo di spedizione predefinito nella tua rubrica.",module,Magento_Customer
"Additional Address Entries","Voci indirizzo aggiuntivi",module,Magento_Customer
"Delete Address","Elimina indirizzo",module,Magento_Customer
"You have no other address entries in your address book.","Non hai ulteriori indirizzi nella tua rubrica.",module,Magento_Customer
"* Required Fields","* Campi obbligatori",module,Magento_Customer
Company,Società,module,Magento_Customer
"Phone Number","Numero di telefono",module,Magento_Customer
Address,Indirizzo,module,Magento_Customer
"Street Address",Indirizzo,module,Magento_Customer
"Street Address %1","Indirizzo %1",module,Magento_Customer
"VAT Number","Partita Iva",module,Magento_Customer
City,Città,module,Magento_Customer
State/Province,Stato/Provincia,module,Magento_Customer
"Please select a region, state or province.","Seleziona la regione, stato o provincia.",module,Magento_Customer
"Zip/Postal Code",CAP,module,Magento_Customer
Country,Paese,module,Magento_Customer
"It's a default billing address.","È un indirizzo di fatturazione predefinito.",module,Magento_Customer
"Use as my default billing address","Usa come indirizzo di fatturazione predefinito",module,Magento_Customer
"It's a default shipping address.","È un indirizzo di spedizione predefinito.",module,Magento_Customer
"Use as my default shipping address","Usa come indirizzo di spedizione predefinito",module,Magento_Customer
"Save Address","Salva indirizzo",module,Magento_Customer
"Go back",Indietro,module,Magento_Customer
"Please enter your email below and we will send you the confirmation link.","Inserisci il tuo indirizzo email qui sotto e ti invieremo il link di conferma.",module,Magento_Customer
"Send confirmation link","Invia il link di conferma",module,Magento_Customer
"Back to Sign In","Torna alla registrazione",module,Magento_Customer
"Change Email","Cambia email",module,Magento_Customer
"Change Email and Password","Cambia E-mail e Password",module,Magento_Customer
"Current Password","Password attuale",module,Magento_Customer
"New Password","Nuova Password",module,Magento_Customer
"Password Strength","Sicurezza della password",module,Magento_Customer
"No Password","Nessuna Password",module,Magento_Customer
"Confirm New Password","Conferma nuova Password",module,Magento_Customer
Save,Salva,module,Magento_Customer
"Please enter your email address below to receive a password reset link.","Inserisci il tuo indirizzo email qui sotto per ricevere un link di reimpostazione della password.",module,Magento_Customer
"Reset My Password","Resetta la mia password",module,Magento_Customer
"Registered Customers","Clienti registrati",module,Magento_Customer
"If you have an account, sign in with your email address.","Se hai un account, accedi con il tuo indirizzo email.",module,Magento_Customer
"Forgot Your Password?","Hai dimenticato la password?",module,Magento_Customer
"Subscription option","Opzioni di iscrizione",module,Magento_Customer
"General Subscription","Abbonamento generale",module,Magento_Customer
"Sign Up for Newsletter","Iscriviti alla Newsletter",module,Magento_Customer
"Address Information","Informazioni indirizzo",module,Magento_Customer
"Sign-in Information","Informazioni di accesso",module,Magento_Customer
"Confirm Password","Conferma password",module,Magento_Customer
"Create an Account","Crea un Account",module,Magento_Customer
"Set a New Password","Imposta una nuova Password",module,Magento_Customer
"You have signed out and will go to our homepage in 5 seconds.","Ti sei disconnesso e verrai reindirizzato alla homepage entro 5 secondi.",module,Magento_Customer
"New Customers","Nuovi Clienti",module,Magento_Customer
"Creating an account has many benefits: check out faster, keep more than one address, track orders and more.","La creazione di un account ha molti vantaggi: check-out veloce, salvare più di un indirizzo, tenere traccia degli ordini e altro ancora.",module,Magento_Customer
Gender,Genere,module,Magento_Customer
Name,Nome,module,Magento_Customer
"Tax/VAT number","Partita IVA",module,Magento_Customer
"Cannot switch into given mode ""%1""","Non è possibile passare nella modalità ""%1""",module,Magento_Deploy
"Wrong deploy strategy type: %1","Tipo strategia di deploy errato: %1",module,Magento_Deploy
"Format for IDE '%1' is not supported","Formato per IDE '%1' non supportato",module,Magento_Developer
"Client side less compilation","Compliazione less lato cliente",module,Magento_Developer
"Server side less compilation","Compilazione less lato server",module,Magento_Developer
"Select this to allow DHL to optimize shipping charges by splitting the order if it exceeds %1 %2.","Selezionare questa opzione per consentire a DHL di ottimizzare le spese di spedizione dividendo l'ordine nel caso superi %1 %2.",module,Magento_Dhl
"Wrong Content Type","Tipo contenuto errato",module,Magento_Dhl
Pounds,Sterline,module,Magento_Dhl
Kilograms,Chilogrammi,module,Magento_Dhl
Inches,Pollici,module,Magento_Dhl
Centimeters,Centimetri,module,Magento_Dhl
inch,pollice,module,Magento_Dhl
Height,Altezza,module,Magento_Dhl
Depth,Profondità,module,Magento_Dhl
Width,Larghezza,module,Magento_Dhl
Regular,Regolare,module,Magento_Dhl
Specific,Specifico,module,Magento_Dhl
Others,Altri,module,Magento_Dhl
"Same day","Stesso giorno",module,Magento_Dhl
"Customer services","Servizio clienti",module,Magento_Dhl
"DHL service is not available at %s date","Il servizio DHL non è disponibile in data %s",module,Magento_Dhl
"The response is in wrong format.","La risposta è nel formato sbagliato.",module,Magento_Dhl
"Error #%1 : %2","Errore #%1: %2",module,Magento_Dhl
"We had to skip DHL method %1 because we couldn't find exchange rate %2 (Base Currency).","Il metodo DHL %1 è stato saltato perché è stato impossibile trovare un tasso di cambio %2 (valuta di base).",module,Magento_Dhl
"Zero shipping charge for '%1'","Zero spese di spedizione per '%1'",module,Magento_Dhl
"Cannot identify measure unit for %1","Impossibile identificare l'unità di misura per %1",module,Magento_Dhl
"Cannot identify weight unit for %1","Impossibile identificare l'unità di peso per %1",module,Magento_Dhl
"There is no items in this order","Non c'è nessun articolo in questo ordine",module,Magento_Dhl
"Please specify origin country.","Specificare il paese di origine.",module,Magento_Dhl
Documents,Documenti,module,Magento_Dhl
"Non Documents","Non documenti",module,Magento_Dhl
"Height, width and length should be equal or greater than %1","Altezza, larghezza e lunghezza devono essere uguali o maggiore di %1",module,Magento_Dhl
"Wrong Region","Provincia Errata",module,Magento_Dhl
"Unable to retrieve tracking","Impossibile recuperare il tracciamento",module,Magento_Dhl
"Response is in the wrong format","La risposta è nel formato sbagliato",module,Magento_Dhl
"No packages for request","Nessun pacco per la richiesta",module,Magento_Dhl
"Unable to retrieve shipping label","Impossibile recuperare l'etichetta di spedizione",module,Magento_Dhl
"Non documents","Non documenti",module,Magento_Dhl
None,Nessuno,module,Magento_Dhl
State/Province,Stato/Provincia,module,Magento_Directory
"--Please Select--",--Seleziona--,module,Magento_Directory
"Requested country is not available.","Lo stato richiesto non è disponibile.",module,Magento_Directory
"Undefined rate from ""%1-%2"".","Tasso non definito da ""%1-%2"".",module,Magento_Directory
"Please correct the target currency.","Correggi la valuta di destinazione.",module,Magento_Directory
label,etichetta,module,Magento_Directory
"We can't retrieve a rate from %1 for %2.","Non è possibile recuperare il tasso da %1 per %2.",module,Magento_Directory
"We can't retrieve a rate from %1.","Non è possibile recuperare il tasso da %1.",module,Magento_Directory
"FATAL ERROR:","ERRORE IRREVERSIBILE:",module,Magento_Directory
"We can't initialize the import model.","Non è possibile inizializzare il modello di importazione.",module,Magento_Directory
"Please specify the correct Import Service.","Specificare il servizio di importazione corretto.",module,Magento_Directory
WARNING:,ATTENZIONE:,module,Magento_Directory
"Please correct the country code: %1.","Correggi il codice del paese: %1.",module,Magento_Directory
"Country and Format Type combination should be unique","La combinazione di paese e tipo di formato deve essere univoca",module,Magento_Directory
"Please correct the rates received","Correggere le tariffe ricevute",module,Magento_Directory
"Please select a region, state or province.","Seleziona la regione, stato o provincia.",module,Magento_Directory
Currency,Valuta,module,Magento_Directory
"Your current currency is: %1.","La valuta corrente è: %1.",module,Magento_Directory
Continue,Continua,module,Magento_Directory
"File directory '%1' is not readable.","Directory '%1' non leggibile.",module,Magento_DownloadableImportExport
"File directory '%1' is not writable.","Directory '%1' non scrivibile.",module,Magento_DownloadableImportExport
Error,Errore,module,Magento_DownloadableImportExport
"Downloadable Information","Informazioni scaricabile",module,Magento_Downloadable
"Add New Link","Aggiungi nuovo link",module,Magento_Downloadable
"Upload Files","Carica i file",module,Magento_Downloadable
"All Files","Tutti i file",module,Magento_Downloadable
Unlimited,Illimitato,module,Magento_Downloadable
"Something went wrong while getting the requested content.","Qualcosa è andato storto durante il recupero del contenuto richiesto.",module,Magento_Downloadable
"My Downloadable Products","Prodotti scaricabili",module,Magento_Downloadable
"We can't find the link you requested.","Impossibile trovare il link richiesto.",module,Magento_Downloadable
"Please sign in to download your product or purchase <a href=""%1"">%2</a>.","Registrati per acquistare o scaricare il tuo prodotto <a href=""%1"">%2</a>.",module,Magento_Downloadable
"Please sign in to download your product.","Registrati per scaricare il tuo prodotto.",module,Magento_Downloadable
"The link has expired.","Il link è scaduto.",module,Magento_Downloadable
"The link is not available.","Il link non è disponibile.",module,Magento_Downloadable
"Sorry, there was an error getting requested content. Please contact the store owner.","Si è verificato un errore durante il recupero il contenuto richiesto. Si prega di contattare il proprietario del negozio.",module,Magento_Downloadable
"Please set resource file and link type.","Imposta file risorsa e tipo link.",module,Magento_Downloadable
"Invalid download link type.","Tipo di link per il download non valido.",module,Magento_Downloadable
"Something went wrong while saving the file(s).","Qualcosa è andato storto durante il salvataggio del(i) file.",module,Magento_Downloadable
"Provided content must be valid base64 encoded data.","Contenuto fornito deve essere composto da dati con codifica base64 validi.",module,Magento_Downloadable
"Provided file name contains forbidden characters.","Il nome file fornito contiene caratteri non consentiti.",module,Magento_Downloadable
"Link file not provided","File di collegamento non fornito",module,Magento_Downloadable
"Link price must have numeric positive value.","Il prezzo del link deve avere un valore numerico positivo.",module,Magento_Downloadable
"Number of downloads must be a positive integer.","Numero di download deve essere un numero intero positivo.",module,Magento_Downloadable
"Sort order must be a positive integer.","L'ordinamento deve essere un numero intero positivo.",module,Magento_Downloadable
"Link URL must have valid format.","L'URL del link deve avere un formato valido.",module,Magento_Downloadable
"Provided file content must be valid base64 encoded data.","Contenuto del file fornito deve avere i dati con codifica base64 validi.",module,Magento_Downloadable
"Sample URL must have valid format.","L'URL di esempio deve avere un formato valido.",module,Magento_Downloadable
"Order id cannot be null","Id ordine non può essere nullo",module,Magento_Downloadable
"Order item id cannot be null","ID elemento ordine non può essere nullo",module,Magento_Downloadable
"Provided product must be type 'downloadable'.","Il prodotto fornito deve essere di tipo 'scaricabile'.",module,Magento_Downloadable
"Provided link information is invalid.","Informazioni del link forniti non sono validi.",module,Magento_Downloadable
"Invalid link type.","Tipo del link non valido.",module,Magento_Downloadable
"Link title cannot be empty.","Il titolo del link non può essere vuoto.",module,Magento_Downloadable
"There is no downloadable link with provided ID.","Non c'è nessun link scaricabile con ID fornito.",module,Magento_Downloadable
"Provided downloadable link is not related to given product.","Il link scaricabile fornito non è correlato al dato prodotto.",module,Magento_Downloadable
"Cannot delete link with id %1","Impossibile eliminare il link con id %1",module,Magento_Downloadable
"Please specify product link(s).","Specifica i link prodotto.",module,Magento_Downloadable
"Sample file not provided","File di esempio non fornito",module,Magento_Downloadable
"Provided sample information is invalid.","Informazioni dell'esempio fornite non sono valide.",module,Magento_Downloadable
"Invalid sample type.","Tipo di esempio non valido.",module,Magento_Downloadable
"Sample title cannot be empty.","Il titolo dell'esempio non può essere vuoto.",module,Magento_Downloadable
"There is no downloadable sample with provided ID.","Non c'è nessun esempio scaricabile con l'ID fornito.",module,Magento_Downloadable
"Provided downloadable sample is not related to given product.","L'esempio scaricabile fornito non è correlato al dato prodotto.",module,Magento_Downloadable
"Cannot delete sample with id %1","Impossibile eliminare il campione con id %1",module,Magento_Downloadable
Yes,Sì,module,Magento_Downloadable
"Use config","Utilizzare config",module,Magento_Downloadable
"Upload File","Carica file",module,Magento_Downloadable
attachment,allegato,module,Magento_Downloadable
Pending,"In attesa",module,Magento_Downloadable
Invoiced,Fatturati,module,Magento_Downloadable
"To enable the option set the weight to no","Per attivare l'opzione impostare il peso a no",module,Magento_Downloadable
"Is this downloadable Product?","È questo prodotto scaricabile?",module,Magento_Downloadable
Title,Titolo,module,Magento_Downloadable
"Links can be purchased separately","I link possono essere acquistati separatamente",module,Magento_Downloadable
"Alphanumeric, dash and underscore characters are recommended for filenames. Improper characters are replaced with '_'.","Alfanumerici, trattini e caratteri di sottolineatura sono consigliati per i nomi dei file. Caratteri impopri vengono sostituiti con '_'.",module,Magento_Downloadable
"Add Link","Aggiungi un link",module,Magento_Downloadable
Price,Prezzo,module,Magento_Downloadable
Sample,Esempio,module,Magento_Downloadable
Shareable,Condivisibile,module,Magento_Downloadable
"Max. Downloads","Downloads massimi",module,Magento_Downloadable
Samples,Esempi,module,Magento_Downloadable
"Use Default Value","Usa il valore predefinito",module,Magento_Downloadable
sample,esempio,module,Magento_Downloadable
"Add links to your product files here.","Aggiungi link ai file prodotto qui.",module,Magento_Downloadable
"[STORE VIEW]","[VISTA NEGOZIO]",module,Magento_Downloadable
[GLOBAL],[GLOBALE],module,Magento_Downloadable
"Sort Order",Ordinamento,module,Magento_Downloadable
"Attach File or Enter Link","Allega un file o inserisci un link",module,Magento_Downloadable
"Sort Variations","Ordina varianti",module,Magento_Downloadable
"Browse Files...","Sfoglia i file...",module,Magento_Downloadable
Delete,Elimina,module,Magento_Downloadable
"Add product preview files here.","Aggiungi i file di anteprima prodotto qui.",module,Magento_Downloadable
"Select all","Seleziona tutto",module,Magento_Downloadable
"Unselect all","Deseleziona tutto",module,Magento_Downloadable
Availability,Disponibilita',module,Magento_Downloadable
"In stock",Disponibile,module,Magento_Downloadable
"Out of stock","Non Disponibile",module,Magento_Downloadable
"Go to <a href=""%1"">My Downloadable Products</a>","Vai ai <a href=""%1"">Prodotti scaricabili</a>",module,Magento_Downloadable
"Downloadable Products","Prodotti scaricabili",module,Magento_Downloadable
"Order #","Ordine n.",module,Magento_Downloadable
Date,Data,module,Magento_Downloadable
"Remaining Downloads","Donwloads disponibili",module,Magento_Downloadable
"View Order","Visualizza ordine",module,Magento_Downloadable
"Start Download","Avvia Download",module,Magento_Downloadable
"You have not purchased any downloadable products yet.","Non hai ancora acquistato nessun prodotto scaricabile.",module,Magento_Downloadable
Back,Indietro,module,Magento_Downloadable
"Gift Message","Messaggio regalo",module,Magento_Downloadable
From:,Da:,module,Magento_Downloadable
To:,A:,module,Magento_Downloadable
Message:,Messaggio:,module,Magento_Downloadable
"Product Name","Nome prodotto",module,Magento_Downloadable
Qty,Qtà,module,Magento_Downloadable
Subtotal,Subtotale,module,Magento_Downloadable
"Discount Amount","Sconto quantità",module,Magento_Downloadable
"Row Total","Totale riga",module,Magento_Downloadable
"Qty Invoiced","Qtà fatturata",module,Magento_Downloadable
Ordered,Ordinato,module,Magento_Downloadable
Shipped,Spediti,module,Magento_Downloadable
Canceled,Cancellato,module,Magento_Downloadable
Refunded,Rimborsati,module,Magento_Downloadable
"Attribute Properties","Proprietà dell'attributo",module,Magento_Eav
"Default Label","Etichetta predefinita",module,Magento_Eav
"Default label","Etichetta predefinita",module,Magento_Eav
"Attribute Code","Codice Attributo",module,Magento_Eav
"This is used internally. Make sure you don't use spaces or more than %1 symbols.","Utilizzato internamente. Assicurarsi di non utilizzare spazi o più di %1 simboli.",module,Magento_Eav
"Catalog Input Type for Store Owner","Tipo di Input del catalogo per il proprietario del negozio",module,Magento_Eav
"Values Required","Valori obbligatori",module,Magento_Eav
"Default Value","Valore predefinito",module,Magento_Eav
"Unique Value","Valore unico",module,Magento_Eav
"Unique Value (not shared with other products)","Valore univoco (non condiviso con altri prodotti)",module,Magento_Eav
"Not shared with other products.","Non condiviso con altri prodotti.",module,Magento_Eav
"Input Validation for Store Owner","Convalida dell'input per proprietario del negozio",module,Magento_Eav
Required,Obbligatorio,module,Magento_Eav
Yes,Sì,module,Magento_Eav
System,Sistema,module,Magento_Eav
None,Nessuno,module,Magento_Eav
"Decimal Number","Numero decimale",module,Magento_Eav
"Integer Number","Numero intero",module,Magento_Eav
Letters,Lettere,module,Magento_Eav
"Letters (a-z, A-Z) or Numbers (0-9)","Lettere (a-z, A-Z) o numeri (0-9)",module,Magento_Eav
"Text Field","Campo di testo",module,Magento_Eav
"Text Area","Area di testo",module,Magento_Eav
Date,Data,module,Magento_Eav
Yes/No,Sì/No,module,Magento_Eav
"Multiple Select","Selezione multipla",module,Magento_Eav
Dropdown,"Menu a tendina",module,Magento_Eav
"Input type ""%value%"" not found in the input types list.","Tipo di input ""%value%"" non trovato nell'elenco tipi di input.",module,Magento_Eav
"Attribute object is undefined","L'oggetto attributo non è definito",module,Magento_Eav
"Entity object is undefined","Entity object non definito",module,Magento_Eav
"""%1"" invalid type entered.","E' stato inserito un tipo non valido ""%1""",module,Magento_Eav
"""%1"" contains non-alphabetic or non-numeric characters.","""%1"" contiene caratteri non alfabetici o non numerici.",module,Magento_Eav
"""%1"" is an empty string.","""%1"" è una stringa vuota.",module,Magento_Eav
"""%1"" contains non-numeric characters.","""%1"" contiene caratteri non numerici.",module,Magento_Eav
"""%1"" contains non-alphabetic characters.","""%1"" contiene caratteri non alfabetici.",module,Magento_Eav
"""%1"" is not a valid email address.","""%1"" non è un indirizzo email valido.",module,Magento_Eav
"""%1"" is not a valid hostname.","""%1"" non è un hostname valido.",module,Magento_Eav
"""%1"" uses too many characters.","""%1"" utilizza troppi caratteri.",module,Magento_Eav
"'%value%' looks like an IP address, which is not an acceptable format.","'%value%' si presenta come un indirizzo IP, il che non è un formato accettabile.",module,Magento_Eav
"'%value%' looks like a DNS hostname but we cannot match the TLD against known list.","'%value%' sembra un hostname DNS, ma non è possibile abbinare il TLD contro lista conosciuta.",module,Magento_Eav
"'%value%' looks like a DNS hostname but contains a dash in an invalid position.","'%value%' sembra un hostname DNS, ma contiene un trattino in una posizione non valida.",module,Magento_Eav
"'%value%' looks like a DNS hostname but we cannot match it against the hostname schema for TLD '%tld%'.","'%value%' sembra un hostname DNS, ma non è possibile abbinarlo rispetto allo schema di hostname per TLD '%tld%'.",module,Magento_Eav
"'%value%' looks like a DNS hostname but cannot extract TLD part.","'%value%' sembra un hostname DNS ma non è possibile estrarre la parte TLD.",module,Magento_Eav
"'%value%' does not look like a valid local network name.","'%value%' non sembra un nome di rete locale valido.",module,Magento_Eav
"'%value%' looks like a local network name, which is not an acceptable format.","'%value%' si presenta come un nome di rete locale, che non è un formato accettabile.",module,Magento_Eav
"'%value%' appears to be a DNS hostname, but the given punycode notation cannot be decoded.","'%value%' sembra essere un hostname DNS, ma la notazione punycode specificato non può essere decodificata.",module,Magento_Eav
"""%1"" is not a valid URL.","""%1"" non è un URL valido.",module,Magento_Eav
"""%1"" is not a valid date.","""%1"" non è una data valida.",module,Magento_Eav
"""%1"" does not fit the entered date format.","""%1"" non si adatta il formato data immessa.",module,Magento_Eav
"""%1"" is a required value.","""%1"" è un valore obbligatorio.",module,Magento_Eav
"Please enter a valid date between %1 and %2 at %3.","Inserisci una data valida tra %1 e %2 a %3.",module,Magento_Eav
"Please enter a valid date equal to or greater than %1 at %2.","Inserisci una data valida uguale o maggiore di %1 a %2.",module,Magento_Eav
"Please enter a valid date less than or equal to %1 at %2.","Inserisci una data valida minore o uguale a %1 a %2.",module,Magento_Eav
"""%1"" is not a valid file extension.","""%1"" non è un'estensione file valida.",module,Magento_Eav
"""%1"" is not a valid file.","""%1"" non è un file valido.",module,Magento_Eav
"""%1"" exceeds the allowed file size.","""%1"" supera la dimensione consentita per i file.",module,Magento_Eav
"""%1"" is not a valid image format","""%1"" non è un formato di immagine valido",module,Magento_Eav
"""%1"" width exceeds allowed value of %2 px.","La larghezza ""%1"" supera il valore consentito di %2 px.",module,Magento_Eav
"""%1"" height exceeds allowed value of %2 px.","L'altezza ""%1"" supera il valore consentito di %2 px.",module,Magento_Eav
"""%1"" cannot contain more than %2 lines.","""%1"" non può contenere più di %2 righe.",module,Magento_Eav
"""%1"" length must be equal or greater than %2 characters.","La lunghezza ""%1"" deve essere uguale o maggiore di %2 caratteri.",module,Magento_Eav
"""%1"" length must be equal or less than %2 characters.","La lunghezza ""%1"" deve essere uguale o minore di %2 caratteri.",module,Magento_Eav
"Attribute group does not belong to provided attribute set","Gruppo di attributi non appartiene al set di attributi fornito",module,Magento_Eav
"Cannot save attributeGroup","Non è possibile salvare attributeGroup",module,Magento_Eav
"Group with id ""%1"" does not exist.","Il gruppo con id ""%1"" non esiste.",module,Magento_Eav
"Cannot delete attributeGroup with id %1","Non è possibile eliminare attributeGroup con id %1",module,Magento_Eav
"AttributeSet with id ""%1"" does not exist.","Il set Attributo con id ""%1"" non esiste.",module,Magento_Eav
"Wrong attribute set id provided","Id set attributo fornito non valido",module,Magento_Eav
"Attribute group does not belong to attribute set","Il gruppo di attributi non appartiene all'insieme di attributi",module,Magento_Eav
"Attribute set not found: %1","L'attributo impostato non è stato trovato: %1",module,Magento_Eav
"Attribute ""%1"" not found in attribute set %2.","L'attributo ""%1"" non è stato trovato nel set attributi %2.",module,Magento_Eav
"System attribute can not be deleted","L'attributo di sistema non può essere eliminato",module,Magento_Eav
"Cannot save attribute","Non è possibile salvare l'attributo",module,Magento_Eav
"Attribute with attributeCode ""%1"" does not exist.","L'attributo con attributeCode ""%1"" non esiste.",module,Magento_Eav
"Cannot delete attribute.","Non è possibile eliminare l'attributo.",module,Magento_Eav
"Attribute with id ""%1"" does not exist.","L'attributo con id ""%1"" non esiste.",module,Magento_Eav
"There was an error saving attribute set.","C'è un errore nel salvataggio del set di attributi.",module,Magento_Eav
"Default attribute set can not be deleted","Il set di attributi predefinito non può essere eliminato",module,Magento_Eav
"There was an error deleting attribute set.","Si è verificato un errore durante l'eliminazione del set di attributi.",module,Magento_Eav
"Invalid entity_type specified: %1","Entity_type specificato non valido: %1",module,Magento_Eav
"Entity is not initialized","Entity non inizializzata",module,Magento_Eav
"Unknown parameter","Parametro sconosciuto",module,Magento_Eav
"The attribute code '%1' is reserved by system. Please try another attribute code","Il codice di attributo '%1' è riservato al sistema. Prova con un altro codice di attributo",module,Magento_Eav
"An attribute code must not be more than %1 characters.","Un codice attributo non deve avere più di %1 caratteri.",module,Magento_Eav
"Invalid default decimal value","Valore decimale predefinito non valido",module,Magento_Eav
"Invalid default date","Data predefinita non valida",module,Magento_Eav
"Invalid entity supplied","Entity fornita non valida",module,Magento_Eav
"Invalid backend model specified: %1","Modello di back-end non valido: %1",module,Magento_Eav
"Source model ""%1"" not found for attribute ""%2""","Modello sorgente ""%1"" non trovato per l'attributo ""%2""",module,Magento_Eav
"The value of attribute ""%1"" must be set","Il valore dell'attributo ""%1"" deve essere impostato",module,Magento_Eav
"The value of attribute ""%1"" must be unique","Il valore dell'attributo ""%1"" deve essere univoco",module,Magento_Eav
"Invalid date","Data non valida",module,Magento_Eav
"Empty attribute code","Codice attributo vuoto",module,Magento_Eav
"Attribute %1 doesn't work with options","L'attributo %1 non funziona con le opzioni",module,Magento_Eav
"Cannot save attribute %1","Non è possibile salvare l'attributo %1",module,Magento_Eav
"Attribute %1 doesn't have any option","L'attributo %1 non ha alcuna opzione",module,Magento_Eav
"Cannot load options for attribute %1","Impossibile caricare opzioni per attributo %1",module,Magento_Eav
"Attribute %1 does not contain option with Id %2","L'attributo %1 non contiene opzioni con Id %2",module,Magento_Eav
"Entity attribute with id ""%1"" not found","Entità dell'attributo con id ""%1"" non trovato",module,Magento_Eav
"Attribute set name is empty.","Il nome del set di attributo è vuoto.",module,Magento_Eav
"An attribute set named ""%1"" already exists.","Esiste già un set di attributi denominato ""%1"".",module,Magento_Eav
"No options found.","Nessun'opzione trovata.",module,Magento_Eav
label,etichetta,module,Magento_Eav
"Invalid entity supplied: %1","Fornita entità non valida: %1",module,Magento_Eav
"Attempt to add an invalid object","Tentativo di aggiungere un oggetto non valido",module,Magento_Eav
"Invalid attribute identifier for filter (%1)","Identificatore attributo non valido per il filtro (%1)",module,Magento_Eav
"Invalid attribute requested: %1","Attributo richiesto non valido: %1",module,Magento_Eav
"Joint field or attribute expression with this alias is already declared","Il campo congiunto o l'espressione attributo con questo alias è già stato dichiarato",module,Magento_Eav
"Invalid alias, already exists in joint attributes","Alias non valido, esiste già negli attributi congiunti",module,Magento_Eav
"Invalid foreign key","Foreign key non valida",module,Magento_Eav
"Invalid entity type","Tipo entità non valido",module,Magento_Eav
"Invalid attribute type","Tipo attributo non valido",module,Magento_Eav
"A joined field with this alias is already declared.","Un campo congiunto con questo alias è già stato dichiarato.",module,Magento_Eav
"Invalid joint fields","Campi congiunti non validi",module,Magento_Eav
"A joint field with this alias (%1) is already declared.","Il campo congiunto con questo alias (%1) è già stato dichiarato.",module,Magento_Eav
"Data integrity: No header row found for attribute","Integrità dei dati: nessuna riga di intestazione trovata per attributo",module,Magento_Eav
"Invalid attribute name: %1","Nome attributo non valido: %1",module,Magento_Eav
"Invalid character encountered in increment ID: %1","Carattere non valido rilevato in incremento ID: %1",module,Magento_Eav
"The current module pathname is undefined.","Il percorso del modulo corrente non è definito.",module,Magento_Eav
"The current module EAV entity is undefined.","Il modulo Entità EAV corrente non è definito.",module,Magento_Eav
"The form code is not defined.","Il codice form non è definito.",module,Magento_Eav
"The entity instance is not defined.","L'istanza entità non è definita.",module,Magento_Eav
"Invalid form type.","Tipo di form non valido.",module,Magento_Eav
"Invalid EAV attribute","Attributo EAV non valido",module,Magento_Eav
"Attribute with the same code","Attributo con lo stesso codice",module,Magento_Eav
"The storefront label is not defined.","L'etichetta frontend non è definita.",module,Magento_Eav
"Default option value is not defined","Il valore predefinito dell'opzione non è definito",module,Magento_Eav
"Form Element with the same attribute","Elemento Form con lo stesso attributo",module,Magento_Eav
"Form Fieldset with the same code","Fieldset Form con lo stesso codice",module,Magento_Eav
"Form Type with the same code","Tipo di form con lo stesso codice",module,Magento_Eav
"The value of attribute ""%1"" is invalid.","Il valore dell'attributo ""%1"" non è valido.",module,Magento_Eav
"Wrong entity ID","ID entità errato",module,Magento_Eav
"Wrong attribute set ID","ID set attributi errato",module,Magento_Eav
"Wrong attribute group ID","ID gruppo attributi errato",module,Magento_Eav
"AttributeSet does not exist.","AttributeSet non esiste.",module,Magento_Eav
hello,ciao,module,Magento_Eav
"Some internal exception message.","Qualche messaggio di eccezione interno.",module,Magento_Eav
"The value of attribute not valid","Il valore dell'attributo non è valido",module,Magento_Eav
"Add New Template","Aggiungi nuovo template",module,Magento_Email
"Transactional Emails","Email Transazionali",module,Magento_Email
Back,Indietro,module,Magento_Email
"Delete Template","Elimina template",module,Magento_Email
"Convert to Plain Text","Converti in testo normale",module,Magento_Email
"Return Html Version","Restituisci la versione Html",module,Magento_Email
"Preview Template","Anteprima template",module,Magento_Email
"Save Template","Salva Template",module,Magento_Email
"Load Template","Carica Template",module,Magento_Email
"Edit Email Template","Modifica Template Email",module,Magento_Email
"New Email Template","Nuovo template email",module,Magento_Email
"Default Config","Configurazione predefinita",module,Magento_Email
"Template Information","Informazioni Template",module,Magento_Email
"Currently Used For","Attualmente utilizzato per",module,Magento_Email
"Template Name","Nome template",module,Magento_Email
"Template Subject","Oggetto Template",module,Magento_Email
"Insert Variable...","Inserire la variabile...",module,Magento_Email
"Template Content","Contenuto Template",module,Magento_Email
"Template Styles","Stili Template",module,Magento_Email
Preview,Anteprima,module,Magento_Email
Unknown,Sconosciuto,module,Magento_Email
"You deleted the email template.","Hai eliminato il template email.",module,Magento_Email
"The email template is currently being used.","Il template email è attualmente in uso.",module,Magento_Email
"We can't delete email template data right now. Please review log and try again.","Non è possibile eliminare i dati dell'email template. Controlla i log e riprova.",module,Magento_Email
"We can't find an email template to delete.","Non è possibile trovare un template email da eliminare.",module,Magento_Email
"Edit Template","Modifica Template",module,Magento_Email
"Edit System Template","Modifica Template di Sistema",module,Magento_Email
"New Template","Nuovo Template",module,Magento_Email
"New System Template","Nuovo Template di Sistema",module,Magento_Email
"Email Preview","Anteprima email",module,Magento_Email
"An error occurred. The email template can not be opened for preview.","Si è verificato un errore. Il template email non può essere aperto per l'anteprima.",module,Magento_Email
"This email template no longer exists.","Questo template email non esiste più.",module,Magento_Email
"You saved the email template.","Hai salvato il template email.",module,Magento_Email
"Area is already set","Area già impostata",module,Magento_Email
"Design config must have area and store.","Config design deve avere un'area e un negozio.",module,Magento_Email
"Base Unsecure URL","Base URL non sicura",module,Magento_Email
"Base Secure URL","Base URL sicura",module,Magento_Email
"General Contact Name","Nome generale di contatto",module,Magento_Email
"General Contact Email","Email generale di contatto",module,Magento_Email
"Sales Representative Contact Name","Nome di contatto Rappresentante Vendite",module,Magento_Email
"Sales Representative Contact Email","Email di contatto Rappresentante Vendite",module,Magento_Email
"Custom1 Contact Name","Nome Contatto Personalizzato1",module,Magento_Email
"Custom1 Contact Email","Email di contatto Custom1",module,Magento_Email
"Custom2 Contact Name","Nome di contatto Personalizzato2",module,Magento_Email
"Custom2 Contact Email","Email di contatto Personalizzata2",module,Magento_Email
"Store Name","Nome Negozio",module,Magento_Email
"Store Phone Number","Numero di telefono Negozio",module,Magento_Email
"Store Hours","Orario Negozio",module,Magento_Email
Country,Paese,module,Magento_Email
Region/State,Provincia,module,Magento_Email
"Zip/Postal Code",CAP,module,Magento_Email
City,Città,module,Magento_Email
"Street Address 1","Indirizzo 1",module,Magento_Email
"Street Address 2","Indirizzo 2",module,Magento_Email
"Store Contact Information","Informazioni di contatto Negozio",module,Magento_Email
"Template Variables","Variabili Template",module,Magento_Email
"Please enter a template name.","Inserisci un nome al template.",module,Magento_Email
"Duplicate Of Template Name","Duplicato del nome del template",module,Magento_Email
"Invalid transactional email code: %1","Codice email transazionale non valido: %1",module,Magento_Email
"Requested invalid store ""%1""","Negozio ""%1"" richiesto non valido",module,Magento_Email
"""file"" parameter must be specified","il parametro ""file"" deve essere specificato",module,Magento_Email
"Contents of %s could not be loaded or is empty","Contenuto di %s non può essere caricato o è vuoto",module,Magento_Email
"""file"" parameter must be specified and must not be empty","il parametro ""file"" deve essere specificato e non deve essere vuoto",module,Magento_Email
"Design params must be set before calling this method","Parametri Design devono essere impostati prima di chiamare questo metodo",module,Magento_Email
"CSS inlining error:","Errore CSS Inline:",module,Magento_Email
"Error filtering template: %s","Errore sul filtro template: %s",module,Magento_Email
"We're sorry, an error has occurred while generating this email.","Siamo spiacenti, si è verificato un errore durante la generazione di questa email.",module,Magento_Email
"Invalid sender data","Dati mittente non validi",module,Magento_Email
Title,Titolo,module,Magento_Email
"Load default template","Carica template predefinito",module,Magento_Email
"Are you sure you want to strip tags?","Sei sicuro di che voler rimuovere i tag?",module,Magento_Email
"Are you sure you want to delete this template?","Sei sicuro di voler eliminare questo template?",module,Magento_Email
"The template did not load. Please review the log for details.","Il template non è stato caricato. Consulta i log per i dettagli.",module,Magento_Email
"Change Encryption Key","Cambia chiave crittografica",module,Magento_EncryptionKey
"Encryption Key","Chiave crittografica",module,Magento_EncryptionKey
"New Encryption Key","Nuova chiave crittografica",module,Magento_EncryptionKey
"The encryption key is used to protect passwords and other sensitive data.","La chiave crittografica viene utilizzata per proteggere le password e altri dati sensibili.",module,Magento_EncryptionKey
"Auto-generate a Key","Generare una chiave automaticamente",module,Magento_EncryptionKey
Yes,Sì,module,Magento_EncryptionKey
"The generated key will be displayed after changing.","La chiave generata verrà visualizzata dopo la modifica.",module,Magento_EncryptionKey
"New Key","Nuova chiave",module,Magento_EncryptionKey
"Deployment configuration file is not writable.","File di configurazione di deploy non è scrivibile.",module,Magento_EncryptionKey
"Please enter an encryption key.","Inserire una chiave crittografica.",module,Magento_EncryptionKey
"The encryption key has been changed.","La chiave crittografica è stata cambiata.",module,Magento_EncryptionKey
"This is your new encryption key: %1. Be sure to write it down and take good care of it!","Questa è la tua nuova chiave crittografica: %1. Prendine nota e conservala con cura!",module,Magento_EncryptionKey
"Home Delivery","First Overnight",module,Magento_Fedex
"International Ground","International First",module,Magento_Fedex
"International Priority","International Ground",module,Magento_Fedex
"Intl Priority Freight","International Priority",module,Magento_Fedex
"Priority Overnight","Intl Priority Freight",module,Magento_Fedex
"Smart Post","Priority Overnight",module,Magento_Fedex
"Your Packaging","Il tuo imballaggio",module,Magento_Fedex
"Not Required","Non obbligatorio",module,Magento_Fedex
Adult,Adulto,module,Magento_Fedex
Direct,Diretto,module,Magento_Fedex
Indirect,Indiretto,module,Magento_Fedex
Pounds,Sterline,module,Magento_Fedex
Kilograms,Chilogrammi,module,Magento_Fedex
"Invalid response from carrier","Risposta non valida dal vettore",module,Magento_Fedex
"For some reason we can't retrieve tracking info right now.","Per qualche motivo non siamo in grado di recuperare le informazioni di tracciamento in questo momento.",module,Magento_Fedex
"Empty response","Risposta vuota",module,Magento_Fedex
None,Nessuno,module,Magento_Fedex
"Gift Messages are not applicable for empty cart","I Messaggi Regalo non sono applicabili per carrelli vuoti",module,Magento_GiftMessage
"Gift Messages are not applicable for virtual products","I Messaggi Regalo non sono applicabili per i prodotti virtuali",module,Magento_GiftMessage
"Gift Message is not available","Il messaggio regalo non è disponibile",module,Magento_GiftMessage
"Could not add gift message to shopping cart","Non è possibile aggiungere il messaggio regalo al carrello",module,Magento_GiftMessage
"There is no item with provided id in the cart","Non esiste alcun elemento con id specificato nel carrello",module,Magento_GiftMessage
"There is no product with provided  itemId: %1 in the cart","Non c'è nessun prodotto con id oggetto: %1 nel carrello",module,Magento_GiftMessage
"There is no item with provided id in the order","Non c'è nessun elemento con id specificato nell'ordine",module,Magento_GiftMessage
"There is no item with provided id in the order or gift message isn't allowed","Non c'è nessun elemento con l'id specificato nell'ordine o il messaggio regalo non è permesso",module,Magento_GiftMessage
"Could not add gift message to order: ""%1""","Non è possibile aggiungere il messaggio regalo all'ordine: ""%1""",module,Magento_GiftMessage
"There is no order with provided id or gift message isn't allowed","Non c'è nessun ordine con l'id fornito o il messaggio regalo non è consentito",module,Magento_GiftMessage
"There is no order with provided id","Non c'è nessun ordine con l'id fornito",module,Magento_GiftMessage
"Gift Messages are not applicable for empty order","I messaggi regalo non sono applicabili per un ordine vuoto",module,Magento_GiftMessage
"Could not add gift message to order's item: ""%1""","Non è possibile aggiungere un messaggio regalo per il prodotto dell'ordine: ""%1""",module,Magento_GiftMessage
"Unknown entity type","Tipo entità sconosciuta",module,Magento_GiftMessage
"Test label","Etichetta di prova",module,Magento_GiftMessage
"Use Config Settings","Utilizzare le impostazioni di configurazione",module,Magento_GiftMessage
From,Dal,module,Magento_GiftMessage
To,Al,module,Magento_GiftMessage
Message,Messaggio,module,Magento_GiftMessage
Cancel,Annulla,module,Magento_GiftMessage
"Gift Options","Opzioni regalo",module,Magento_GiftMessage
"Gift Message","Messaggio regalo",module,Magento_GiftMessage
"Do you have any gift items in your order?","Hai un articolo regalo qualsaisi nel tuo ordine?",module,Magento_GiftMessage
"Add gift options","Aggiungi opzioni regalo",module,Magento_GiftMessage
"Gift Options for the Entire Order","Opzioni regalo per l'intero ordine",module,Magento_GiftMessage
"Leave this box blank if you don't want to leave a gift message for the entire order.","Lascia il box vuoto se non vuoi lasciare un messaggio regalo per l'intero ordine.",module,Magento_GiftMessage
"Gift Options for Individual Items","Opzioni regalo per singoli elementi",module,Magento_GiftMessage
"<span>Item %1</span> of %2","<span>Elemento %1</span> di %2",module,Magento_GiftMessage
"Leave a box blank if you don't want to add a gift message for that item.","Lascia il box vuoto se non vuoi aggiungere un messaggio regalo per questo oggetto.",module,Magento_GiftMessage
"Add Gift Options for the Entire Order","Aggiungi opzioni regalo per l'intero ordine",module,Magento_GiftMessage
"You can leave this box blank if you don't want to add a gift message for this address.","Puoi lasciare questo box vuoto se non vuoi aggiungere un messaggio regalo per questo indirizzo.",module,Magento_GiftMessage
"Add gift options for Individual Items","Aggiungi opzioni regalo per singoli elementi",module,Magento_GiftMessage
"You can leave this box blank if you don't want to add a gift message for the item.","Puoi lasciare questo box vuoto se non vuoi aggiungere un messaggio regalo per questo articolo.",module,Magento_GiftMessage
Dynamic,Dinamico,module,Magento_GoogleAdwords
Constant,Costante,module,Magento_GoogleAdwords
"Conversion Color value is not valid ""%1"". Please set hexadecimal 6-digit value.","Conversione valore colore non valido ""%1"". Si prega di impostare il valore a 6 cifre esadecimali.",module,Magento_GoogleAdwords
"Conversion Id value is not valid ""%1"". Conversion Id should be an integer.","Valore id di conversione non valido ""%1"". L'id di conversione deve essere un valore intero.",module,Magento_GoogleAdwords
"Product View Optimization","Ottimizzazione vista prodotto",module,Magento_GoogleOptimizer
"Page View Optimization","Ottimizzazione vista pagina",module,Magento_GoogleOptimizer
"Data key is missing: %1","Chiave dati mancante: %1",module,Magento_GoogleOptimizer
"Google Analytics Content Experiments Code","Codice per esperimenti sui contenuti di Google Analytics",module,Magento_GoogleOptimizer
"Experiment Code","Codice dell'esperimento",module,Magento_GoogleOptimizer
"Experiment code should be added to the original page only.","Codice dell'esperimento deve essere aggiunto solo alla pagina originale.",module,Magento_GoogleOptimizer
"Grouped Products","Prodotti raggruppati",module,Magento_GroupedProduct
"Please specify the quantity of product(s).","Specifica la quantità di prodotti.",module,Magento_GroupedProduct
"Cannot process the item.","Impossibile elaborare l'elemento.",module,Magento_GroupedProduct
"Add Products to Group","Aggiungi i prodotti al gruppo",module,Magento_GroupedProduct
Cancel,Annulla,module,Magento_GroupedProduct
"Add Selected Products","Aggiungi prodotti selezionati",module,Magento_GroupedProduct
"A grouped product is made up of multiple, standalone products that are presented as a group. You can offer variations of a single product, or group them by season or theme to create a coordinated set. Each product can be purchased separately, or as part of the group.","Un prodotto raggruppato si compone di prodotti standalone multipli, che sono presentati come un gruppo. Puoi offrire varianti di un singolo prodotto o raggruppati in base a stagione o tema per creare un set coordinato. Ogni prodotto può essere acquistato separatamente o come parte del gruppo.",module,Magento_GroupedProduct
Remove,Rimuovi,module,Magento_GroupedProduct
Thumbnail,Miniatura,module,Magento_GroupedProduct
Name,Nome,module,Magento_GroupedProduct
"Attribute Set","Set di attributi",module,Magento_GroupedProduct
Status,Stato,module,Magento_GroupedProduct
Price,Prezzo,module,Magento_GroupedProduct
"Default Quantity","Quantità predefinita",module,Magento_GroupedProduct
Actions,Azioni,module,Magento_GroupedProduct
"Associated Products","Prodotti associati",module,Magento_GroupedProduct
Availability:,Disponibilita':,module,Magento_GroupedProduct
"Out of stock","Non Disponibile",module,Magento_GroupedProduct
"Product Name","Nome prodotto",module,Magento_GroupedProduct
Qty,Qtà,module,Magento_GroupedProduct
"No options of this product are available.","Nessuna opzione di questo prodotto è disponibile.",module,Magento_GroupedProduct
"There are no grouped products.","Non esistono prodotti raggruppati.",module,Magento_GroupedProduct
"Default Qty","Qtà predefinita",module,Magento_GroupedProduct
"Starting at","A partire da",module,Magento_GroupedProduct
Availability,Disponibilita',module,Magento_GroupedProduct
"In stock",Disponibile,module,Magento_GroupedProduct
"Grouped product items","Elementi prodotti raggruppati",module,Magento_GroupedProduct
Export,Esporta,module,Magento_ImportExport
"Export Settings","Esporta impostazioni",module,Magento_ImportExport
"Entity Type","Tipo entità",module,Magento_ImportExport
"Export File Format","Esporta formato file",module,Magento_ImportExport
From,Dal,module,Magento_ImportExport
To,Al,module,Magento_ImportExport
"We can't filter an attribute with no attribute options.","Non è possibile filtrare un attributo senza opzioni attributo.",module,Magento_ImportExport
Exclude,Escludi,module,Magento_ImportExport
"Attribute Label","Etichetta attributo",module,Magento_ImportExport
"Attribute Code","Codice Attributo",module,Magento_ImportExport
Filter,Filtro,module,Magento_ImportExport
"Unknown attribute filter type","Tipo di filtro di attributo sconosciuto",module,Magento_ImportExport
Download,Scarica,module,Magento_ImportExport
"Check Data","Verifica dati",module,Magento_ImportExport
Import,Importa,module,Magento_ImportExport
"Import Settings","Importa impostazioni",module,Magento_ImportExport
"Import Behavior","Comportamento importazione",module,Magento_ImportExport
"Allowed Errors Count","Conteggio errori consentiti",module,Magento_ImportExport
"Please specify number of errors to halt import process","Specificare il numero di errori per fermare il processo di importazione",module,Magento_ImportExport
"Field separator","Separatore campo",module,Magento_ImportExport
"Multiple value separator","Valori multipli separatori",module,Magento_ImportExport
"File to Import","File da importare",module,Magento_ImportExport
"Select File to Import","Selezionare il File da importare",module,Magento_ImportExport
"Images File Directory","Directory dei file immagini",module,Magento_ImportExport
"For Type ""Local Server"" use relative path to Magento installation,
                                e.g. var/export, var/import, var/export/some/dir","Per il tipo ""Server locale"" usa il percorso relativo dell'installazione di magento,
                                e.s. var/export, var/import, var/export/some/dir",module,Magento_ImportExport
"Download Sample File","Scaricare file di esempio",module,Magento_ImportExport
"Please correct the data sent value.","Correggi il valore dei dati inviati.",module,Magento_ImportExport
Import/Export,Importa/Esporta,module,Magento_ImportExport
History,Cronologia,module,Magento_ImportExport
"Import History","Cronologia di importazione",module,Magento_ImportExport
"Import history","Cronologia di importazione",module,Magento_ImportExport
"There is no sample file for this entity.","Non c'è nessun file di esempio per questa entity.",module,Magento_ImportExport
"Maximum error count has been reached or system error is occurred!","È stato raggiunto il numero massimo di errori o si è verificato un errore di sistema!",module,Magento_ImportExport
"Import successfully done","Importazione completata con successo",module,Magento_ImportExport
"Sorry, but the data is invalid or the file is not uploaded.","Ci dispiace, ma i dati non sono validi o il file non viene caricato.",module,Magento_ImportExport
"The file was not uploaded.","Il file non è stato caricato.",module,Magento_ImportExport
"This file is empty. Please try another one.","Questo file è vuoto. Riprova con un altro.",module,Magento_ImportExport
"Data validation failed. Please fix the following errors and upload the file again.","Convalida dei dati non riuscita. Si prega di correggere i seguenti errori e caricare nuovamente il file.",module,Magento_ImportExport
"File is valid! To start import process press ""Import"" button","Il file è valido! Per avviare il processo di importazione premere il pulsante ""Importa""",module,Magento_ImportExport
"The file is valid, but we can't import it for some reason.","Il file è valido, ma per qualche motivo non è possibile importare.",module,Magento_ImportExport
"Checked rows: %1, checked entities: %2, invalid rows: %3, total errors: %4","Controllate le righe: %1, entità controllate: %2, righe non valide: %3, errori totali: %4",module,Magento_ImportExport
"Show more","Mostra altro",module,Magento_ImportExport
"Additional data","Dati aggiuntivi",module,Magento_ImportExport
"Following Error(s) has been occurred during importing process:","Si sono verificati i seguenti errori durante il processo di importazione:",module,Magento_ImportExport
"Download full report","Scarica il report completo",module,Magento_ImportExport
"in row(s):","nelle righe:",module,Magento_ImportExport
"Make sure your file isn't more than %1M.","Assicurarsi che il file non sia più grande di %1M.",module,Magento_ImportExport
"We can't provide the upload settings right now.","Non possiamo fornire le impostazioni di caricamento.",module,Magento_ImportExport
"Created: %1, Updated: %2, Deleted: %3","Creati: %1, aggiornati: %2, eliminati: %3",module,Magento_ImportExport
"Please enter a correct entity model.","Inserisci una entity model corretta.",module,Magento_ImportExport
"The entity adapter object must be an instance of %1 or %2.","L'entity adapter object deve essere una istanza di %1 o %2.",module,Magento_ImportExport
"The input entity code is not equal to entity adapter code.","L'input entity code non è uguale all'entity adapter code.",module,Magento_ImportExport
"Please enter a correct entity.","Inserisci una entity corretta.",module,Magento_ImportExport
"The adapter object must be an instance of %1.","L'adapter object deve essere un'istanza di %1.",module,Magento_ImportExport
"Please correct the file format.","Correggi il formato di file.",module,Magento_ImportExport
"Begin export of %1","Inizia l'esportazione di %1",module,Magento_ImportExport
"There is no data for the export.","Non sono disponibili dati per l'esportazione.",module,Magento_ImportExport
"Exported %1 rows.","Esportati %1 righe.",module,Magento_ImportExport
"The export is finished.","L'esportazione è terminata.",module,Magento_ImportExport
"Please provide filter data.","Si prega di fornire i dati del filtro.",module,Magento_ImportExport
"We can't determine the attribute filter type.","Non possiamo determinare il tipo di filtro degli attributi.",module,Magento_ImportExport
"Entity is unknown","Entity sconosciuta",module,Magento_ImportExport
"We can't identify this file format.","Non riusciamo ad identificare questo formato del file.",module,Magento_ImportExport
"Please correct the value for ""%1"" column.","Correggi il valore per la colonna ""%1"".",module,Magento_ImportExport
"Please specify the writer.","Specifica il writer.",module,Magento_ImportExport
"The destination file path must be a string.","Il percorso del file di destinazione deve essere una stringa.",module,Magento_ImportExport
"The destination directory is not writable.","La directory di destinazione non è scrivibile.",module,Magento_ImportExport
"Destination file is not writable","Il file di destinazione non è scrivibile",module,Magento_ImportExport
"The header column names are already set.","I nomi della colonna di intestazione sono già impostati.",module,Magento_ImportExport
"in row(s)","nelle righe",module,Magento_ImportExport
"The validation is complete.","La convalida è completa.",module,Magento_ImportExport
"This file does not contain any data.","Questo file non contiene alcun dato.",module,Magento_ImportExport
"Begin import of ""%1"" with ""%2"" behavior","Avviare importazione di ""%1"" con comportamento ""%2""",module,Magento_ImportExport
"The import was successful.","Importazione riuscita.",module,Magento_ImportExport
"The file you uploaded has no extension.","Il file caricato non ha estensione.",module,Magento_ImportExport
"The source file moving process failed.","Il processo di spostamento del file sorgente è fallito.",module,Magento_ImportExport
"Begin data validation","Inizia convalida dei dati",module,Magento_ImportExport
"Import data validation is complete.","La validazione dati importati è stata completata.",module,Magento_ImportExport
"The behavior token for %1 is invalid.","Il comportamento del token per %1 non è valido.",module,Magento_ImportExport
"Please enter a correct entity model","Inserisci un entity model corretto",module,Magento_ImportExport
"Source file coping failed","Copia file sorgente non riuscita",module,Magento_ImportExport
"The source is not set.","Sorgente non impostata.",module,Magento_ImportExport
"The adapter type must be a non-empty string.","Il tipo di adattatore deve essere una stringa non vuota.",module,Magento_ImportExport
"'%1' file extension is not supported","estensione file '%1' non supportata",module,Magento_ImportExport
"Adapter must be an instance of \Magento\ImportExport\Model\Import\AbstractSource","L'adapter deve essere una istanza di \Magento\ImportExport\Model\Import\AbstractSource",module,Magento_ImportExport
"Please specify a source.","Specifica una sorgente.",module,Magento_ImportExport
"ImportExport: Import Data validation - Validation strategy not found","ImportExport: Validazione dei dati di importazione - Strategia di validazione non trovata",module,Magento_ImportExport
"Cannot get autoincrement value","Non è possibile ottenere il valore di autoincremento",module,Magento_ImportExport
"Error in data structure: %1 values are mixed","Errore nella struttura dei dati: %1 i valori sono mescolati",module,Magento_ImportExport
"-- Please Select --","-- Seleziona --",module,Magento_ImportExport
label,etichetta,module,Magento_ImportExport
Add/Update,Aggiungi/aggiorna,module,Magento_ImportExport
Replace,Sostituisci,module,Magento_ImportExport
Delete,Elimina,module,Magento_ImportExport
"Note: Product IDs will be regenerated.","Nota: gli ID prodotto verranno rigenerati.",module,Magento_ImportExport
"Add/Update Complex Data","Aggiungi/aggiorna dati complessi",module,Magento_ImportExport
"Delete Entities","Elimina entità",module,Magento_ImportExport
"Custom Action","Azione personalizzata",module,Magento_ImportExport
"Error message","Messaggio di errore",module,Magento_ImportExport
"URL key for specified store already exists.","Esiste già una URL key per il negozio specificato.",module,Magento_ImportExport
"Entity Attributes","Entità Attributi",module,Magento_ImportExport
Continue,Continua,module,Magento_ImportExport
"Validation Results","Risultati validazione",module,Magento_ImportExport
"Indexer Management","Gestione indici",module,Magento_Indexer
"Update by Schedule","Aggiorna da pianificazione",module,Magento_Indexer
"Update on Save","Aggiorna al salvataggio",module,Magento_Indexer
"Reindex required","Reindex necessario",module,Magento_Indexer
Ready,Pronto,module,Magento_Indexer
Processing,"In elaborazione",module,Magento_Indexer
Never,Mai,module,Magento_Indexer
"%1 index is locked by another reindex process. Skipping.","L'indice %1 è bloccato da un altro processo di reindicizzare. Verrà ignorato.",module,Magento_Indexer
"Index Management","Gestione indice",module,Magento_Indexer
"Please select indexers.","Seleziona indicizzatori.",module,Magento_Indexer
"%1 indexer(s) are in ""Update by Schedule"" mode.","%1 indicizzatori sono in modalità ""Aggiorna da pianificazione"".",module,Magento_Indexer
"We couldn't change indexer(s)' mode because of an error.","Non è possibile cambiare modalità indicizzatori a causa di un errore.",module,Magento_Indexer
"%1 indexer(s) are in ""Update on Save"" mode.","%1 indicizzatori sono in modalità ""Aggiornamento su Salva"".",module,Magento_Indexer
"One or more <a href=""%1"">indexers are invalid</a>. Make sure your <a href=""%2"" target=""_blank"">Magento cron job</a> is running.","Uno o più <a href=""%1""> indicizzatori non sono validi</a>. Assicurarsi che il <a href=""%2"" target=""_blank"">cron di Magento </a> sia in esecuzione.",module,Magento_Indexer
"State for the same indexer","Stato per lo stesso indicizzatore",module,Magento_Indexer
"State for the same view","Stato per la stessa vista",module,Magento_Indexer
"Field '%1' not found","Campo '%1' non trovato",module,Magento_Indexer
"Some Exception Message","Qualche messaggio di eccezione",module,Magento_Indexer
"Test Phrase","Frase di prova",module,Magento_Indexer
Integrations,Integrazioni,module,Magento_Integration
"Add New Integration","Aggiungi nuova integrazione",module,Magento_Integration
Save,Salva,module,Magento_Integration
"Save & Activate","Salva & attiva",module,Magento_Integration
"New Integration","Nuova integrazione",module,Magento_Integration
"Edit Integration '%1'","Modifica integrazione '%1'",module,Magento_Integration
"Integration Info","Info Integrazione",module,Magento_Integration
General,Generale,module,Magento_Integration
Name,Nome,module,Magento_Integration
"Callback URL","URL di callback",module,Magento_Integration
"Enter URL where Oauth credentials can be sent when using Oauth for token exchange. We strongly recommend using https://.","Inserisci URL dove le Oauth credentials possono essere inviate quando viene usato lo scambio di token Oauth. Si consiglia fortemente l'utilizzo di https://.",module,Magento_Integration
"Identity link URL","URL identity link",module,Magento_Integration
"URL to redirect user to link their 3rd party account with this Magento integration credentials.","URL per reindirizzare l'utente per collegare il proprio account di terze parti con queste credenziali di integrazione Magento.",module,Magento_Integration
"Current User Identity Verification","Verifica dell'identità dell'utente",module,Magento_Integration
"Your Password","La tua Password",module,Magento_Integration
"Integration Details","Dettagli di integrazione",module,Magento_Integration
"Basic Settings","Impostazioni di Base",module,Magento_Integration
"Integration Tokens for Extensions","Token di integrazione per le estensioni",module,Magento_Integration
"Consumer Key","Consumer key",module,Magento_Integration
"Consumer Secret","Consumer secret",module,Magento_Integration
"Access Token","Token di accesso",module,Magento_Integration
"Access Token Secret","Segreto del Token di accesso",module,Magento_Integration
"Uninstall the extension to remove this integration","Disinstallare l'estensione per rimuovere questa integrazione",module,Magento_Integration
Remove,Elimina,module,Magento_Integration
View,Mostra,module,Magento_Integration
Edit,Modifica,module,Magento_Integration
Activate,Attiva,module,Magento_Integration
Reauthorize,Riautorizzare,module,Magento_Integration
"Uninstall the extension to remove integration '%1'.","Disinstallare l'estensione per rimuovere l'integrazione '%1'.",module,Magento_Integration
"This integration no longer exists.","Questa integrazione non esiste più.",module,Magento_Integration
"The integration '%1' has been deleted.","L'integrazione '%1' è stata eliminata.",module,Magento_Integration
"Integration ID is not specified or is invalid.","ID integrazione non specificato o non valido.",module,Magento_Integration
"Internal error. Check exception log for details.","Errore interno. Controlla exception log per i dettagli.",module,Magento_Integration
"View ""%1"" Integration","Mostra integrazione ""%1""",module,Magento_Integration
"Edit ""%1"" Integration","Modifica integrazione ""%1""",module,Magento_Integration
"Warning! Integrations not using HTTPS are insecure and potentially expose private or personally identifiable information","Attenzione! Le integrazioni che non usano HTTPS sono insicuri e potenzialmente espongono informazioni private o personali",module,Magento_Integration
"Cannot edit integrations created via config file.","Impossibile modificare integrazioni create tramite file di configurazione.",module,Magento_Integration
"The integration '%1' has been saved.","L'integrazione di '%1' è stata salvata.",module,Magento_Integration
"The integration was not saved.","L'integrazione non è stata salvata.",module,Magento_Integration
"The integration '%1' has been re-authorized.","L'integrazione di '%1' è stata ri-autorizzata.",module,Magento_Integration
"The integration '%1' has been activated.","È stata attivata l'integrazione '%1'.",module,Magento_Integration
"Integration '%1' has been sent for re-authorization.","L'integrazione '%1' è stata inviata per la ri-autorizzazione.",module,Magento_Integration
"Integration '%1' has been sent for activation.","L'integrazione '%1' è stata inviata per l'attivazione.",module,Magento_Integration
"A consumer with ID %1 does not exist","Non esiste un utente con ID %1",module,Magento_Integration
"You did not sign in correctly or your account is temporarily disabled.","Non hai eseguito l'accesso correttamente o il tuo account è temporaneamente disattivato.",module,Magento_Integration
"This user has no tokens.","Questo utente non ha nessun token.",module,Magento_Integration
"The tokens could not be revoked.","I token potrebbero non essere revocati.",module,Magento_Integration
"Sorry, something went wrong granting permissions. You can find out more in the exceptions log.","Siamo spiacenti, qualcosa è andato storto durante la concessione dei permessi. Troverai ulteriori informazioni negli exceptions log.",module,Magento_Integration
"Something went wrong while deleting roles and permissions. You can find out more in the exceptions log.","Qualcosa è andato storto durante l'eliminazione di ruoli e permessi. Puoi trovare ulteriori informazioni nel registro eccezioni.",module,Magento_Integration
"%fieldName is a required field.","%fieldName è un campo obbligatorio.",module,Magento_Integration
"This customer has no tokens.","Questo cliente non ha nessun token.",module,Magento_Integration
Inactive,Inattivo,module,Magento_Integration
Active,Attiva,module,Magento_Integration
"Integration with name '%1' exists.","Esiste una integrazione con il nome '%1'.",module,Magento_Integration
"Integration with ID '%1' does not exist.","L'integrazione con ID '%1' non esiste.",module,Magento_Integration
"One or more <a href=""%1"">integrations</a> have been reset because of a change to their xml configs.","Una o più <a href=""%1"">integrazioni</a> sono state resettate a causa di un cambiamento nei loro file xml di configurazione.",module,Magento_Integration
"Invalid Callback URL","URL di Callback non valido",module,Magento_Integration
"Invalid Rejected Callback URL","URL non valido Callback rifiutati",module,Magento_Integration
"Incorrect timestamp value in the oauth_timestamp parameter","Valore timestamp non corretto nel parametro oauth_timestamp",module,Magento_Integration
"The nonce is already being used by the consumer with ID %1","L'occasione è in uso dall'utente con ID %1",module,Magento_Integration
"An error occurred validating the nonce","Errore durante la convalida dell'occasione",module,Magento_Integration
"Cannot convert to access token due to token is not request type","Non è possibile convertire in token di accesso causa token che non è del tipo richiesto",module,Magento_Integration
"Consumer key has expired","Chiave utente scaduta",module,Magento_Integration
"Cannot create request token because consumer token is not a verifier token","Non è possibile creare il token richiesto perchè il token consumer non è un token verificato",module,Magento_Integration
"Request token is not associated with the specified consumer","Il token richiesto non è associato al consumer specificato",module,Magento_Integration
"Token is already being used","Token è già in uso",module,Magento_Integration
"Cannot get access token because consumer token is not a request token","Non è possibile ottenere il token di accesso perché token consumer non è un token di richiesta",module,Magento_Integration
"Token is not associated with the specified consumer","Il token non è associato al consumer specificato",module,Magento_Integration
"Token is not an access token","Il token non è un token di accesso",module,Magento_Integration
"Access token has been revoked","Il token di accesso è stato revocato",module,Magento_Integration
"Consumer key is not the correct length","La chiave utente non è della lunghezza corretta",module,Magento_Integration
"A consumer having the specified key does not exist","Non esiste un utente con la chiave specificata",module,Magento_Integration
"Verifier is invalid","Verifier non è valido",module,Magento_Integration
"Verifier is not the correct length","Il verifier non è della lunghezza corretta",module,Magento_Integration
"Token verifier and verifier token do not match","Il token verifier e verifier token non corrispondono",module,Magento_Integration
"A consumer with the ID %1 does not exist","Non esiste un utente con ID %1",module,Magento_Integration
"Token is not the correct length","Il token non è della lunghezza corretta",module,Magento_Integration
"Specified token does not exist","Il token specificato non esiste",module,Magento_Integration
"A token with consumer ID %1 does not exist","Un token con l'ID consumer %1 non esiste",module,Magento_Integration
"Unexpected error. Unable to create oAuth consumer account.","Errore imprevisto. Impossibile creare account oAuth utente.",module,Magento_Integration
"Unexpected error. Unable to load oAuth consumer account.","Errore imprevisto. Impossibile caricare l'account utente oAuth.",module,Magento_Integration
"Unable to post data to consumer due to an unexpected error","Impossibile inviare i dati all'utente a causa di un errore imprevisto",module,Magento_Integration
"Consumer with ID '%1' does not exist.","Non esiste un utente con ID '%1'.",module,Magento_Integration
"Invalid token to except","Token non valido",module,Magento_Integration
"Integration with ID '%1' doesn't exist.","L'integrazione con ID '%1' non esiste.",module,Magento_Integration
"Your account is temporarily disabled.","Il tuo account è temporaneamente disabilitato.",module,Magento_Integration
"You have entered an invalid password for current user.","Hai inserito una password non valida per l'utente attuale.",module,Magento_Integration
"A token with consumer ID 0 does not exist","Un token con l'ID consumer 0 non esiste",module,Magento_Integration
"The integration you selected asks you to approve access to the following:","L'integrazione selezionata chiede di approvare l'accesso al seguente:",module,Magento_Integration
"No permissions requested","Nessuna autorizzazione richiesta",module,Magento_Integration
"Are you sure ?","Sei sicuro ?",module,Magento_Integration
"Are you sure you want to delete this integration? You can't undo this action.","Sei sicuro di che voler eliminare questa integrazione? Non è possibile annullare questa azione.",module,Magento_Integration
"Please setup or sign in into your 3rd party account to complete setup of this integration.","Installa o accedi al tuo account di terze parti per completare l'installazione di questa integrazione.",module,Magento_Integration
"Available APIs","API disponibili",module,Magento_Integration
"Resource Access","Accesso alle risorse",module,Magento_Integration
Custom,Personalizzato,module,Magento_Integration
All,Tutti,module,Magento_Integration
Resources,Risorse,module,Magento_Integration
"Filterable (with results)","Filtrabile (con risultati)",module,Magento_LayeredNavigation
"Filterable (no results)","Filtrabile (nessun risultato)",module,Magento_LayeredNavigation
"Use in Layered Navigation","Usa nella navigazione a livelli",module,Magento_LayeredNavigation
"Can be used only with catalog input type Dropdown, Multiple Select and Price","Può essere utilizzato solo con il tipo di input catalogo menu a tendina, selezione multipla e prezzo",module,Magento_LayeredNavigation
"Can be used only with catalog input type Dropdown, Multiple Select and Price.","Può essere utilizzato solo con il tipo di input catalogo Menu a tendina, Selezione multipla e Prezzo.",module,Magento_LayeredNavigation
"Use in Search Results Layered Navigation","Usa nella navigazione a livelli dei risultati di ricerca",module,Magento_LayeredNavigation
Position,Posizione,module,Magento_LayeredNavigation
"Position in Layered Navigation","Posizione nella navigazione a livelli",module,Magento_LayeredNavigation
"Position of attribute in layered navigation block.","Posizione dell'attributo nel blocco della navigazione a livelli.",module,Magento_LayeredNavigation
item,elemento,module,Magento_LayeredNavigation
items,elementi,module,Magento_LayeredNavigation
"Now Shopping by","Ora acquista per",module,Magento_LayeredNavigation
Previous,Precedente,module,Magento_LayeredNavigation
Remove,Elimina,module,Magento_LayeredNavigation
"Remove This Item","Rimuovi questo articolo",module,Magento_LayeredNavigation
"Shop By","Naviga per",module,Magento_LayeredNavigation
"Clear All","Cancella tutto",module,Magento_LayeredNavigation
"Shopping Options",Opzioni,module,Magento_LayeredNavigation
Partners,Partner,module,Magento_Marketplace
"Magento Marketplace","Marketplace di Magento",module,Magento_Marketplace
"Platinum Partners","Partner Platinum",module,Magento_Marketplace
"Representing Magento's highest level of partner engagement, Magento Platinum Partners have established themselves as leaders and innovators of key products and services designed to help merchants and brands grow their business. Magento reserves the Platinum level for select trusted partners that are committed to offering integrations of commerce features, functions, and tools, as well as back-end systems and operations, to extend and enhance the power of the Magento commerce platform.","I Magento Platinum Partner, il più alto livello assegnato ai Partner di Magento, si sono affermati come leader e innovatori di prodotti chiave e di servizi progettati per aiutare i rivenditori e i fabbricanti di prodotti di marca a far crescere il loro business. Magento riserva il livello Platino a partner selezionati e di fiducia che si sono impegnati ad offrire integrazioni specifiche per il commercio, funzioni e strumenti, nonché operatività e sistemi di back-end, per aumentare ed esaltare le potenzialità della piattaforma Magento Commerce.",module,Magento_Marketplace
"Featured Platinum Partners","Partner platinum in evidenza",module,Magento_Marketplace
"Partner search","Ricerca partner",module,Magento_Marketplace
"Magento has a thriving ecosystem of technology partners to help merchants and brands deliver the best possible customer experiences. They are recognized as experts in eCommerce, search, email marketing, payments, tax, fraud, optimization and analytics, fulfillment, and more. Visit the Magento Partner Directory to see all of our trusted partners.","Magento ha un fiorente ecosistema di partner tecnologici per aiutare i commercianti e i marchi a fornire la miglior esperienza cliente possibile. Sono riconosciuti come esperti in eCommerce, ricerca, e-mail marketing, pagamenti, tasse, frode, ottimizzazione e analisi, soddisfacimento e altro ancora. Visita l'elenco Partner Magento per vedere tutti i nostri partner di fiducia.",module,Magento_Marketplace
"More Partners","Più partner",module,Magento_Marketplace
"Extensions and Themes are an essential component of the Magento Ecosystem. Please visit the Magento Marketplace to see the latest innovations that developers have created to enhance your Magento Store.","Estensioni e temi sono una componente essenziale dell'ecosistema Magento. Visita Magento Marketplace per vedere le ultime innovazioni che gli sviluppatori hanno creato per migliorare il tuo negozio Magento.",module,Magento_Marketplace
"Visit Magento Marketplaces","Visitare i Magento Marketplace",module,Magento_Marketplace
"Read More","Continua a leggere",module,Magento_Marketplace
"Partner Page","Pagina dei partner",module,Magento_Marketplace
"No partners were found","Nessun partner trovato",module,Magento_Marketplace
Synchronize,Sincronizza,module,Magento_MediaStorage
"Synchronizing %1 to %2","Sincronizzazione %1 di %2",module,Magento_MediaStorage
Synchronizing...,Sincronizzazione...,module,Magento_MediaStorage
"The timeout limit for response from synchronize process was reached.","Raggiunto il limite di timeout per la risposta dal processo di sincronizzazione.",module,Magento_MediaStorage
"File %1 does not exist","Il file %1 non esiste",module,Magento_MediaStorage
"File %1 is not readable","Il file non %1 è leggibile",module,Magento_MediaStorage
"Parent directory does not exist: %1","La directory genitore non esiste: %1",module,Magento_MediaStorage
"File system","File System",module,Magento_MediaStorage
"Unable to save file ""%1"" at ""%2""","Impossibile salvare il file ""%1"" in ""%2""",module,Magento_MediaStorage
"Wrong file info format","Formato di info file errato",module,Magento_MediaStorage
"Path ""%value%"" is protected and cannot be used.","Il percorso ""%value%"" è protetto e non può essere utilizzato.",module,Magento_MediaStorage
"Path ""%value%"" is not available and cannot be used.","Il percorso ""%value%"" non è disponibile e non può essere utilizzato.",module,Magento_MediaStorage
"Please set available and/or protected paths list(s) before validation.","Impostare lista percorsi disponibili e/o protetti prima della convalida.",module,Magento_MediaStorage
"File with an extension ""%value%"" is protected and cannot be uploaded","Il file con estensione ""%value%"" è protetto e non può essere caricato",module,Magento_MediaStorage
"Unable to create directory: %1","Impossibile creare la directory: %1",module,Magento_MediaStorage
"Unable to save file: %1","Impossibile salvare il file: %1",module,Magento_MediaStorage
"To see product price, add this item to your cart. You can always remove it later.","Per visualizzare il prezzo del prodotto aggiungilo al tuo carrello. Lo puoi rimuovere più tardi.",module,Magento_Msrp
"See price before order confirmation.","Vedere il prezzo prima della conferma dell'ordine.",module,Magento_Msrp
"On Gesture","Con Gesture",module,Magento_Msrp
"In Cart","Nel carrello",module,Magento_Msrp
"Before Order Confirmation","Prima della conferma dell'ordine",module,Magento_Msrp
"Use config","Utilizzare config",module,Magento_Msrp
"Click for price","Clicca per il prezzo",module,Magento_Msrp
"What's this?","Cos'è questo?",module,Magento_Msrp
"Order total will be displayed before you submit the order","Il totale dell'ordine verrà visualizzato prima di inviare l'ordine",module,Magento_Msrp
"You will see the order total before you submit the order.","Vedrai il totale dell'ordine prima di inviare l'ordine.",module,Magento_Msrp
Price,Prezzo,module,Magento_Msrp
"Actual Price","Prezzo attuale",module,Magento_Msrp
"Add to Cart","Aggiungi al Carrello",module,Magento_Msrp
"Change Billing Address","Cambia indirizzo di fatturazione",module,Magento_Multishipping
"Ship to Multiple Addresses","Spedisci a indirizzi diversi",module,Magento_Multishipping
"Billing Information - %1","Informazioni di fatturazione - %1",module,Magento_Multishipping
"Review Order - %1","Rivedi Ordine - %1",module,Magento_Multishipping
Total,Totale,module,Magento_Multishipping
"Total for this address","Totale per questo indirizzo",module,Magento_Multishipping
"Shipping Methods","Metodi di Spedizione",module,Magento_Multishipping
"Edit Address","Modifica l'indirizzo",module,Magento_Multishipping
"Edit Billing Address","Modifica l'indirizzo di fatturazione",module,Magento_Multishipping
"Edit Shipping Address","Modifica l'indirizzo di spedizione",module,Magento_Multishipping
"Create Billing Address","Crea l'indirizzo di fatturazione",module,Magento_Multishipping
"Create Shipping Address","Crea l'indirizzo di spedizione",module,Magento_Multishipping
"Data saving problem","Problema nel salvataggio dei dati",module,Magento_Multishipping
"We cannot open the overview page.","Non possiamo aprire l'anteprima della pagina.",module,Magento_Multishipping
"Please agree to all Terms and Conditions before placing the order.","Accetta i termini e le condizioni prima di effettuare l'ordine.",module,Magento_Multishipping
"Order place error","Errore esecuzione ordine",module,Magento_Multishipping
"Maximum qty allowed for Shipping to multiple addresses is %1","La qtà massima consentita per la spedizione a indirizzi multipli è %1",module,Magento_Multishipping
"Please check shipping address information.","Controllare le informazioni dell'indirizzo di spedizione.",module,Magento_Multishipping
"Please check billing address information.","Controllare le informazioni dell'indirizzo di fatturazione.",module,Magento_Multishipping
"Please select shipping methods for all addresses.","Selezionare i metodi di spedizione per tutti gli indirizzi.",module,Magento_Multishipping
"A payment method is not defined.","Non è stato definito un metodo di pagamento.",module,Magento_Multishipping
"The requested payment method is not available for multishipping.","Il metodo di pagamento richiesto non è disponibile per il multishipping.",module,Magento_Multishipping
"Item not found or already ordered","Articolo non trovato o già ordinato",module,Magento_Multishipping
"Please specify a payment method.","Specificare un metodo di pagamento.",module,Magento_Multishipping
"Please check shipping addresses information.","Controllare le informazioni dell'indirizzo di spedizione.",module,Magento_Multishipping
"Please specify shipping methods for all addresses.","Specificare i metodi di spedizione per tutti gli indirizzi.",module,Magento_Multishipping
"Select Addresses","Seleziona gli indirizzi",module,Magento_Multishipping
"Shipping Information","Informazioni di spedizione",module,Magento_Multishipping
"Billing Information","Informazioni di fatturazione",module,Magento_Multishipping
"Place Order","Effettua Ordine",module,Magento_Multishipping
"Order Success","Ordine riuscito",module,Magento_Multishipping
"Default Billing","Fatturazione predefinita",module,Magento_Multishipping
"Default Shipping","Spedizione predefinita",module,Magento_Multishipping
"Select Address","Seleziona indirizzo",module,Magento_Multishipping
"Add New Address","Aggiungi nuovo indirizzo",module,Magento_Multishipping
"Back to Billing Information","Torna a informazioni di fatturazione",module,Magento_Multishipping
"Please select a shipping address for applicable items.","Seleziona un indirizzo di spedizione per gli elementi applicabili.",module,Magento_Multishipping
Product,Prodotto,module,Magento_Multishipping
Qty,Qtà,module,Magento_Multishipping
"Send To","Invia a",module,Magento_Multishipping
"A shipping selection is not applicable.","Una selezione di spedizione non è applicabile.",module,Magento_Multishipping
Actions,Azioni,module,Magento_Multishipping
"Remove Item","Rimuovi elemento",module,Magento_Multishipping
"Remove item","Rimuovi il prodotto",module,Magento_Multishipping
"Go to Shipping Information","Vai alle informazioni di spedizione",module,Magento_Multishipping
"Update Qty &amp; Addresses","Aggiornamento Qtà e indirizzi",module,Magento_Multishipping
"Enter a New Address","Inserisci un nuovo indirizzo",module,Magento_Multishipping
"Back to Shopping Cart","Torna al carrello",module,Magento_Multishipping
"Billing Address","Indirizzo di Fatturazione",module,Magento_Multishipping
Change,Modifica,module,Magento_Multishipping
"Payment Method","Metodo di pagamento",module,Magento_Multishipping
"Go to Review Your Order","Rivedi il tuo ordine",module,Magento_Multishipping
"Back to Shipping Information","Torna alle informazioni sulla spedizione",module,Magento_Multishipping
"Other items in your order","Altri oggetti nel tuo ordine",module,Magento_Multishipping
"Edit Items","Modifica elementi",module,Magento_Multishipping
"Shipping is not applicable.","La spedizione non è applicabile.",module,Magento_Multishipping
"Product Name","Nome prodotto",module,Magento_Multishipping
"Check Out with Multiple Addresses","Checkout con indirizzi multipli",module,Magento_Multishipping
"Address %1 <span>of %2</span>","Indirizzo %1 <span>di %2</span>",module,Magento_Multishipping
"Shipping To","Spedire a",module,Magento_Multishipping
"Shipping Method","Metodo di Spedizione",module,Magento_Multishipping
"Incl. Tax","Tasse incl.",module,Magento_Multishipping
"Excl. Tax","Tasse escl.",module,Magento_Multishipping
"Order Review","Rivedi ordine",module,Magento_Multishipping
Item,Oggetto,module,Magento_Multishipping
Edit,Modifica,module,Magento_Multishipping
Price,Prezzo,module,Magento_Multishipping
Subtotal,Subtotale,module,Magento_Multishipping
Items,Elementi,module,Magento_Multishipping
"Grand Total:","Totale complessivo:",module,Magento_Multishipping
"Submitting order information...","Invio nformazioni ordine...",module,Magento_Multishipping
"Sorry, no quotes are available for this order right now.","Spiacente, nessun preventivo disponibile per questo ordine in questo momento.",module,Magento_Multishipping
"Continue to Billing Information","Continua alle informazioni di fatturazione",module,Magento_Multishipping
"Back to Select Addresses","Torna alla selezione degli indirizzi",module,Magento_Multishipping
"Thank you for your purchase!","Grazie per il tuo acquisto!",module,Magento_Multishipping
"Thanks for your order. We'll email you order details and tracking information.","Grazie per il tuo acquisto. Ti invieremo una email con i dettagli dell'ordine e  le informazioni di tracciamento.",module,Magento_Multishipping
"Continue Shopping","Continua gli Acquisti",module,Magento_Multishipping
"No New Relic Application ID configured, cannot continue with Cron Event reporting","Nessun ID Applicazione New Relic configurato, non è è possibile continuare con il report degli eventi Cron",module,Magento_NewRelicReporting
"The New Relic integration requires the newrelic-php5 agent, which is not installed. More 
                        information on installing the agent is available <a target=""_blank"" href=""%1"">here</a>.","L'integrazione con New Relic richiede l'agent newrelic-php5 che non è installato. 
Ulteriori informazioni su come installare l'agent è disponibile <a target=""_blank"" href=""%1"">qui</a>.",module,Magento_NewRelicReporting
"Delete Selected Problems","Elimina problemi selezionati",module,Magento_Newsletter
"Unsubscribe Selected","Annulla l'iscrizione agli utenti selezionati",module,Magento_Newsletter
Back,Indietro,module,Magento_Newsletter
"Preview Template","Anteprima template",module,Magento_Newsletter
"Save Newsletter","Salva Newsletter",module,Magento_Newsletter
"Save and Resume","Salva e Ripristina",module,Magento_Newsletter
"View Newsletter","Visualizza Newsletter",module,Magento_Newsletter
"Edit Newsletter","Modifica Newsletter",module,Magento_Newsletter
"Queue Information","Informazioni sulla coda",module,Magento_Newsletter
"Queue Date Start","Data inizio coda",module,Magento_Newsletter
"Subscribers From","Iscritti da",module,Magento_Newsletter
Subject,Oggetto,module,Magento_Newsletter
"Sender Name","Nome mittente",module,Magento_Newsletter
"Sender Email","Email mittente",module,Magento_Newsletter
Message,Messaggio,module,Magento_Newsletter
"Newsletter Styles","Stili Newsletter",module,Magento_Newsletter
Start,Inizia,module,Magento_Newsletter
Pause,Pausa,module,Magento_Newsletter
"Do you really want to cancel the queue?","Vuoi davvero cancellare la coda?",module,Magento_Newsletter
Cancel,Annulla,module,Magento_Newsletter
Resume,Riprendi,module,Magento_Newsletter
Preview,Anteprima,module,Magento_Newsletter
"Add New Template","Aggiungi nuovo template",module,Magento_Newsletter
"Newsletter Templates","Templates Newsletter",module,Magento_Newsletter
"Convert to Plain Text","Converti in testo normale",module,Magento_Newsletter
"Return HTML Version","Restituisci la versione HTML",module,Magento_Newsletter
"Delete Template","Elimina template",module,Magento_Newsletter
"Save As","Salva come",module,Magento_Newsletter
"Save Template","Salva Template",module,Magento_Newsletter
"Edit Newsletter Template","Modifica il template Newsletter",module,Magento_Newsletter
"New Newsletter Template","Nuovo template newsletter",module,Magento_Newsletter
"Template Information","Informazioni Template",module,Magento_Newsletter
"Template Name","Nome template",module,Magento_Newsletter
"Template Subject","Oggetto Template",module,Magento_Newsletter
"Template Content","Contenuto Template",module,Magento_Newsletter
"Template Styles","Stili Template",module,Magento_Newsletter
"No Templates Found","Nessun template trovato",module,Magento_Newsletter
Added,Aggiunto,module,Magento_Newsletter
Updated,Aggiornato,module,Magento_Newsletter
Sender,Mittente,module,Magento_Newsletter
"Template Type","Tipo di template",module,Magento_Newsletter
Action,Azione,module,Magento_Newsletter
"Queue Newsletter","Coda newsletter",module,Magento_Newsletter
"We unsubscribed the people you identified.","Abbiamo annullato l'iscrizione alle persone che hai identificato.",module,Magento_Newsletter
"The problems you identified have been deleted.","I problemi che hai identificato sono stato eliminati.",module,Magento_Newsletter
"Newsletter Problems Report","Report problemi newsletter",module,Magento_Newsletter
"Newsletter Problem Reports","Report problema newsletter",module,Magento_Newsletter
"Newsletter Queue","Coda newsletter",module,Magento_Newsletter
"Edit Queue","Modifica la coda",module,Magento_Newsletter
"Please correct the newsletter template and try again.","Correggi il template newsletter e riprova.",module,Magento_Newsletter
"You saved the newsletter queue.","Hai salvato la coda della newsletter.",module,Magento_Newsletter
"Newsletter Subscribers","Iscritti alla newsletter",module,Magento_Newsletter
Subscribers,Iscritti,module,Magento_Newsletter
"Please select one or more subscribers.","Seleziona uno o più iscritti.",module,Magento_Newsletter
"Total of %1 record(s) were deleted.","Un totale di %1 record sono stati eliminati.",module,Magento_Newsletter
"A total of %1 record(s) were updated.","Un totale di %1 record sono stati aggiornati.",module,Magento_Newsletter
"The newsletter template has been deleted.","Il template newsletter è stato eliminato.",module,Magento_Newsletter
"We can't delete this template right now.","Non è possibile eliminare questo template in questo momento.",module,Magento_Newsletter
"Edit Template","Modifica Template",module,Magento_Newsletter
"New Template","Nuovo Template",module,Magento_Newsletter
"Create Newsletter Template","Crea template newsletter",module,Magento_Newsletter
"The newsletter template has been saved.","Il template newsletter è stato salvato.",module,Magento_Newsletter
"Something went wrong while saving this template.","Qualcosa è andato storto durante il salvataggio di questo template.",module,Magento_Newsletter
"Newsletter Subscription","Iscrizione alla newsletter",module,Magento_Newsletter
"Something went wrong while saving your subscription.","Qualcosa è andato storto durante il salvataggio della tua iscrizione.",module,Magento_Newsletter
"We saved the subscription.","Abbiamo salvato l'iscrizione.",module,Magento_Newsletter
"We removed the subscription.","L'iscrizione è stata rimossa.",module,Magento_Newsletter
"Your subscription has been confirmed.","La tua iscrizione è stata confermata.",module,Magento_Newsletter
"This is an invalid subscription confirmation code.","Questo è un codice di conferma di iscrizione non valido.",module,Magento_Newsletter
"This is an invalid subscription ID.","Questo è un ID iscrizione non valido.",module,Magento_Newsletter
"This email address is already assigned to another user.","Questo indirizzo email risulta già assegnato ad un altro utente.",module,Magento_Newsletter
"Sorry, but the administrator denied subscription for guests. Please <a href=""%1"">register</a>.","Ci dispiace, ma l'amministratore ha negato l'iscrizione per gli ospiti. Si prega di <a href=""%1""> registrarsi</a>.",module,Magento_Newsletter
"Please enter a valid email address.","Inserisci un indirizzo email valido.",module,Magento_Newsletter
"The confirmation request has been sent.","La richiesta di conferma è stata inviata.",module,Magento_Newsletter
"Thank you for your subscription.","Grazie per la tua iscrizione.",module,Magento_Newsletter
"There was a problem with the subscription: %1","C'è stato un problema con l'iscrizione: %1",module,Magento_Newsletter
"Something went wrong with the subscription.","Qualcosa è andato storto con l'iscrizione.",module,Magento_Newsletter
"You unsubscribed.","Hai annullato l'iscrizione.",module,Magento_Newsletter
"Something went wrong while unsubscribing you.","Qualcosa è andato storto durante l'annullamento della tua iscrizione.",module,Magento_Newsletter
Sent,Inviato,module,Magento_Newsletter
Cancelled,Cancellato,module,Magento_Newsletter
"Not Sent","Non inviato",module,Magento_Newsletter
Sending,"Invio in corso",module,Magento_Newsletter
Paused,Sospeso,module,Magento_Newsletter
"There are no subscribers selected.","Non ci sono iscritti selezionati.",module,Magento_Newsletter
"You selected an invalid queue.","Hai selezionato una coda non valida.",module,Magento_Newsletter
"We cannot mark as received subscriber.","Non è possibile contrassegnare come iscritto ricevuto.",module,Magento_Newsletter
"Duplicate template code","Duplica coda template",module,Magento_Newsletter
"Follow this link to unsubscribe <!-- This tag is for unsubscribe link  --><a href=""{{var subscriber.getUnsubscriptionLink()}}"">{{var subscriber.getUnsubscriptionLink()}}</a>","Usa questo link per annullare l'iscrizione <!-- Questo tag è per il link di cancellazione --><a href=""{{var subscriber.getUnsubscriptionLink()}}"">{{var subscriber.getUnsubscriptionLink()}}</a>",module,Magento_Newsletter
"No such entity with %fieldName = %fieldValue","Nessun entità tale con %fieldName = %fieldValue",module,Magento_Newsletter
"Choose Store View:","Scegli vista negozio:",module,Magento_Newsletter
"Newsletter Message Preview","Anteprima messaggio newsletter",module,Magento_Newsletter
"Add to Queue","Aggiungi alla coda",module,Magento_Newsletter
"Are you sure that you want to strip all tags?","Sei sicuro di voler rimuovere tutti i tag?",module,Magento_Newsletter
"Please enter a new template name.","Inserisci un nuovo nome template.",module,Magento_Newsletter
"Are you sure you want to delete this template?","Sei sicuro di voler eliminare questo template?",module,Magento_Newsletter
"Sign Up for Our Newsletter:","Iscriviti alla nostra Newsletter:",module,Magento_Newsletter
"Enter your email address","Inserisci la tua email",module,Magento_Newsletter
Subscribe,Iscriviti,module,Magento_Newsletter
"Make Check payable to:","Fare assegno intestato a:",module,Magento_OfflinePayments
"Send Check to:","Invia assegno a:",module,Magento_OfflinePayments
"Purchase Order Number","Numero d'ordine di acquisto",module,Magento_OfflinePayments
"Make Check payable to: %1","Intesta assegno a: %1",module,Magento_OfflinePayments
"Purchase Order Number: %1","Numero dell'ordine di acquisto: %1",module,Magento_OfflinePayments
"Make Check payable to","Fare assegno intestato a",module,Magento_OfflinePayments
"Send Check to","Inviare assegno a",module,Magento_OfflinePayments
Country,Paese,module,Magento_OfflineShipping
Region/State,Provincia,module,Magento_OfflineShipping
"Zip/Postal Code",CAP,module,Magento_OfflineShipping
"Shipping Price","Prezzo di spedizione",module,Magento_OfflineShipping
"Export CSV","Esporta CSV",module,Magento_OfflineShipping
"Store Pickup","Ritiro in negozio",module,Magento_OfflineShipping
"Weight vs. Destination","Peso vs destinazione",module,Magento_OfflineShipping
"Price vs. Destination","Prezzo vs destinazione",module,Magento_OfflineShipping
"# of Items vs. Destination","# di elementi vs. destinazione",module,Magento_OfflineShipping
"Weight (and above)","Peso (e superiore)",module,Magento_OfflineShipping
"Order Subtotal (and above)","Subtotale ordine (e superiore)",module,Magento_OfflineShipping
"# of Items (and above)","# di elementi (e superiore)",module,Magento_OfflineShipping
"Please correct Table Rate code type: %1.","Correggi il tipo di codice tabella tariffe: %1.",module,Magento_OfflineShipping
"Please correct Table Rate code for type %1: %2.","Correggi il codice tabella tariffe per tipo %1: %2.",module,Magento_OfflineShipping
None,Nessuno,module,Magento_OfflineShipping
"Per Order","Per ordine",module,Magento_OfflineShipping
"Per Item","Per articolo",module,Magento_OfflineShipping
"Unable to import data","Impossibile importare dati",module,Magento_OfflineShipping
"Something went wrong while importing table rates.","Qualcosa è andato storto durante l'importazione della tabella tariffe.",module,Magento_OfflineShipping
"We couldn't import this file because of these errors: %1","Non è possibile importare questo file a causa di questi errori: %1",module,Magento_OfflineShipping
"Requested column ""%1"" cannot be resolved","La colonna richiesta ""%1"" non può essere risolta",module,Magento_OfflineShipping
"Column ""%1"" not found","Colonna ""%1"" non trovata",module,Magento_OfflineShipping
"Please correct Table Rates format in the Row #%1.","Correggi il formato della tabella tariffa nella riga #%1.",module,Magento_OfflineShipping
"Please correct Country ""%1"" in the Row #%2.","Correggi il paese ""%1"" nella riga #%2.",module,Magento_OfflineShipping
"Please correct Region/State ""%1"" in the Row #%2.","Correggi la provincia ""%1"" nella riga #%2.",module,Magento_OfflineShipping
"Please correct %1 ""%2"" in the Row #%3.","Correggi %1 ""%2"" nella riga #%3.",module,Magento_OfflineShipping
"Please correct Shipping Price ""%1"" in the Row #%2.","Correggi il prezzo spedizione ""%1"" nella riga #%2.",module,Magento_OfflineShipping
"Duplicate Row #%1 (duplicates row #%2)","Duplicare la riga #%1 (Riga Duplicata #%2)",module,Magento_OfflineShipping
"Please correct Table Rates File Format.","Correggi il formato file della tabella tariffe.",module,Magento_OfflineShipping
"For matching items only","Solo per elementi corrispondenti",module,Magento_OfflineShipping
"For shipment with matching items","Per la spedizione con oggetti corrispondenti",module,Magento_OfflineShipping
"Export VCL for Varnish %1","Esporta VCL per Varnish %1",module,Magento_PageCache
"Ttl value ""%1"" is not valid. Please use only numbers equal or greater than zero.","Valore ttl ""%1"" non valido. Utilizzare solo numeri maggiori o uguali a zero.",module,Magento_PageCache
"Varnish Cache (Recommended)","Varnish Cache (consigliata)",module,Magento_PageCache
"We cannot retrieve the payment method model object.","Non è possibile recuperare l'oggetto del modello del metodo di pagamento.",module,Magento_Payment
Month,Mese,module,Magento_Payment
Year,Anno,module,Magento_Payment
"We cannot retrieve the payment info model object.","Non è possibile recuperare l'oggetto del modello del metodo di pagamento.",module,Magento_Payment
N/A,N/D,module,Magento_Payment
"Credit Card Type","Tipo di carta di credito",module,Magento_Payment
"Credit Card Number","Numero carta di credito",module,Magento_Payment
"Switch/Solo/Maestro Issue Number","Numero di emissione Switch/Solo/Maestro",module,Magento_Payment
"Switch/Solo/Maestro Start Date","Data di inizio Switch/Solo/Maestro",module,Magento_Payment
"We cannot retrieve the transparent payment method model object.","Non è possibile recuperare l'oggetto di modello del metodo di pagamento trasparente.",module,Magento_Payment
"Command Executor for %1 is not defined.","L'esecutore di comando per %1 non è definito.",module,Magento_Payment
"Command %1 does not exist.","Comando %1 inesistente.",module,Magento_Payment
"Transaction has been declined. Please try again later.","La transazione è stata rifiutata. Riprova più tardi.",module,Magento_Payment
"Wrong gateway response format.","Formato di risposta del gateway errato.",module,Magento_Payment
"Validator for field %1 does not exist.","Validatore per il campo %1 non esiste.",module,Magento_Payment
Discount,Sconto,module,Magento_Payment
Shipping,Spedizione,module,Magento_Payment
"All Allowed Countries","Tutti i paesi permessi",module,Magento_Payment
"Specific Countries","Paesi specifici",module,Magento_Payment
"The payment method you requested is not available.","Il metodo di pagamento che hai richiesto non è disponibile.",module,Magento_Payment
"The payment disallows storing objects.","Il pagamento non consente l'archiviazione di oggetti.",module,Magento_Payment
"We cannot retrieve the payment method code.","Impossibile recuperare il codice del metodo di pagamento.",module,Magento_Payment
"We cannot retrieve the payment information object instance.","Non è possibile recuperare l'istanza di oggetto informazioni di pagamento.",module,Magento_Payment
"You can't use the payment type you selected to make payments to the billing country.","Non è possibile utilizzare il tipo di pagamento selezionato per effettuare pagamenti per il paese di fatturazione.",module,Magento_Payment
"The order action is not available.","L'azione di ordine non è disponibile.",module,Magento_Payment
"The authorize action is not available.","L'azione di autorizzazione non è disponibile.",module,Magento_Payment
"The capture action is not available.","L'azione di acquisizione non è disponibile.",module,Magento_Payment
"The refund action is not available.","L'azione di rimborso non è disponibile.",module,Magento_Payment
"The void action is not available.","L'azione di annullamento non è disponibile.",module,Magento_Payment
"The payment review action is unavailable.","L'azione di revisione del pagamento non è disponibile.",module,Magento_Payment
"The credit card number doesn't match the credit card type.","Il numero di carta di credito non corrisponde al tipo di carta di credito.",module,Magento_Payment
"Invalid Credit Card Number","Numero carta di credito non valido",module,Magento_Payment
"This credit card type is not allowed for this payment method.","Tipo di carta di credito non permesso per questo metodo di pagamento.",module,Magento_Payment
"Please enter a valid credit card verification number.","Inserire un numero valido di verifica della carta di credito.",module,Magento_Payment
"Please enter a valid credit card expiration date.","Inserire una data di scadenza della carta di credito valida.",module,Magento_Payment
"%1 class doesn't implement \Magento\Payment\Model\MethodInterface","La classe %1 non implementa \Magento\Payment\Model\MethodInterface",module,Magento_Payment
Yes,Sì,module,Magento_Payment
"Failure #1","Errore #1",module,Magento_Payment
"Failure #2","Errore #2",module,Magento_Payment
"Expiration Date","Data di scadenza",module,Magento_Payment
"Card Verification Number","Numero di verifica della carta",module,Magento_Payment
"Please Select",Seleziona,module,Magento_Payment
"We'll ask for your payment details before you place an order.","I dettagli di pagamento verranno richiesti prima di effettuare un ordine.",module,Magento_Payment
"--Please Select--",--Seleziona--,module,Magento_Payment
"Card Verification Number Visual Reference","Scheda Verifica numero riferimento visivo",module,Magento_Payment
"What is this?","Cos'è questo?",module,Magento_Payment
"Credit Card Information","Informazioni carta di credito",module,Magento_Payment
"Billing Agreements","Accordi di fatturazione",module,Magento_Paypal
"First Name",Nome,module,Magento_Paypal
"Last Name",Cognome,module,Magento_Paypal
"Reference ID","ID di riferimento",module,Magento_Paypal
Created,Creato,module,Magento_Paypal
N/A,N/D,module,Magento_Paypal
Updated,Aggiornato,module,Magento_Paypal
Back,Indietro,module,Magento_Paypal
"Are you sure you want to do this?","Sei sicuro di che voler fare questo?",module,Magento_Paypal
Cancel,Annulla,module,Magento_Paypal
"Billing Agreement #%1","Accordo di fatturazione # %1",module,Magento_Paypal
"General Information","Informazioni Generali",module,Magento_Paypal
"Related Orders","Ordini correlati",module,Magento_Paypal
Order,Ordine,module,Magento_Paypal
Purchased,Acquistato,module,Magento_Paypal
"Bill-to Name","Fattura a nome",module,Magento_Paypal
"Ship-to Name","Nome del destinatario",module,Magento_Paypal
"Order Total","Totale ordine",module,Magento_Paypal
"Purchase Point","Punto di acquisto",module,Magento_Paypal
"Billing Agreement View","Vedi accordo di fatturazione",module,Magento_Paypal
"View Transaction Details","Vedi i dettagli della transazione",module,Magento_Paypal
"Reference Information","Informazioni di riferimento",module,Magento_Paypal
"Transaction Information","Informazioni sulle transazioni",module,Magento_Paypal
"PayPal Fee Information","Informazioni sulle commissioni PayPal",module,Magento_Paypal
"We are connecting to the PayPal SFTP server to retrieve new reports. Are you sure you want to continue?","Ci stiamo connettendo al server PayPal SFTP per recuperare nuovi report. Sei sicuro di che voler continuare?",module,Magento_Paypal
"Fetch Updates","Recuperare aggiornamenti",module,Magento_Paypal
Help,Guida,module,Magento_Paypal
Configure,Configura,module,Magento_Paypal
Close,Chiudi,module,Magento_Paypal
"Learn More","Scopri di più",module,Magento_Paypal
"View Demo","Visualizza Demo",module,Magento_Paypal
"See terms","Vedere le condizioni",module,Magento_Paypal
"You will be redirected to the PayPal website.","Verrai reindirizzati al sito di PayPal.",module,Magento_Paypal
"You will be redirected to the PayPal website when you place an order.","Verrai reindirizzati al sito di PayPal dopo aver confermato l'ordine.",module,Magento_Paypal
"Incl. Tax","Tasse incl.",module,Magento_Paypal
"Billing Information","Informazioni di fatturazione",module,Magento_Paypal
"Shipping Information","Informazioni di spedizione",module,Magento_Paypal
"Invalid block type","Tipo di blocco non valido",module,Magento_Paypal
"Please specify the correct billing agreement ID and try again.","Specifica l'ID accordo di fatturazione corretto e riprova.",module,Magento_Paypal
"You canceled the billing agreement.","Hai cancellato l'accordo di fatturazione.",module,Magento_Paypal
"We can't cancel the billing agreement.","Non è possibile cancellare l'accordo di fatturazione.",module,Magento_Paypal
"You deleted the billing agreement.","Hai eliminato l'accordo di fatturazione.",module,Magento_Paypal
"We can't delete the billing agreement.","Non è possibile eliminare l'accordo di fatturazione.",module,Magento_Paypal
Sales,Vendite,module,Magento_Paypal
"View Transaction","Vedi transazione",module,Magento_Paypal
"We found nothing to fetch because of an empty configuration.","Non abbiamo trovato nulla da recuperare a causa di una configurazione vuota.",module,Magento_Paypal
"We fetched %1 report rows from ""%2@%3.""","Sono state recuperate %1 righe del report da ""%2@%3""",module,Magento_Paypal
"We can't fetch reports from ""%1@%2.""","Non è possibile recuperare i report da ""%1@%2.""",module,Magento_Paypal
"The billing agreement ""%1"" has been canceled.","L'accordo di fatturazione ""%1"" è stato cancellato.",module,Magento_Paypal
"The billing agreement ""%1"" has been created.","L'accordo di fatturazione ""%1"" è stato creato.",module,Magento_Paypal
"We couldn't finish the billing agreement wizard.","Impossibile completare la creazione guidata dell'accordo di fatturazione.",module,Magento_Paypal
"We can't start the billing agreement wizard.","Impossibile avviare la creazione guidata dell'accordo di fatturazione.",module,Magento_Paypal
"Billing Agreement # %1","Accordo di fatturazione # %1",module,Magento_Paypal
"We can't initialize Express Checkout.","Non è  possibile inizializzare Express Checkout.",module,Magento_Paypal
"PayPal Express Checkout Token does not exist.","PayPal Express Checkout Token non esiste.",module,Magento_Paypal
"A wrong PayPal Express Checkout Token is specified.","Un errato PayPal Express Checkout Token è stato specificato.",module,Magento_Paypal
"Express Checkout and Order have been canceled.","L'ordine e l'express checkout sono stati cancellati.",module,Magento_Paypal
"Express Checkout has been canceled.","L'express checkout è stato annullato.",module,Magento_Paypal
"Unable to cancel Express Checkout","Impossibile annullare l'express checkout",module,Magento_Paypal
"Please agree to all the terms and conditions before placing the order.","Si prega di accettare tutti i termini e le condizioni prima di effettuare l'ordine.",module,Magento_Paypal
"We can't place the order.","Impossibile inviare l'ordine.",module,Magento_Paypal
"We can't process Express Checkout approval.","Non è possibile elaborare l'approvazione del Checkout Express.",module,Magento_Paypal
"We can't initialize Express Checkout review.","Non è possibile inizializzare il riepilogo del Checkout Express.",module,Magento_Paypal
"We can't update shipping method.","Non è possibile aggiornare il metodo di spedizione.",module,Magento_Paypal
"We can't start Express Checkout.","Impossibile avviare l'express checkout.",module,Magento_Paypal
"To check out, please sign in with your email address.","Per il checkout, registrati usando il tuo indirizzo email.",module,Magento_Paypal
"Sorry, but something went wrong","Siamo spiacenti, qualcosa e andato storto",module,Magento_Paypal
"Your payment has been declined. Please try again.","Il tuo pagamento è stato rifiutato. Si prega di riprovare.",module,Magento_Paypal
"Requested payment method does not match with order.","Il metodo di pagamento richiesto non corrisponde con l'ordine.",module,Magento_Paypal
"Would you like to sign a billing agreement to streamline further purchases with PayPal?","Vuoi completare l'accordo di fatturazione per velocizzare gli acquisti con PayPal?",module,Magento_Paypal
"Error processing payment, please try again later.","Errore durante l'elaborazione del pagamento, riprova più tardi.",module,Magento_Paypal
"Payment Gateway is unreachable at the moment. Please use another payment option.","Il gateway di pagamento non è raggiungibile al momento. Utilizzare un altro metodo di pagamento.",module,Magento_Paypal
"PayPal response hasn't required fields.","La risposta di PayPal non ha campi obbligatori.",module,Magento_Paypal
"Something went wrong while processing your order.","Qualcosa è andata storta durante l'elaborazione del tuo ordine.",module,Magento_Paypal
"PayPal gateway has rejected request. %1","Il gateway di PayPal ha rifiutato la richiesta. %1",module,Magento_Paypal
"The PayPal gateway rejected the request. %1","Il gateway di PayPal ha rifiutato la richiesta. %1",module,Magento_Paypal
"I'm sorry - but we were not able to process your payment. Please try another payment method or contact us so we can assist you.","Non siamo stati in grado di elaborare il pagamento. Prova con un altro metodo di pagamento o contattaci in modo da poterti aiutare.",module,Magento_Paypal
"I'm sorry - but we are not able to complete your transaction. Please contact us so we can assist you.","Non siamo in grado di completare la transazione. Contattaci per fornirti assistenza.",module,Magento_Paypal
"A match of the Shipping Address City, State, and Postal Code failed.","Una combinazione dell'Indirizzo di Spedizione città, stato e codice postale non corretta.",module,Magento_Paypal
"The payment method code is not set.","Il codice del metodo di pagamento non è impostato.",module,Magento_Paypal
"The reference ID is not set.","L'ID di riferimento non è impostato.",module,Magento_Paypal
"Unable to save Billing Agreement:","Impossibile salvare l'accordo di fatturazione:",module,Magento_Paypal
Active,Attiva,module,Magento_Paypal
Canceled,Cancellato,module,Magento_Paypal
"The customer ID is not set.","L'ID del cliente non è impostato.",module,Magento_Paypal
"The Billing Agreement status is not set.","Lo stato dell'accordo di fatturazione non è impostato.",module,Magento_Paypal
"The PayPal certificate does not exist.","Il certificato di PayPal non esiste.",module,Magento_Paypal
"We prefer PayPal (150 X 60)","Noi preferiamo PayPal (150 X 60)",module,Magento_Paypal
"We prefer PayPal (150 X 40)","Noi preferiamo PayPal (150 X 40)",module,Magento_Paypal
"Now accepting PayPal (150 X 60)","Adesso accettiamo PayPal (150 X 60)",module,Magento_Paypal
"Now accepting PayPal (150 X 40)","Adesso accettiamo PayPal (150 X 40)",module,Magento_Paypal
"Payments by PayPal (150 X 60)","Pagamenti tramite PayPal (150 X 60)",module,Magento_Paypal
"Payments by PayPal (150 X 40)","Pagamenti tramite PayPal (150 X 40)",module,Magento_Paypal
"Shop now using (150 X 60)","Compra ora utilizzando (150 X 60)",module,Magento_Paypal
"Shop now using (150 X 40)","Compra ora utilizzando (150 X 40)",module,Magento_Paypal
Dynamic,Dinamico,module,Magento_Paypal
Static,Statico,module,Magento_Paypal
Shortcut,"Scelta rapida",module,Magento_Paypal
"Acceptance Mark Image","Immagine di marchio di accettazione",module,Magento_Paypal
Authorization,Autorizzazione,module,Magento_Paypal
Sale,Vendita,module,Magento_Paypal
Yes,Sì,module,Magento_Paypal
"For Virtual Quotes Only","Solo per preventivi virtuali",module,Magento_Paypal
"Ask Customer","Chiedere al cliente",module,Magento_Paypal
Never,Mai,module,Magento_Paypal
"IPN (Instant Payment Notification) Only","Solo IPN (notifica immediata del pagamento)",module,Magento_Paypal
"API Signature","Firma API",module,Magento_Paypal
"API Certificate","Certificato API",module,Magento_Paypal
"The ordering amount of %1 is pending approval on the payment gateway.","L'importo dell'ordine di %1 è in attesa di approvazione sul gateway di pagamento.",module,Magento_Paypal
"Ordered amount of %1","Importo ordinato di %1",module,Magento_Paypal
"We'll authorize the amount of %1 as soon as the payment gateway approves it.","Autorizzeremo l'importo di %1 non appena verrà approvato dal gateway di pagamento.",module,Magento_Paypal
"The authorized amount is %1.","L'importo autorizzato è %1.",module,Magento_Paypal
"The maximum number of child authorizations is reached.","È stato raggiunto il numero massimo di autorizzazioni figlie.",module,Magento_Paypal
"PayPal can't process orders with a zero balance due. To finish your purchase, please go through the standard checkout process.","PayPal non è in grado di elaborare gli ordini con un saldo pari a zero. Per completare l'acquisto, si prega di passare attraverso il processo di checkout standard.",module,Magento_Paypal
"A payer is not identified.","Non è stato identificato un pagatore.",module,Magento_Paypal
"Cannot get secure form URL from PayPal","Impossibile ottenere modulo URL sicuro da PayPal",module,Magento_Paypal
"Last Transaction ID","ID ultima transazione",module,Magento_Paypal
"This customer didn't include a confirmed address.","Questo cliente non ha incluso un indirizzo confermato.",module,Magento_Paypal
"The payment is authorized but not settled.","Il pagamento è autorizzato, ma non saldato.",module,Magento_Paypal
"The payment eCheck is not cleared.","L'assegno elettronico di pagamento non è stato liquidato.",module,Magento_Paypal
"The merchant holds a non-U.S. account and doesn't have a withdrawal mechanism.","Il commerciante è titolare di un conto non statunitense e non ha un meccanismo di prelievo.",module,Magento_Paypal
"The payment currency doesn't match any of the merchant's balances currency.","La valuta di pagamento non corrisponde a nessuna valuta dei saldi del commerciante.",module,Magento_Paypal
"The payment is pending while it is being reviewed by PayPal for risk.","Il pagamento è in sospeso mentre viene rivisto da PayPal causa rischio.",module,Magento_Paypal
"The payment is pending because it was made to an email address that is not yet registered or confirmed.","Il pagamento è in sospeso perché è stato fatto da un indirizzo email non ancora registrato o confermato.",module,Magento_Paypal
"The merchant account is not yet verified.","Il conto venditore non è stato ancora verificato.",module,Magento_Paypal
"The payment was made via credit card. In order to receive funds merchant must upgrade account to Business or Premier status.","Il pagamento è stato effettuato tramite carta di credito. Al fine di ricevere fondi venditore devi aggiornare lo status dell'account in Business o Premier.",module,Magento_Paypal
"Sorry, but something went wrong. Please contact PayPal customer service.","Spiacenti, ma qualcosa è andato storto. Contattare l'assistenza clienti PayPal.",module,Magento_Paypal
"A reversal has occurred on this transaction due to a chargeback by your customer.","È stato eseguito uno storno su questa transazione a causa di un rimborso chiesto dal cliente.",module,Magento_Paypal
"A reversal has occurred on this transaction due to your customer triggering a money-back guarantee.","È stato eseguito uno storno su questa transazione a causa dell'attivazione da parte del cliente del soddisfatti o rimborsati.",module,Magento_Paypal
"A reversal has occurred on this transaction due to a complaint about the transaction from your customer.","È stato eseguito uno storno su questa transazione a causa di un reclamo da parte del cliente riguardante la transazione.",module,Magento_Paypal
"A reversal has occurred on this transaction because you have given the customer a refund.","È stato eseguito uno storno su questa transazione perché hai concesso un rimborso al cliente.",module,Magento_Paypal
"Reversal of an adjustment.","Inversione di un adeguamento.",module,Magento_Paypal
"Transaction reversal due to fraud detected by PayPal administrators.","Storno transazione a causa di frode scoperta dagli amministratori di PayPal.",module,Magento_Paypal
"Transaction reversal by PayPal administrators.","Storno transazione dagli amministratori di PayPal.",module,Magento_Paypal
"Reimbursement for a chargeback.","Rimborso per un chargeback.",module,Magento_Paypal
"Settlement of a chargeback.","Liquidazione di un riaccredito.",module,Magento_Paypal
"A reversal has occurred on this transaction because of a customer dispute suspecting unauthorized spoof.","È stato eseguito uno storno su questa transazione a causa di una controversia con il cliente per sospetta falsificazione.",module,Magento_Paypal
"Buyer claims that he did not receive goods or service.","L'acquirente sostiene di non aver ricevuto beni o servizi.",module,Magento_Paypal
"Buyer claims that the goods or service received differ from merchant’s description of the goods or service.","L'acquirente sostiene che la merce o il servizio ricevuto differisce dalla descrizione fornita dal commerciante.",module,Magento_Paypal
"Buyer claims that he/she did not authorize transaction.","L'acquirente sostiene di non aver autorizzato la transazione.",module,Magento_Paypal
"A case that has been resolved and close requires a reimbursement.","Un caso che è stato risolto e chiuso richiede un rimborso.",module,Magento_Paypal
"Buyer claims that a possible duplicate payment was made to the merchant.","L'acquirente sostiene che è possibile che sia stato effettuato un doppio pagamento al commerciante.",module,Magento_Paypal
"Buyer claims that the received merchandise is unsatisfactory, defective, or damaged.","L'acquirente sostiene che la merce ricevuta sia insoddisfacente, difettosa o danneggiata.",module,Magento_Paypal
"Unknown reason. Please contact PayPal customer service.","Motivo sconosciuto. Contattare l'assistenza clienti PayPal.",module,Magento_Paypal
"Payer ID","ID pagatore",module,Magento_Paypal
"Payer Email","Email pagatore",module,Magento_Paypal
"Payer Status","Stato pagatore",module,Magento_Paypal
"Payer Address ID","ID indirizzo pagatore",module,Magento_Paypal
"Payer Address Status","Stato dell'indirizzo del pagatore",module,Magento_Paypal
"Merchant Protection Eligibility","Ammissibilità protezione commerciante",module,Magento_Paypal
"Triggered Fraud Filters","Attivati filtri di frode",module,Magento_Paypal
"Last Correlation ID","Ultimo ID correlazione",module,Magento_Paypal
"Address Verification System Response","Risposta del sistema di verifica dell'indirizzo",module,Magento_Paypal
"CVV2 Check Result by PayPal","CVV2 Controllo risultati da PayPal",module,Magento_Paypal
"International AVS response","Risposta internazionale AVS",module,Magento_Paypal
"Buyer's Tax ID","ID fiscale acquirente",module,Magento_Paypal
"Buyer's Tax ID Type","Tipo di ID fiscale dell'acquirente",module,Magento_Paypal
Complaint,Reclamo,module,Magento_Paypal
Dispute,Controversia,module,Magento_Paypal
"Matched Address only (no ZIP)","Solo indirizzo corrispondente (no CAP)",module,Magento_Paypal
"Matched Address only (no ZIP) International","Solo indirizzo internazionale corrispondente (no CAP)",module,Magento_Paypal
"No Details matched","Nessun dettaglio corrispondente",module,Magento_Paypal
"No Details matched. International","Nessun dettaglio corrispondente. Internazionale",module,Magento_Paypal
"Exact Match.","Corrispondenza esatta.",module,Magento_Paypal
"Exact Match. Address and Postal Code. International","Corrispondenza esatta. Indirizzo e codice postale. Internazionale",module,Magento_Paypal
"Exact Match. Address and Postal Code. UK-specific","Corrispondenza esatta. Indirizzo e codice postale. Specifico per UK",module,Magento_Paypal
"N/A. Not allowed for MOTO (Internet/Phone) transactions","N/D. Non consentito per transazioni MOTO (Internet/telefono)",module,Magento_Paypal
"N/A. Global Unavailable","N/D. Globale non disponibile",module,Magento_Paypal
"N/A. International Unavailable","N/D. Internazionale non disponibile",module,Magento_Paypal
"Matched five-digit ZIP only (no Address)","Solo ZIP di cinque cifre corrispondenti (no indirizzo)",module,Magento_Paypal
"Matched Postal Code only (no Address)","Solo codice postale corrispondente (no indirizzo)",module,Magento_Paypal
"N/A. Retry","N/D. Riprova",module,Magento_Paypal
"N/A. Service not Supported","N/D. Servizio non supportato",module,Magento_Paypal
"N/A. Unavailable","N/D. non disponibile",module,Magento_Paypal
"Matched whole nine-didgit ZIP (no Address)","Corrispondente ad uno ZIP da nove cifre completo (no indirizzo)",module,Magento_Paypal
"Yes. Matched Address and five-didgit ZIP","Sì. Corrisponde l'indirizzo e ZIP di cinque cifre",module,Magento_Paypal
"All the address information matched","Tutte le informazioni di indirizzo corrispondono",module,Magento_Paypal
"None of the address information matched","Non corrisponde nessuna delle informazioni dell'indirizzo",module,Magento_Paypal
"Part of the address information matched","Corrisponde una parte delle informazioni dell'indirizzo",module,Magento_Paypal
"N/A. The merchant did not provide AVS information","N/D. Il commerciante non ha fornito informazioni AVS",module,Magento_Paypal
"N/A. Address not checked, or acquirer had no response. Service not available","N/D. indirizzo non verificato, o l'acquirente non ha ricevuto risposta. Servizio non disponibile",module,Magento_Paypal
"Matched (CVV2CSC)","Corrispondenti (CVV2CSC)",module,Magento_Paypal
"No match","Nessuna corrispondenza",module,Magento_Paypal
"N/A. Not processed","N/D. Non elaborato",module,Magento_Paypal
"N/A. Service not supported","N/D. Servizio non supportato",module,Magento_Paypal
"N/A. Service not available","N/D. Service non disponibile",module,Magento_Paypal
"N/A. No response","N/D. Nessuna risposta",module,Magento_Paypal
"Matched (CVV2)","Corrispondente (CVV2)",module,Magento_Paypal
"N/A. The merchant has not implemented CVV2 code handling","N/D. Il commerciante non ha implementato la gestione del codice CVV2",module,Magento_Paypal
"N/A. Merchant has indicated that CVV2 is not present on card","N/D. Il commerciante ha indicato che il CVV2 non è presente sulla carta",module,Magento_Paypal
"Note: %1","Nota: %1",module,Magento_Paypal
"IPN ""%1"". Case type ""%2"". Case ID ""%3"" %4","IPN ""%1"". Tipo di caso ""%2"". ID caso ""%3"" %4",module,Magento_Paypal
"IPN ""%1"". A dispute has been resolved and closed. %2 Transaction amount %3.","IPN ""%1"". Una controversia è stata risolta e chiusa. %2 Importo transazione %3.",module,Magento_Paypal
"You notified customer about invoice #%1.","Hai notificato il cliente riguardo la fattura #%1.",module,Magento_Paypal
"We cannot cancel this order.","Non è possibile annullare l'ordine.",module,Magento_Paypal
"IPN ""%1"". %2 Transaction amount %3. Transaction ID: ""%4""","IPN ""%1"". %2 Importo transazione %3. ID transazione: ""%4""",module,Magento_Paypal
"You notified customer about creditmemo #%1.","Hai notificato il cliente riguardo la nota di credito #%1.",module,Magento_Paypal
"Unable to fetch transaction details.","Non è possibile recuperare i dettagli della transazione.",module,Magento_Paypal
"Invalid method %1::%2","Metodo non valido %1::%2",module,Magento_Paypal
"Transaction has been declined","La transazione è stata rifiutata",module,Magento_Paypal
"Error processing payment. Please try again later.","Errore durante l'elaborazione del pagamento, riprova più tardi.",module,Magento_Paypal
"We cannot send the new order email.","Non è possibile inviare l'email per il nuovo ordine.",module,Magento_Paypal
"Payment error. %value was not found.","Errore di pagamento. %value non è stato trovato.",module,Magento_Paypal
"You cannot void a verification transaction.","Non è possibile annullare la verifica della transazione.",module,Magento_Paypal
"You need an authorization transaction to void.","Hai bisogno di una autorizzazione della transazione per annullare.",module,Magento_Paypal
"We can't issue a refund transaction because there is no capture transaction.","Poiché non esiste alcuna transazione di acquisizione, non possiamo rimborsare una transazione.",module,Magento_Paypal
"We cannot create a target file for reading reports.","Non è possibile creare un file di destinazione per la lettura report.",module,Magento_Paypal
"Report Date","Data report",module,Magento_Paypal
"Merchant Account","Account venditore",module,Magento_Paypal
"Transaction ID","ID Transazione",module,Magento_Paypal
"Invoice ID","ID fattura",module,Magento_Paypal
"PayPal Reference ID","ID di riferimento di PayPal",module,Magento_Paypal
"PayPal Reference ID Type","Tipo di riferimento ID PayPal",module,Magento_Paypal
"Event Code","Codice evento",module,Magento_Paypal
Event,Evento,module,Magento_Paypal
"Start Date","Data Inizio",module,Magento_Paypal
"Finish Date","Data di fine",module,Magento_Paypal
"Debit or Credit","Credito o debito",module,Magento_Paypal
"Gross Amount","Importo lordo",module,Magento_Paypal
"Fee Debit or Credit","Costo debito o credito",module,Magento_Paypal
"Fee Amount","Importo costo",module,Magento_Paypal
Custom,Personalizzato,module,Magento_Paypal
"Order ID","ID ordine",module,Magento_Paypal
"Preapproved Payment ID","ID Pagamenti preapprovati",module,Magento_Paypal
"Subscription ID","ID Iscrizione",module,Magento_Paypal
Credit,Credito,module,Magento_Paypal
Debit,Debito,module,Magento_Paypal
"Account-to-Account Payment, initiated by PayPal","Account-to-Account Payment, inizializzato da PayPal",module,Magento_Paypal
"Auction Payment other than through eBay","Pagamento asta diverso da eBay",module,Magento_Paypal
"Available Balance","Saldo disponibile",module,Magento_Paypal
"Bonus for first ACH Use","Bonus per il primo utilizzo di ACH",module,Magento_Paypal
"Buyer Credit Payment","Pagamento credito acquirente",module,Magento_Paypal
Charge-off,Storno,module,Magento_Paypal
"Coupon Redemption","Riscatto coupon",module,Magento_Paypal
"Currency Conversion required to cover negative balance","Conversione di valuta necessario a coprire il saldo negativo",module,Magento_Paypal
"Debit Card Transaction","Transazione con carta di debito",module,Magento_Paypal
"Direct Payment API","API pagamento diretto",module,Magento_Paypal
"Express Checkout APIs","Express Checkout API",module,Magento_Paypal
"Fee Reversal","Inversione costo",module,Magento_Paypal
"Fee: Foreign ACH Withdrawal","Costo: Prelievo estero ACH",module,Magento_Paypal
"Fee: Mass Pay Request","Costo: Richiesta pagamento massivo",module,Magento_Paypal
"Fee: Web Site Payments Pro Account Monthly","Costo: Web Site Payments Pro Account mensile",module,Magento_Paypal
"Fee: WorldLink Check Withdrawal","Costo: Prelievo assegno WorldLink",module,Magento_Paypal
Funding,Finanziamenti,module,Magento_Paypal
"General (Authorization)","Generale (autorizzazione)",module,Magento_Paypal
"General (Dividend)","Generale (dividendo)",module,Magento_Paypal
"General (Funds Transfer from PayPal Account to Another)","Generale (trasferimento fondi dal conto PayPal a un altro)",module,Magento_Paypal
"General (Purchase with a credit card)","Generale (acquisto con carta di credito)",module,Magento_Paypal
"General Adjustment without businessrelated event","Regolazione generale senza evento commerciale",module,Magento_Paypal
"General Currency Conversion","Conversione valuta generale",module,Magento_Paypal
"General Redemption","Rimborso generale",module,Magento_Paypal
"General Withdrawal from PayPal Account","Prelievo generale dall'account PayPal",module,Magento_Paypal
"General. Product no longer supported","Generale. Il prodotto non è più supportato",module,Magento_Paypal
"General: Use of PayPal account for purchasing as well as receiving payments","Generale: Uso dell'account PayPal per l'acquisto oltre a ricevere pagamenti",module,Magento_Paypal
"General: Withdrawal from PayPal Account","Generale: Prelievo dall'account PayPal",module,Magento_Paypal
"General: Withdrawal to Non-Bank Entity","Generale: Prelievo a entità non bancarie",module,Magento_Paypal
"General: adjustment of a type not belonging to the other T12xx categories","Generale: regolazione di tipi non appartenenti ad altre categorie di T12xx",module,Magento_Paypal
"General: bonus of a type not belonging to the other T08xx categories","Generale: bonus di un tipo non appartenente ad altre categorie T08xx",module,Magento_Paypal
"General: event not yet categorized","Generale: evento non ancora classificato",module,Magento_Paypal
"General: non-payment fee of a type not belonging to the other T01xx categories","Generale: canone non di pagamento per un tipo non appartenente ad altre categorie T01xx",module,Magento_Paypal
"General: received payment of a type not belonging to the other T00xx categories","Generale: pagamenti ricevuti di un tipo non appartenenti ad altre categorie T00xx",module,Magento_Paypal
"General: reversal of a type not belonging to the other T11xx categories","Generale: inversione di un tipo non appartenente ad altre categorie T11xx",module,Magento_Paypal
"General: temporary hold of a type not belonging to the other T15xx categories","Generale: sospensione temporanea di un tipo non appartenente ad altre categorie T15xx",module,Magento_Paypal
"Gift Certificate Payment: purchase of Gift Certificate","Pagamento buono regalo: acquisto del buono regalo",module,Magento_Paypal
"Gift Certificate Redemption","Rimborso buono regalo",module,Magento_Paypal
"Hidden Virtual PayPal Debit Card Transaction","Transazione nascosta con carta di debito PayPal virtuale",module,Magento_Paypal
"Hold for Dispute Investigation","In attesa per indagine sulla controversia",module,Magento_Paypal
Incentive,Incentivo,module,Magento_Paypal
"Mass Pay Payment","Pagamento massivo",module,Magento_Paypal
"Merchant Referral Bonus","Bonus Referral Venditore",module,Magento_Paypal
"Mobile Payment (made via a mobile phone)","Pagamento mobile (effettuato tramite un telefono cellulare)",module,Magento_Paypal
"Negative Balance","Saldo negativo",module,Magento_Paypal
"PayPal Balance Manager function of PayPal account","Funzione gestione saldo PayPal dell'account PayPal",module,Magento_Paypal
"PayPal Buyer Warranty Bonus","Bonus garanzia acquirente PayPal",module,Magento_Paypal
"PayPal Debit Card Cash Advance","Anticipo contanti carta di debito PayPal",module,Magento_Paypal
"PayPal Debit Card Withdrawal from ATM","Prelievo ATM da carta di debito PayPal",module,Magento_Paypal
"PayPal Protection Bonus","Bonus tutela PayPal",module,Magento_Paypal
"Payment Refund initiated by merchant","Rimborso pagamento avviato dal commerciante",module,Magento_Paypal
"Points Incentive Redemption","Punti incentivo rimborso",module,Magento_Paypal
"Postage Payment to either USPS or UPS","Pagamento spese di spedizione USPS o UPS",module,Magento_Paypal
"Preapproved Payment (BillUser API, either sent or received","Pagamenti preapprovati (BillUser API, inviato o ricevuto",module,Magento_Paypal
Reauthorization,Riautorizzazione,module,Magento_Paypal
"Reimbursement of Chargeback","Rimborso di Chargeback",module,Magento_Paypal
Reversal,Inversione,module,Magento_Paypal
"Reversal of General Account Hold","Inversione dell'Account generale sospeso",module,Magento_Paypal
"Reversal of Points Usage","Inversione dell'utilizzo punti",module,Magento_Paypal
"Reversal of hold for Dispute Investigation","Inversione in sospeso per le indagini di controversia",module,Magento_Paypal
"Subscription Payment, either payment sent or payment received","Abbonamento pagamento, sia pagamenti inviati o pagamenti ricevuti",module,Magento_Paypal
"User-initiated Currency Conversion","Conversione di valuta avviata dall'utente",module,Magento_Paypal
"Virtual PayPal Debit Card Transaction","Transazione con carta di debito PayPal virtuale",module,Magento_Paypal
"Virtual Terminal Payment","Pagamento terminale virtuale",module,Magento_Paypal
Void,Vuoto,module,Magento_Paypal
"eBay Auction Payment","Pagamento asta eBay",module,Magento_Paypal
"The PayPal certificate file is empty.","Il file di certificato PayPal è vuoto.",module,Magento_Paypal
"Header (center)","Header (centro)",module,Magento_Paypal
"Sidebar (right)","Sidebar (destra)",module,Magento_Paypal
"Near PayPal Credit checkout button","Vicino a pulsante checkout PayPal Credit",module,Magento_Paypal
"--Please Select--",--Seleziona--,module,Magento_Paypal
Daily,Giornalmente,module,Magento_Paypal
"Every 3 days","Ogni 3 giorni",module,Magento_Paypal
"Every 7 days","Ogni 7 giorni",module,Magento_Paypal
"Every 10 days","Ogni 10 giorni",module,Magento_Paypal
"Every 14 days","Ogni 14 giorni",module,Magento_Paypal
"Every 30 days","Ogni 30 giorni",module,Magento_Paypal
"Every 40 days","Ogni 40 giorni",module,Magento_Paypal
"No Logo","Senza Logo",module,Magento_Paypal
"Yes (PayPal recommends this option)","Sì (PayPal consiglia questa opzione)",module,Magento_Paypal
"Created billing agreement #%1.","Creato accordo di fatturazione #%1.",module,Magento_Paypal
"We can't create a billing agreement for this order.","Non è possibile creare un accordo di fatturazione per questo ordine.",module,Magento_Paypal
"Pending PayPal","PayPal in sospeso",module,Magento_Paypal
"PayPal Canceled Reversal","PayPal Reversal cancellato",module,Magento_Paypal
Error,Errore,module,Magento_Paypal
"Billing Agreement","Accordi di fatturazione",module,Magento_Paypal
"Please Select",Seleziona,module,Magento_Paypal
Customer,Cliente,module,Magento_Paypal
"Created At","Creato il",module,Magento_Paypal
"Updated At","Aggiornato al",module,Magento_Paypal
ending,fine,module,Magento_Paypal
expires,scadenza,module,Magento_Paypal
here,qui,module,Magento_Paypal
"To use PayPal Payments Advanced, you must configure  your PayPal Payments Advanced account on the PayPal website.","Per utilizzare i pagamenti avanzati PayPal, è necessario configurare il tuo account PayPal pagamenti avanzati su sito web PayPal.",module,Magento_Paypal
"Once you log into your PayPal Advanced account, navigate to the Service Settings - Hosted Checkout Pages - Set Up menu and set the options described below","Una volta effettuato l'accesso al tuo account PayPal Avanzato, naviga nelle impostazioni servizio - pagine checkout hostate - menu Installa e imposta le opzioni descritte di seguito",module,Magento_Paypal
"To use PayPal Payflow Link, you must configure your PayPal Payflow Link account on the PayPal website.","Per utilizzare PayPal Payflow Link, è necessario configurare il tuo account PayPal Payflow Link sul sito di PayPal.",module,Magento_Paypal
"Once you log into your PayPal Payflow Link account, navigate to the Service Settings - Hosted Checkout Pages - Set Up menu and set the options described below","Una volta effettuato l'accesso al tuo account PayPal Payflow Link, naviga nelle impostazioni servizio - pagine checkout hostate - menu Installa e imposta le opzioni descritte di seguito",module,Magento_Paypal
"Credit Card Type","Tipo di Carta di Credito",module,Magento_Paypal
"Credit Card Number","Numero carta di credito",module,Magento_Paypal
"Expiration Date","Data di scadenza",module,Magento_Paypal
"Card Verification Number","Numero di verifica della carta",module,Magento_Paypal
"Agreement Information","Informazioni accordi",module,Magento_Paypal
"Reference ID:","ID di riferimento:",module,Magento_Paypal
Created:,Creato:,module,Magento_Paypal
Updated:,Aggiornato:,module,Magento_Paypal
"Payment Method:","Metodo di pagamento:",module,Magento_Paypal
"Order #","Ordine n.",module,Magento_Paypal
Date,Data,module,Magento_Paypal
"Ship To","Spedisci A",module,Magento_Paypal
"Order Status","Status Ordine",module,Magento_Paypal
"View Order","Visualizza ordine",module,Magento_Paypal
"Back to Billing Agreements","Torna agli accordi di fatturazione",module,Magento_Paypal
"Payment Method","Metodo di pagamento",module,Magento_Paypal
View,Mostra,module,Magento_Paypal
"There are no billing agreements yet.","Non esiste ancora nessun accordo di fatturazione.",module,Magento_Paypal
"New Billing Agreement","Nuovo accordo di fatturazione",module,Magento_Paypal
"You will be redirected to the payment system website.","Si verrà reindirizzati al sito Web del sistema di pagamento.",module,Magento_Paypal
"-- Please Select --","-- Seleziona --",module,Magento_Paypal
Create...,Crea...,module,Magento_Paypal
"Your credit card will be charged for","Sulla tua carta di credito verrà addebitato un importo di",module,Magento_Paypal
"Shipping Method","Metodo di Spedizione",module,Magento_Paypal
"Please select a shipping method...","Seleziona un metodo di spedizione...",module,Magento_Paypal
"Update Shipping Method","Aggiorna il metodo di spedizione",module,Magento_Paypal
"Sorry, no quotes are available for this order right now.","Spiacente, nessun preventivo disponibile per questo ordine in questo momento.",module,Magento_Paypal
"Shipping Address","Indirizzo di Spedizione",module,Magento_Paypal
Edit,Modifica,module,Magento_Paypal
"Buy now with PayPal","Acquista ora con PayPal",module,Magento_Paypal
"Edit Payment Information","Modifica le informazioni di pagamento",module,Magento_Paypal
"Items in Your Shopping Cart","Articoli nel tuo carrello",module,Magento_Paypal
"Edit Shopping Cart","Modifica carrello",module,Magento_Paypal
"Place Order","Effettua Ordine",module,Magento_Paypal
"Submitting order information...","Invio nformazioni ordine...",module,Magento_Paypal
Item,Oggetto,module,Magento_Paypal
Price,Prezzo,module,Magento_Paypal
Qty,Qtà,module,Magento_Paypal
Subtotal,Subtotale,module,Magento_Paypal
"Please update order data to get shipping methods and rates","Aggiorna i dati dell'ordine per ottenere metodi e tariffe di spedizione",module,Magento_Paypal
or,o,module,Magento_Paypal
"Checkout with PayPal","Checkout con PayPal",module,Magento_Paypal
"Please do not refresh the page until you complete payment.","Si prega di non aggiornare la pagina finché non si completa il pagamento.",module,Magento_Paypal
"You will be required to enter your payment details after you place an order.","Sarà necessario immettere i dettagli del pagamento dopo aver effettuato un ordine.",module,Magento_Paypal
Continue,Continua,module,Magento_Paypal
"Additional Options","Opzioni aggiuntive",module,Magento_Paypal
"-- Please Select Billing Agreement--","-- Seleziona accordo di fatturazione --",module,Magento_Paypal
"Acceptance Mark","Marchio di accettazione",module,Magento_Paypal
"What is PayPal?","Che cos'è PayPal?",module,Magento_Paypal
"Sign a billing agreement to streamline further purchases  with PayPal.","Firmare un accordo di fatturazione per ottimizzare ulteriori acquisti con PayPal.",module,Magento_Paypal
"Not you?","Non sei tu?",module,Magento_Persistent
"Your shopping cart has been updated with new prices.","Il tuo carrello è stato aggiornato con i nuovi prezzi.",module,Magento_Persistent
"Welcome, %1!","Benvenuto, %1!",module,Magento_Persistent
"We cannot load the configuration from file %1.","Non è possibile caricare la configurazione dal file %1.",module,Magento_Persistent
"Method ""%1"" is not defined in ""%2""","Il metodo ""%1"" non è definito in ""%2""",module,Magento_Persistent
"To check out, please sign in using your email address.","Per il checkout, registrati usando il tuo indirizzo email.",module,Magento_Persistent
"Remember Me",Ricordami,module,Magento_Persistent
"What's this?","Cos'è questo?",module,Magento_Persistent
"Check &quot;Remember Me&quot; to access your shopping cart on this computer even if you are not signed in.","Contrassegna &quot;Ricordami&quot; per accedere al tuo carrello con questo computer anche se non sei registrato.",module,Magento_Persistent
"You saved the alert subscription.","Hai salvato l'iscrizione agli avvisi.",module,Magento_ProductAlert
"There are not enough parameters.","Non ci sono parametri sufficienti.",module,Magento_ProductAlert
"We can't update the alert subscription right now.","Non è possibile aggiornare l'iscrizione agli avvisi in questo momento.",module,Magento_ProductAlert
"Alert subscription has been saved.","L'iscrizione agli avvisi è stato salvato.",module,Magento_ProductAlert
"You deleted the alert subscription.","Hai eliminato l'iscrizione agli avvisi.",module,Magento_ProductAlert
"We can't find the product.","Impossibile trovare il prodotto.",module,Magento_ProductAlert
"You will no longer receive price alerts for this product.","Non riceverai più avvisi di prezzo per questo prodotto.",module,Magento_ProductAlert
"Unable to update the alert subscription.","Impossibile aggiornare l'iscrizione di avviso.",module,Magento_ProductAlert
"You will no longer receive stock alerts for this product.","Non riceverai più avvisi di inventario per questo prodotto.",module,Magento_ProductAlert
"The product was not found.","Il prodotto non è stato trovato.",module,Magento_ProductAlert
"You will no longer receive stock alerts.","Non riceverai più avvisi di inventario.",module,Magento_ProductAlert
"Invalid block type: %1","Tipo di blocco non valido: %1",module,Magento_ProductAlert
"Price change alert! We wanted you to know that prices have changed for these products:","Avviso di cambio prezzo! Sono stati cambiati i prezzi per questi prodotti:",module,Magento_ProductAlert
Price:,Prezzo:,module,Magento_ProductAlert
"Click here to stop alerts for this product.","Clicca qui per interrompere gli avvisi per questo prodotto.",module,Magento_ProductAlert
"Unsubscribe from all price alerts","Annulla l'iscrizione a tutti gli avvisi di prezzo",module,Magento_ProductAlert
"In stock alert! We wanted you to know that these products are now available:","Avviso prodotti disponibili! Volevamo farti sapere che questi prodotti sono tornati disponibili:",module,Magento_ProductAlert
"Unsubscribe from all stock alerts","Annulla l'iscrizione a tutti gli avvisi di disponibilità prodotti",module,Magento_ProductAlert
Title,Titolo,module,Magento_ProductVideo
Description,Descrizione,module,Magento_ProductVideo
"Preview Image","Anteprima immagine",module,Magento_ProductVideo
"Get Video Information","Ottieni informazioni video",module,Magento_ProductVideo
"Hide from Product Page","Nascondi dalla pagina prodotto",module,Magento_ProductVideo
Role,Ruolo,module,Magento_ProductVideo
"YouTube and Vimeo supported.","YouTube e Vimeo supportati.",module,Magento_ProductVideo
"Vimeo supported.<br />To add YouTube video, please <a href=""%1"">enter YouTube API Key</a> first.","Vimeo supportato. <br />  Per aggiungere video YouTube,  inserisci prima <a href=""%1"">la chiave API di YouTube</a>.",module,Magento_ProductVideo
"Protocol isn't allowed","Protocollo non è consentito",module,Magento_ProductVideo
"Could not get preview image information. Please check your connection and try again.","Non si possono ottenere le informazioni sull'anteprima dell'immagine. Si prega di controllare la connessione e riprovare.",module,Magento_ProductVideo
"Add Video","Aggiungi Video",module,Magento_ProductVideo
"Browse to find or drag image here","Sfoglia o trascina l'immagine qui",module,Magento_ProductVideo
"Delete video","Eliminare il video",module,Magento_ProductVideo
"Delete image","Elimina immagine",module,Magento_ProductVideo
Hidden,Nascosto,module,Magento_ProductVideo
"Alt Text","Testo alternativo",module,Magento_ProductVideo
"Image Size","Dimensione dell'immagine",module,Magento_ProductVideo
"Image Resolution","Risoluzione immagine",module,Magento_ProductVideo
Title:,Titolo:,module,Magento_ProductVideo
Uploaded:,Caricato:,module,Magento_ProductVideo
Duration:,Durata:,module,Magento_ProductVideo
"Unable to save address. Please check input data.","Impossibile salvare l'indirizzo. Controllare i dati inseriti.",module,Magento_Quote
"Cart %1 doesn't contain products","Il carrello %1 non contiene prodotti",module,Magento_Quote
"Could not apply coupon code","Non è possibile applicare il codice coupon",module,Magento_Quote
"Coupon code is not valid","Il codice coupon non è valido",module,Magento_Quote
"Could not delete coupon code","Non è possibile eliminare il codice coupon",module,Magento_Quote
"Cannot assign customer to the given cart. You don't have permission for this operation.","Non è possibile assegnare il cliente al carrello dato. Non hai i permessi per questa operazione.",module,Magento_Quote
"Shipping address is not set","L'indirizzo di spedizione non è impostato",module,Magento_Quote
"The requested Payment Method is not available.","Il metodo di pagamento richiesto non è disponibile.",module,Magento_Quote
"We found an invalid request for adding product to quote.","Abbiamo trovato una richiesta non valida per l'aggiunta di prodotti al preventivo.",module,Magento_Quote
"This is the wrong quote item id to update configuration.","Questo è un id elemento del preventivo errato per aggiornare la configurazione.",module,Magento_Quote
"This shipping method is not available. To use this shipping method, please contact us.","Questo metodo di spedizione non è disponibile. Per utilizzare questo metodo di spedizione, vi preghiamo di contattarci.",module,Magento_Quote
"The address model is not defined.","Il modello di indirizzo non è definito.",module,Magento_Quote
"The address total model should be extended from
                    \Magento\Quote\Model\Quote\Address\Total\AbstractTotal.","Il modello di indirizzo totale dovrebbe essere esteso da \Magento\Quote\Model\Quote\Address\Total\AbstractTotal.",module,Magento_Quote
"Grand Total","Totale complessivo",module,Magento_Quote
"Shipping & Handling (%1)","Spedizione e gestione (%1)",module,Magento_Quote
"Shipping & Handling","Spedizione e gestione",module,Magento_Quote
Shipping,Spedizione,module,Magento_Quote
Subtotal,Subtotale,module,Magento_Quote
"We found an invalid item option format.","Abbiamo trovato un formato dell'opzione dell'elemento non valido.",module,Magento_Quote
"An item option with code %1 already exists.","Un'opzione dell'articolo con il codice %1 esiste già.",module,Magento_Quote
"Item qty declaration error","Errore di dichiarazione della quantità dell'elemento",module,Magento_Quote
"Some of the products below do not have all the required options.","Alcuni dei seguenti prodotti non hanno tutte le opzioni necessarie.",module,Magento_Quote
"Something went wrong during the item options declaration.","Qualcosa è andato storto durante la dichiarazione delle opzioni elemento.",module,Magento_Quote
"We found an item options declaration error.","Abbiamo trovato un errore di dichiarazione nelle opzioni dell'elemento.",module,Magento_Quote
"Some of the selected options are not currently available.","Alcune delle opzioni selezionate non sono al momento disponibili.",module,Magento_Quote
"Selected option(s) or their combination is not currently available.","Le opzioni selezionate o delle combinazioni di esse non sono attualmente disponibili.",module,Magento_Quote
"Some item options or their combination are not currently available.","Alcune opzioni dell'elemento o una combinazione di esse non sono attualmente disponibili.",module,Magento_Quote
"Cart %1 does not contain item %2","Il carrello %1 non contiene l'articolo %2",module,Magento_Quote
"Could not save quote","Non è possibile salvare il preventivo",module,Magento_Quote
"Cart %1 doesn't contain item  %2","Il carrello %1 non contiene elementi %2",module,Magento_Quote
"Could not remove item from quote","Non è possibile rimuovere l'elemento dal preventivo",module,Magento_Quote
"The qty value is required to update quote item.","Il valore della quantità è obbligatoria per aggiornare l'elemento del preventivo.",module,Magento_Quote
"Minimum order amount is %1","L'importo minimo d'ordine è %1",module,Magento_Quote
"Invalid customer id %1","Id cliente %1 non valido",module,Magento_Quote
"Invalid address id %1","Id indirizzo %1 non valido",module,Magento_Quote
"Invalid customer address id %1","Id indirizzo cliente %1 non valido",module,Magento_Quote
"Cannot create quote","Non è possibile creare un preventivo",module,Magento_Quote
"Cannot assign customer to the given cart. The cart belongs to different store.","Non è possibile assegnare il cliente al dato carrello. Il carrello appartiene a un negozio differente.",module,Magento_Quote
"Cannot assign customer to the given cart. The cart is not anonymous.","Non è possibile assegnare il cliente al dato carrello. Il carrello non è anonimo.",module,Magento_Quote
"Cannot assign customer to the given cart. Customer already has active cart.","Non è possibile assegnare il cliente al carrello dato. Il cliente ha già il carrello attivo.",module,Magento_Quote
"An error occurred on the server. Please try to place the order again.","Si è verificato un errore sul server. Provare ad effettuare nuovamente l'ordine.",module,Magento_Quote
"Only 1 shipping assignment can be set","Può essere impostato una sola assegnazione di spedizione",module,Magento_Quote
"This item price or quantity is not valid for checkout.","Questo prezzo o quantità dell'elemento non è valida per il checkout.",module,Magento_Quote
"Please check the shipping address information. %1","Controlla le informazioni dell'indirizzo di spedizione. %1",module,Magento_Quote
"Please specify a shipping method.","Specifica un metodo di spedizione.",module,Magento_Quote
"Please check the billing address information. %1","Controlla le informazioni dell'indirizzo di fatturazione. %1",module,Magento_Quote
"Please select a valid payment method.","Seleziona un metodo di pagamento valido.",module,Magento_Quote
"Store Credit","Credito negozio",module,Magento_Quote
Discount,Sconto,module,Magento_Quote
Tax,Tassa,module,Magento_Quote
"Cart contains virtual product(s) only. Shipping address is not applicable.","Il carrello contiene solo prodotti virtuali. L'indirizzo di spedizione non è applicabile.",module,Magento_Quote
"Shipping address not set.","L'indirizzo di spedizione non è impostato.",module,Magento_Quote
"Cannot set shipping method. %1","Non è possibile impostare il metodo di spedizione. %1",module,Magento_Quote
"Shipping method is not applicable for empty cart","Il metodo di spedizione non è applicabile con il carrello vuoto",module,Magento_Quote
"Cart contains virtual product(s) only. Shipping method is not applicable.","Il carrello contiene solo prodotti virtuali. Il metodo di spedizione non è applicabile.",module,Magento_Quote
"New Accounts","Nuovi Account",module,Magento_Reports
"Customers by number of orders","Clienti per numero di ordini",module,Magento_Reports
"Customers by Orders Total","Clienti per totale ordini",module,Magento_Reports
Filter,Filtro,module,Magento_Reports
"Date Used","Data utilizzata",module,Magento_Reports
Day,Giorno,module,Magento_Reports
Month,Mese,module,Magento_Reports
Year,Anno,module,Magento_Reports
Period,Periodo,module,Magento_Reports
From,Dal,module,Magento_Reports
To,Al,module,Magento_Reports
Yes,Sì,module,Magento_Reports
"Empty Rows","Righe vuote",module,Magento_Reports
"Invalid date specified","Data specificata non valida",module,Magento_Reports
Refresh,Aggiorna,module,Magento_Reports
"We can't find records for this period.","Non è possibile trovare record per questo periodo.",module,Magento_Reports
"Show Reviews","Mostra recensioni",module,Magento_Reports
"Products Report","Report prodotti",module,Magento_Reports
Product,Prodotto,module,Magento_Reports
Purchases,Acquisti,module,Magento_Reports
Unlimited,Illimitato,module,Magento_Reports
"Low stock","Scarsa disponibilità",module,Magento_Reports
"Products Ordered","Prodotti ordinati",module,Magento_Reports
"Most Viewed","Più Visti",module,Magento_Reports
"Show Report","Visualizza Report",module,Magento_Reports
Interval,Intervallo,module,Magento_Reports
Total,Totale,module,Magento_Reports
Price,Prezzo,module,Magento_Reports
Views,Viste,module,Magento_Reports
"Refresh Statistics","Aggiorna le statistiche",module,Magento_Reports
"Customers Reviews","Recensioni dei clienti",module,Magento_Reports
"Reviews for %1","Recensioni per %1",module,Magento_Reports
Customer,Cliente,module,Magento_Reports
Title,Titolo,module,Magento_Reports
Detail,Dettagli,module,Magento_Reports
Created,Creato,module,Magento_Reports
"Products Reviews","Recensioni prodotti",module,Magento_Reports
"Products Bestsellers Report","Report prodotti più venduti",module,Magento_Reports
"Order Quantity","Quantità ordine",module,Magento_Reports
"Coupons Usage Report","Report di utilizzo del coupon",module,Magento_Reports
Subtotal,Subtotale,module,Magento_Reports
"Coupon Code","Codice Coupon",module,Magento_Reports
"Price Rule","Regola prezzo",module,Magento_Reports
Uses,Utilizzi,module,Magento_Reports
"Sales Subtotal","Subtotale vendite",module,Magento_Reports
"Sales Discount","Sconto vendite",module,Magento_Reports
"Sales Total","Totale vendite",module,Magento_Reports
Discount,Sconto,module,Magento_Reports
"Total Invoiced vs. Paid Report","Report totale fatturato vs pagato",module,Magento_Reports
Orders,Ordini,module,Magento_Reports
"Invoiced Orders","Ordini fatturati",module,Magento_Reports
"Total Invoiced","Totale fatturato",module,Magento_Reports
"Paid Invoices","Fatture Pagate",module,Magento_Reports
"Unpaid Invoices","Fatture non pagate",module,Magento_Reports
"Total Refunded Report","Report totale rimborsato",module,Magento_Reports
"Refunded Orders","Ordini rimborsati",module,Magento_Reports
"Total Refunded","Totale rimborsato",module,Magento_Reports
"Online Refunds","Rimborsi online",module,Magento_Reports
"Offline Refunds","Rimborsi offline",module,Magento_Reports
"Total Ordered Report","Report Totale ordinato",module,Magento_Reports
"Sales Items","Articoli venduti",module,Magento_Reports
Items,Elementi,module,Magento_Reports
Revenue,Entrate,module,Magento_Reports
Profit,Profitto,module,Magento_Reports
Invoiced,Fatturati,module,Magento_Reports
Paid,Pagato,module,Magento_Reports
Refunded,Rimborsati,module,Magento_Reports
"Sales Tax","Imposta Vendite",module,Magento_Reports
Tax,Tassa,module,Magento_Reports
"Sales Shipping","Spedizione vendite",module,Magento_Reports
Shipping,Spedizione,module,Magento_Reports
Canceled,Cancellato,module,Magento_Reports
"Total Shipped Report","Report totale spedito",module,Magento_Reports
Carrier/Method,Vettore/metodo,module,Magento_Reports
"Total Sales Shipping","Totale vendite spedizione",module,Magento_Reports
"Total Shipping","Totale spedizione",module,Magento_Reports
"Order Taxes Report Grouped by Tax Rate","Report di tasse ordine raggruppati per aliquota fiscale",module,Magento_Reports
Rate,Aliquota,module,Magento_Reports
"Tax Amount","Importo tasse",module,Magento_Reports
"Abandoned carts","Carrelli abbandonati",module,Magento_Reports
Products,Prodotti,module,Magento_Reports
Quantity,Quantità,module,Magento_Reports
"Applied Coupon","Coupon applicati",module,Magento_Reports
Updated,Aggiornato,module,Magento_Reports
"IP Address","Indirizzo IP",module,Magento_Reports
Customers,Clienti,module,Magento_Reports
"First Name",Nome,module,Magento_Reports
"Last Name",Cognome,module,Magento_Reports
"Items in Cart","Articoli nel carrello",module,Magento_Reports
"Products in carts","Prodotti nei carrelli",module,Magento_Reports
Carts,Carrelli,module,Magento_Reports
Name,Nome,module,Magento_Reports
"Wish Lists","Liste desideri",module,Magento_Reports
"Wish List Purchase","Acquisti in lista desideri",module,Magento_Reports
"Wish List vs. Regular Order","Lista desideri vs ordine regolare",module,Magento_Reports
"Times Deleted","Volte eliminate",module,Magento_Reports
"Index type is not valid","Il tipo di indice non è valido",module,Magento_Reports
"Last updated: %1. To refresh last day's <a href=""%2"">statistics</a>, click <a href=""%3"">here</a>.","Ultimo aggiornamento: %1. Per aggiornare l'ultimo giorno di <a href=""%2"">statistiche</a>, fare clic <a href=""%3""> qui</a>.",module,Magento_Reports
"New Accounts Report","Report nuovi account",module,Magento_Reports
"Customers by Number of Orders","Clienti per numero di ordini",module,Magento_Reports
"Order Count Report","Report numero di ordini",module,Magento_Reports
"Order Total Report","Report totale ordine",module,Magento_Reports
"Downloads Report","Report download",module,Magento_Reports
"Low Stock","Scorte in esaurimento",module,Magento_Reports
"Low Stock Report","Report scorte in esaurimento",module,Magento_Reports
"Ordered Products Report","Report prodotti ordinati",module,Magento_Reports
"Products Most Viewed Report","Report prodotti più visti",module,Magento_Reports
"Product Views Report","Report prodotti visti",module,Magento_Reports
"An error occurred while showing the product views report. Please review the log and try again.","Si è verificato un errore durante la visualizzazione del report dei prodotti visti. Controlla i log e riprova.",module,Magento_Reports
Review,Recensione,module,Magento_Reports
Reviews,Recensioni,module,Magento_Reports
"Customers Report","Report clienti",module,Magento_Reports
"Customer Reviews Report","Report recensioni cliente",module,Magento_Reports
"Product Reviews Report","Report recensioni prodotto",module,Magento_Reports
"Product Reviews","Recensioni prodotti",module,Magento_Reports
Details,Dettagli,module,Magento_Reports
Sales,Vendite,module,Magento_Reports
"Bestsellers Report","Report prodotti più venduti",module,Magento_Reports
"Coupons Report","Report coupon",module,Magento_Reports
"Invoice Report","Report fattura",module,Magento_Reports
"Refunds Report","Report rimborsi",module,Magento_Reports
"Sales Report","Report Vendite",module,Magento_Reports
"Orders Report","Report Ordini",module,Magento_Reports
"Shipping Report","Report spedizione",module,Magento_Reports
"Tax Report","Report tasse",module,Magento_Reports
"Shopping Cart",Carrello,module,Magento_Reports
"Abandoned Carts","Carrelli abbandonati",module,Magento_Reports
"Customer Shopping Carts","Carrelli cliente",module,Magento_Reports
"Products in Carts","Prodotti nei carrelli",module,Magento_Reports
Statistics,Statistiche,module,Magento_Reports
"No report code is specified.","Non è specificato nessun codice report.",module,Magento_Reports
"You refreshed lifetime statistics.","Hai aggiornato le statistiche",module,Magento_Reports
"We can't refresh lifetime statistics.","Non è possibile aggiornare le statistiche.",module,Magento_Reports
"Recent statistics have been updated.","Le statistiche recenti sono state aggiornate.",module,Magento_Reports
"We can't refresh recent statistics.","Non è possibile aggiornare le statistiche recenti.",module,Magento_Reports
"The product type filter specified is incorrect.","Il filtro del tipo di prodotto specificato non è corretto.",module,Magento_Reports
"Order Taxes Report Grouped by Tax Rates","Report di tasse ordine raggruppati per aliquote fiscali",module,Magento_Reports
"Total Invoiced VS Paid Report","Report totale fatturato vs pagato",module,Magento_Reports
"Promotion Coupons Usage Report","Report di utilizzo del coupon promozione",module,Magento_Reports
Bestsellers,"Più venduti",module,Magento_Reports
"Most Viewed Products Report","Report di prodotti più visti",module,Magento_Reports
"An error occurred while showing the product views report. Please review the log and try again.","Si è verificato un errore durante la visualizzazione del report dei prodotti visti. Controlla i log e riprova.",module,Magento_Reports
Error,Errore,module,Magento_Reports
"Show By","Mostra per",module,Magento_Reports
"Select Date","Seleziona la data",module,Magento_Reports
"Customers that have Wish List: %1","I clienti che hanno la lista dei desideri: %1",module,Magento_Reports
"Number of Wish Lists: %1","Numero di liste desideri: %1",module,Magento_Reports
"Number of items bought from a Wish List: %1","Numero di articoli acquistati da una lista desideri: %1",module,Magento_Reports
"Number of times Wish Lists have been shared (emailed): %1","Numero di volte che sono state condivise le liste desideri (via email): %1",module,Magento_Reports
"Number of Wish List referrals: %1","Numero di raccomandazioni dalla lista desideri: %1",module,Magento_Reports
"Number of Wish List conversions: %1","Numero di conversioni dalla lista desideri: %1",module,Magento_Reports
"Show Report For:","Visualizza Report per:",module,Magento_Reports
"All Websites","Tutti i Website",module,Magento_Reports
"Recently Viewed","Visti di recente",module,Magento_Reports
"Add to Cart","Aggiungi al Carrello",module,Magento_Reports
"In stock",Disponibile,module,Magento_Reports
"Out of stock","Non Disponibile",module,Magento_Reports
"Add to Wish List","Aggiungi alla lista desideri",module,Magento_Reports
"Add to Compare","Aggiungi al confronto",module,Magento_Reports
"Recently Compared","Confrontati di recente",module,Magento_Reports
"Learn More","Scopri di più",module,Magento_Reports
"Save Review","Salvare recensione",module,Magento_Review
"New Review","Nuova recensione",module,Magento_Review
"Review Details","Dettagli recensione",module,Magento_Review
Product,Prodotto,module,Magento_Review
"Product Rating","Valutazione del prodotto",module,Magento_Review
Visibility,Visibilità,module,Magento_Review
"Summary of Review","Riepilogo recensione",module,Magento_Review
Review,Recensione,module,Magento_Review
Previous,Precedente,module,Magento_Review
"Save and Previous","Salva e vai al precedente",module,Magento_Review
"Save and Next","Salva e successiva",module,Magento_Review
Next,Successivo,module,Magento_Review
"Delete Review","Elimina recensione",module,Magento_Review
"Are you sure you want to do this?","Sei sicuro di che voler fare questo?",module,Magento_Review
"Edit Review '%1'","Modifica la recensione '%1'",module,Magento_Review
Administrator,Amministratore,module,Magento_Review
Guest,Ospite,module,Magento_Review
Author,Autore,module,Magento_Review
"Summary Rating","Riepilogo valutazione",module,Magento_Review
"Detailed Rating","Valutazione dettagliata",module,Magento_Review
Created,Creato,module,Magento_Review
Title,Titolo,module,Magento_Review
Type,Tipo,module,Magento_Review
Action,Azione,module,Magento_Review
Edit,Modifica,module,Magento_Review
Delete,Elimina,module,Magento_Review
"Are you sure?","Sei sicuro?",module,Magento_Review
"Update Status","Aggiorna status",module,Magento_Review
Customer,Cliente,module,Magento_Review
"Pending Reviews of Customer `%1`","Recensioni in sospeso del cliente `%1`",module,Magento_Review
"Pending Reviews","Recensioni in sospeso",module,Magento_Review
"All Reviews of Customer `%1`","Tutte le recensioni del cliente '%1'",module,Magento_Review
"All Reviews of Product `%1`","Tutte le recensioni del prodotto '%1'",module,Magento_Review
"All Reviews","Tutte le recensioni",module,Magento_Review
Name,Nome,module,Magento_Review
"Product Store Name","Nome del prodotto negozio",module,Magento_Review
Price,Prezzo,module,Magento_Review
Quantity,Quantità,module,Magento_Review
Websites,Website,module,Magento_Review
"Manage Ratings","Gestisci valutazioni",module,Magento_Review
"Add New Rating","Aggiungi nuova valutazione",module,Magento_Review
"Save Rating","Salva valutazione",module,Magento_Review
"Delete Rating","Elimina valutazione",module,Magento_Review
"Edit Rating #%1","Modifica Valutazione #%1",module,Magento_Review
"New Rating","Nuova valutazione",module,Magento_Review
"Rating Title","Titolo Valutazione",module,Magento_Review
"Default Value","Valore predefinito",module,Magento_Review
"Rating Visibility","Visibilità Valutazione",module,Magento_Review
"Is Active","È attivo",module,Magento_Review
"Sort Order",Ordinamento,module,Magento_Review
"Rating Information","Informazioni valutazione",module,Magento_Review
"Product Reviews","Recensioni prodotti",module,Magento_Review
"Pending product review(s)","Recensioni prodotto in sospeso",module,Magento_Review
"Product: <a href=""%1"" target=""_blank"">%2</a> <br/>","Prodotto: <a href=""%1"" target=""_blank"">%2</a> <br/>",module,Magento_Review
"Summary of review: %1 <br/>","Riepilogo della recensione: %1 <br/>",module,Magento_Review
"Review: %1 <br/>","Recensione: %1 <br/>",module,Magento_Review
"Store: %1 <br/>","Negozio: %1 <br/>",module,Magento_Review
"Click <a href=""%1"">here</a> to see the review.","Clicca <a href=""%1""> qui</a> per vedere la recensione.",module,Magento_Review
"Product: ""%1"" reviewed by: %2","Prodotto: ""%1"" Recensito da: %2",module,Magento_Review
"Pending Reviews RSS","RSS Recensioni in sospeso",module,Magento_Review
"Reviews %1","Recensioni %1",module,Magento_Review
Reviews,Recensioni,module,Magento_Review
"The review has been deleted.","La recensione è stata eliminata.",module,Magento_Review
"Something went wrong  deleting this review.","Qualcosa è andato storto l'eliminazione di questa recensione.",module,Magento_Review
"Customer Reviews","Recensioni dei clienti",module,Magento_Review
"Edit Review","Modifica la recensione",module,Magento_Review
"We can't retrieve the product ID.","Non è possibile recuperare l'ID prodotto.",module,Magento_Review
"Please select review(s).","Seleziona le recensioni.",module,Magento_Review
"A total of %1 record(s) have been deleted.","Un totale di %1 record sono stati eliminati.",module,Magento_Review
"Something went wrong while deleting these records.","Qualcosa è andato storto durante l'eliminazione di questi record.",module,Magento_Review
"A total of %1 record(s) have been updated.","Un totale di %1 record sono stati aggiornati.",module,Magento_Review
"Something went wrong while updating these review(s).","Qualcosa è andato storto durante l'aggiornamento di queste recensioni.",module,Magento_Review
"You saved the review.","Hai salvato la recensione.",module,Magento_Review
"Something went wrong while saving this review.","Qualcosa è andato storto durante il salvataggio di questa recensione.",module,Magento_Review
"The review was removed by another user or does not exist.","La recensione è stata rimossa da un altro utente o non esiste.",module,Magento_Review
"You deleted the rating.","Hai eliminato la valutazione.",module,Magento_Review
Ratings,Valutazioni,module,Magento_Review
"You saved the rating.","Hai salvato la valutazione.",module,Magento_Review
"My Product Reviews","Recensioni prodotto",module,Magento_Review
"Cannot initialize product","Impossibile inizializzare il prodotto",module,Magento_Review
"You submitted your review for moderation.","Hai inviato la tua recensione per la moderazione.",module,Magento_Review
"We can't post your review right now.","Non è possibile pubblicare la tua recensione in questo momento.",module,Magento_Review
"Storage key was not set","La storage key non è stata impostata",module,Magento_Review
Approved,Approvato,module,Magento_Review
Pending,"In attesa",module,Magento_Review
"Not Approved","Non approvato",module,Magento_Review
"Please enter a review summary.","Inserisci un riepilogo della recensione.",module,Magento_Review
"Please enter a nickname.","Inserisci un nickname.",module,Magento_Review
"Please enter a review.","Inserisci una recensione.",module,Magento_Review
"Rating isn't Available","Valutazione non disponibile",module,Magento_Review
"Please specify a rating title for a store, or we'll just use the default value.","Specifica un titolo valutazione per un negozio oppure useremo solamente il valore predefinito.",module,Magento_Review
"Assigned Options","Opzioni assegnate",module,Magento_Review
"Option Title:","Titolo opzione:",module,Magento_Review
"Product Name","Nome prodotto",module,Magento_Review
Rating,Valutazione,module,Magento_Review
Actions,Azioni,module,Magento_Review
"See Details","Vedi dettagli",module,Magento_Review
"You have submitted no reviews.","Non hai inviato nessuna recensione.",module,Magento_Review
Back,Indietro,module,Magento_Review
"My Recent Reviews","Le tue recensioni recenti",module,Magento_Review
"View All","Mostra tutti",module,Magento_Review
"Average Customer Rating:","Valutazione media dei clienti:",module,Magento_Review
"Your Review","La tua recensione",module,Magento_Review
"Submitted on %1","Inviata il %1",module,Magento_Review
"Back to My Reviews","Torna alle recensioni",module,Magento_Review
"Ratings Review Summary","Riepilogo valutazioni recensione",module,Magento_Review
"Be the first to review this product","Sii il primo a recensire questo prodotto",module,Magento_Review
"Write Your Own Review","Scrivi la tua recensione",module,Magento_Review
"* Required Fields","* Campi obbligatori",module,Magento_Review
"You're reviewing:","Stai recensendo:",module,Magento_Review
"Your Rating","Il tuo voto",module,Magento_Review
Summary,Riepilogo,module,Magento_Review
"Submit Review","Invia recensione",module,Magento_Review
"Only registered users can write reviews. Please <a href=""%1"">Sign in</a> or <a href=""%2"">create an account</a>","Solo gli utenti registrati possono scrivere recensioni. <a href=""%1""> Accedi</a> o <a href=""%2""> crea un account</a>",module,Magento_Review
"Add Your Review","Aggiungi la tua recensione",module,Magento_Review
"%1 Review(s)","%1 recensioni",module,Magento_Review
"Review by","Recensito da",module,Magento_Review
"Posted on","Pubblicato il",module,Magento_Review
"Back to Main Product Info","Torna alle informazioni principali del prodotto",module,Magento_Review
"Average Customer Rating","Valutazione media dei clienti",module,Magento_Review
"Product Rating:","Valutazione del prodotto:",module,Magento_Review
"Product Review (submitted on %1):","Recensione prodotto (inviato il %1):",module,Magento_Review
"Back to Product Reviews","Torna alle recensioni del prodotto",module,Magento_Review
"Page not found.","Pagina non trovata.",module,Magento_Rss
"Miscellaneous Feeds","Feed varie",module,Magento_Rss
"Get Feed","Ottieni Feed",module,Magento_Rss
Apply,Applica,module,Magento_Rule
"Please choose a valid discount amount.","Scegli un importo sconto valido.",module,Magento_Rule
"End Date must follow Start Date.","La data di fine deve seguire la data di inizio.",module,Magento_Rule
"Please specify a website.","Si prega di specificare un website.",module,Magento_Rule
"Please specify Customer Groups.","Specifica i gruppi clienti.",module,Magento_Rule
to,a,module,Magento_Rule
by,da,module,Magento_Rule
"Please choose an action to add.","Scegli un'azione da aggiungere.",module,Magento_Rule
"Perform following actions","Eseguire la seguenti azioni",module,Magento_Rule
is,è,module,Magento_Rule
"is not","non è",module,Magento_Rule
"equals or greater than","è uguale o maggiore di",module,Magento_Rule
"equals or less than","è uguale o inferiore a",module,Magento_Rule
"greater than","maggiore di",module,Magento_Rule
"less than","minore di",module,Magento_Rule
contains,contiene,module,Magento_Rule
"does not contain","non contiene",module,Magento_Rule
"is one of","è uno di",module,Magento_Rule
"is not one of","non è uno di",module,Magento_Rule
"Please choose a condition to add.","Si prega di scegliere una condizione da aggiungere.",module,Magento_Rule
Add,Aggiungi,module,Magento_Rule
Remove,Elimina,module,Magento_Rule
ALL,TUTTI,module,Magento_Rule
ANY,QUALSIASI,module,Magento_Rule
TRUE,VERO,module,Magento_Rule
FALSE,FALSO,module,Magento_Rule
"If %1 of these conditions are %2:","Se %1 di queste condizioni sono %2:",module,Magento_Rule
"Conditions Combination","Combinazione di condizioni",module,Magento_Rule
"Attribute Set","Set di attributi",module,Magento_Rule
Category,Categoria,module,Magento_Rule
"Open Chooser","Selezione aperta",module,Magento_Rule
"Unknown condition operator","Operatore condizione sconosciuto",module,Magento_Rule
"There is no information about associated entity type ""%1"".","Non c'è nessuna informazione sul tipo di entità associato ""%1"".",module,Magento_Rule
"The ""%1"" product is not part of the current creditmemo.","Il prodotto ""%1"" non è parte del creditmemo corrente.",module,Magento_SalesInventory
"Cart Price Rules","Regola di prezzo del carrello",module,Magento_SalesRule
"Add New Rule","Aggiungi nuova regola",module,Magento_SalesRule
Delete,Elimina,module,Magento_SalesRule
"Are you sure you want to delete this?","Sei sicuro di voler eliminare questo?",module,Magento_SalesRule
"Save and Continue Edit","Salva e continua modifica",module,Magento_SalesRule
Save,Salva,module,Magento_SalesRule
Actions,Azioni,module,Magento_SalesRule
"Apply the rule only to cart items matching the following conditions (leave blank for all items).","Applicare la regola solo per carrello oggetti corrispondenti alle seguenti condizioni (lasciare in bianco per tutti gli elementi).",module,Magento_SalesRule
"Apply To","Applica a",module,Magento_SalesRule
Conditions,Condizioni,module,Magento_SalesRule
"Apply the rule only if the following conditions are met (leave blank for all products).","Applica la regola solo se sono soddisfatte le condizioni seguenti (lascia vuoto per tutti i prodotti).",module,Magento_SalesRule
"Manage Coupon Codes","Gestisci codici coupon",module,Magento_SalesRule
"Coupon Qty","Qtà Coupon",module,Magento_SalesRule
"Code Length","Lunghezza codice",module,Magento_SalesRule
"Excluding prefix, suffix and separators.","Escludendo prefissi, suffissi e separatori.",module,Magento_SalesRule
"Code Format","Formato codice",module,Magento_SalesRule
"Code Prefix","Prefisso codice",module,Magento_SalesRule
"Code Suffix","Suffisso codice",module,Magento_SalesRule
"Dash Every X Characters","Trattino ogni X caratteri",module,Magento_SalesRule
"If empty no separation.","Se è vuoto non separare.",module,Magento_SalesRule
Generate,Genera,module,Magento_SalesRule
"Coupon Code","Codice Coupon",module,Magento_SalesRule
Created,Creato,module,Magento_SalesRule
Uses,Utilizzi,module,Magento_SalesRule
Yes,Sì,module,Magento_SalesRule
"Times Used","Volte usati",module,Magento_SalesRule
"Are you sure you want to delete the selected coupon(s)?","Sei sicuro di voler cancellare i coupon selezionati?",module,Magento_SalesRule
Labels,Etichette,module,Magento_SalesRule
"Store View Specific Labels","Etichette vista negozio",module,Magento_SalesRule
Rule,Regola,module,Magento_SalesRule
Start,Inizia,module,Magento_SalesRule
End,Fine,module,Magento_SalesRule
"%1 - Discounts and Coupons","%1 - sconti e coupon",module,Magento_SalesRule
Coupons/Discounts,Coupon/Sconti,module,Magento_SalesRule
Promotions,Promozioni,module,Magento_SalesRule
"You deleted the rule.","Hai eliminato la regola.",module,Magento_SalesRule
"We can't delete the rule right now. Please review the log and try again.","Al momento non è possibile eliminare questa regola. Consulta i log e riprovare.",module,Magento_SalesRule
"We can't find a rule to delete.","Impossibile trovare la regola da eliminare.",module,Magento_SalesRule
"This rule no longer exists.","Questa regola non esiste più.",module,Magento_SalesRule
"Edit Rule","Modifica regola",module,Magento_SalesRule
"New Rule","Nuova regola",module,Magento_SalesRule
"New Cart Price Rule","Nuova regola prezzo carrello",module,Magento_SalesRule
"Rule is not defined","La regola non è definita",module,Magento_SalesRule
"Invalid data provided","Dati forniti non validi",module,Magento_SalesRule
"%1 coupon(s) have been generated.","Sono stati generati %1 coupon.",module,Magento_SalesRule
"Something went wrong while generating coupons. Please review the log and try again.","Qualcosa è andato storto durante la generazione di coupon. Verifica i log e riprova.",module,Magento_SalesRule
Catalog,Catalogo,module,Magento_SalesRule
"The wrong rule is specified.","E' specificata la regola sbagliata.",module,Magento_SalesRule
"You saved the rule.","La regola è stata salvata.",module,Magento_SalesRule
"Something went wrong while saving the rule data. Please review the error log.","Qualcosa è andato storto durante il salvataggio dei dati della regola. Consulta il log degli errori.",module,Magento_SalesRule
Alphanumeric,Alfanumerico,module,Magento_SalesRule
Alphabetical,Alfabetico,module,Magento_SalesRule
Numeric,Numerico,module,Magento_SalesRule
"We cannot create the requested Coupon Qty. Please check your settings and try again.","Non è possibile creare la qtà richiesta di coupon. Controlla le impostazioni e riprova.",module,Magento_SalesRule
"Specified rule does not allow coupons","La regola specificata non consente coupon",module,Magento_SalesRule
"Specified rule only allows auto generated coupons","La regola specificata consente solo coupon auto generati",module,Magento_SalesRule
"Specified rule does not allow auto generated coupons","La regola specificata non permette coupon auto generati",module,Magento_SalesRule
"Error occurred when saving coupon: %1","Si è verificato l'errore durante il salvataggio del coupon: %1",module,Magento_SalesRule
"Discount (%1)","Sconto (%1)",module,Magento_SalesRule
Discount,Sconto,module,Magento_SalesRule
"Coupon with the same code","Coupon con lo stesso codice",module,Magento_SalesRule
"No Coupon","Nessun Coupon",module,Magento_SalesRule
"Specific Coupon","Specifico Coupon",module,Magento_SalesRule
"Can't acquire coupon.","Impossibile acquisire coupon.",module,Magento_SalesRule
"Update the Product","Aggiornamento del prodotto",module,Magento_SalesRule
"Special Price","Prezzo speciale",module,Magento_SalesRule
"To Fixed Value","A valore fisso",module,Magento_SalesRule
"To Percentage","In percentuale",module,Magento_SalesRule
"By Fixed value","Di un valore fisso",module,Magento_SalesRule
"By Percentage","In percentuale",module,Magento_SalesRule
"Update product's %1 %2: %3","Aggiornamento %1 %2 del prodotto: %3",module,Magento_SalesRule
Subtotal,Subtotale,module,Magento_SalesRule
"Total Items Quantity","Quantità totale elementi",module,Magento_SalesRule
"Total Weight","Peso totale",module,Magento_SalesRule
"Shipping Method","Metodo di Spedizione",module,Magento_SalesRule
"Shipping Postcode","Codice postale di spedizione",module,Magento_SalesRule
"Shipping Region","Regione di spedizione",module,Magento_SalesRule
"Shipping State/Province","Provincia di spedizione",module,Magento_SalesRule
"Shipping Country","Paese di spedizione",module,Magento_SalesRule
"Product attribute combination","Combinazione di attributi prodotto",module,Magento_SalesRule
"Products subselection","Sottoselezione prodotti",module,Magento_SalesRule
"Conditions combination","Combinazione di condizioni",module,Magento_SalesRule
"Cart Attribute","Attributo nel carrello",module,Magento_SalesRule
"Quantity in cart","Quantità nel carrello",module,Magento_SalesRule
"Price in cart","Prezzo nel carrello",module,Magento_SalesRule
"Row total in cart","Riga totale nel carrello",module,Magento_SalesRule
"Conditions Combination","Combinazione di condizioni",module,Magento_SalesRule
"Cart Item Attribute","Attributo elemento carrello",module,Magento_SalesRule
"Product Attribute","Attributo Prodotto",module,Magento_SalesRule
FOUND,TROVATI,module,Magento_SalesRule
"NOT FOUND","NON TROVATO",module,Magento_SalesRule
"If an item is %1 in the cart with %2 of these conditions true:","Se un elemento è %1 nel carrello con %2 di queste condizioni valide:",module,Magento_SalesRule
"total quantity","quantità totale",module,Magento_SalesRule
"total amount","importo totale",module,Magento_SalesRule
is,è,module,Magento_SalesRule
"is not","non è",module,Magento_SalesRule
"equals or greater than","è uguale o maggiore di",module,Magento_SalesRule
"equals or less than","è uguale o inferiore a",module,Magento_SalesRule
"greater than","maggiore di",module,Magento_SalesRule
"less than","minore di",module,Magento_SalesRule
"is one of","è uno di",module,Magento_SalesRule
"is not one of","non è uno di",module,Magento_SalesRule
"If %1 %2 %3 for a subselection of items in cart matching %4 of these conditions:","Se %1 %2 %3 per una sottoselezione di elementi nel carrello corrispondono a %4 di queste condizioni:",module,Magento_SalesRule
"Percent of product price discount","Percentuale di sconto sul prezzo del prodotto",module,Magento_SalesRule
"Fixed amount discount","Sconto importo fisso",module,Magento_SalesRule
"Fixed amount discount for whole cart","Sconto di importo fisso per intero carrello",module,Magento_SalesRule
"Buy X get Y free (discount amount is Y)","Compra X per ottenere Y gratis (l'importo dello sconto è Y)",module,Magento_SalesRule
Active,Attiva,module,Magento_SalesRule
Inactive,Inattivo,module,Magento_SalesRule
"Specified rule does not allow automatic coupon generation","La regola specificata non consente la generazione automatica dei coupon",module,Magento_SalesRule
"Error occurred when generating coupons: %1","Si è verificato l'errore durante la generazione dei coupon: %1",module,Magento_SalesRule
"Some coupons are invalid.","Alcuni coupon non sono validi.",module,Magento_SalesRule
"Item totals are not set for the rule.","I totali degli elementi non sono impostati per la regola.",module,Magento_SalesRule
"%1 Cart Price Rules based on ""%2"" attribute have been disabled.","Le regole di prezzo del carrello %1 basate sull'attributo ""%2"" sono state disattivate.",module,Magento_SalesRule
"Entity Sequence profile not added to meta active profile","Profilo di sequenza di entità non aggiunto al meta profilo attivo",module,Magento_SalesSequence
"Not enough arguments","Argomenti non sufficienti",module,Magento_SalesSequence
"Credit Memos","Nota di credito",module,Magento_Sales
Orders,Ordini,module,Magento_Sales
Invoices,Fatture,module,Magento_Sales
"We can't get the order instance right now.","Non possiamo ottenere l'istanza dell'ordine in questo momento.",module,Magento_Sales
"Create New Order","Crea nuovo ordine",module,Magento_Sales
"Save Order Address","Salva l'indirizzo per l'ordine",module,Magento_Sales
Shipping,Spedizione,module,Magento_Sales
Billing,Fatturazione,module,Magento_Sales
"Edit Order %1 %2 Address","Modifica ordine %1 %2 indirizzo",module,Magento_Sales
"Order Address Information","Informazioni sull'indirizzo dell'ordine",module,Magento_Sales
"Please correct the parent block for this block.","Correggi il blocco genitore per questo blocco.",module,Magento_Sales
"Submit Comment","Invia Commento",module,Magento_Sales
"Submit Order","Invia ordine",module,Magento_Sales
"Are you sure you want to cancel this order?","Sei sicuro di che voler annullare l'ordine?",module,Magento_Sales
Cancel,Annulla,module,Magento_Sales
"Billing Address","Indirizzo di Fatturazione",module,Magento_Sales
"Payment Method","Metodo di pagamento",module,Magento_Sales
"Order Comment","Commenti ordine",module,Magento_Sales
"Please select a customer","Seleziona un cliente",module,Magento_Sales
"Create New Customer","Creare nuovo cliente",module,Magento_Sales
"Account Information","Informazioni sull'account",module,Magento_Sales
From,Dal,module,Magento_Sales
To,Al,module,Magento_Sales
Message,Messaggio,module,Magento_Sales
"Edit Order #%1","Modifica l'ordine #%1",module,Magento_Sales
"Create New Order for %1 in %2","Crea nuovo ordine per %1 in %2",module,Magento_Sales
"Create New Order in %1","Crea Nuovo Ordine per %1",module,Magento_Sales
"Create New Order for %1","Crea nuovo ordine per %1",module,Magento_Sales
"Create New Order for New Customer","Crea nuovo ordine per il nuovo cliente",module,Magento_Sales
"Items Ordered","Articoli ordinati",module,Magento_Sales
"This product is disabled.","Questo prodotto è disabilitato.",module,Magento_Sales
"Buy %1 for price %2","Acquista %1 al prezzo di %2",module,Magento_Sales
"Item ordered qty","Qtà elemeno ordinati",module,Magento_Sales
"%1 with %2 discount each","%1 con %2 di sconto ciascuno",module,Magento_Sales
"%1 for %2","%1 per %2",module,Magento_Sales
"* - Enter custom price including tax","* - Inserisci prezzo personalizzato incluse tasse",module,Magento_Sales
"* - Enter custom price excluding tax","* - Inserisci prezzo personalizzato escluse tasse",module,Magento_Sales
Configure,Configura,module,Magento_Sales
"This product does not have any configurable options","Questo prodotto non dispone di eventuali opzioni configurabili",module,Magento_Sales
"Newsletter Subscription","Iscrizione alla newsletter",module,Magento_Sales
"Please select products","Seleziona i prodotti",module,Magento_Sales
"Add Selected Product(s) to Order","Aggiungi prodotti selezionati all'ordine",module,Magento_Sales
Product,Prodotto,module,Magento_Sales
Price,Prezzo,module,Magento_Sales
Select,Seleziona,module,Magento_Sales
Quantity,Quantità,module,Magento_Sales
"Shipping Address","Indirizzo di Spedizione",module,Magento_Sales
"Shipping Method","Metodo di Spedizione",module,Magento_Sales
"Update Changes","Aggiorna modifiche",module,Magento_Sales
"Shopping Cart",Carrello,module,Magento_Sales
"Are you sure you want to delete all items from shopping cart?","Sei sicuro di che voler eliminare tutti gli articoli dal carrello?",module,Magento_Sales
"Clear Shopping Cart","Svuota Carrello",module,Magento_Sales
"Products in Comparison List","Prodotti nella lista di confronto",module,Magento_Sales
"Recently Compared Products","Prodotti confrontati di recente",module,Magento_Sales
"Recently Viewed Products","Ultimi prodotti visualizzati",module,Magento_Sales
"Last Ordered Items","Ultimi articoli ordinati",module,Magento_Sales
"Recently Viewed","Visti di recente",module,Magento_Sales
"Wish List","Lista desideri",module,Magento_Sales
"Please select a store","Seleziona un negozio",module,Magento_Sales
"Order Totals","Totali ordine",module,Magento_Sales
"Shipping Incl. Tax (%1)","Spedizione tasse incluse (%1)",module,Magento_Sales
"Shipping Excl. Tax (%1)","Spedizione tasse escluse (%1)",module,Magento_Sales
"New Credit Memo for Invoice #%1","Nuova nota di credito per la fattura #%1",module,Magento_Sales
"New Credit Memo for Order #%1","Nuova nota di credito per l'ordine #%1",module,Magento_Sales
"Refund Shipping (Incl. Tax)","Rimborso spedizione (Tasse incl.)",module,Magento_Sales
"Refund Shipping (Excl. Tax)","Rimborso spedizione (Tasse escl.)",module,Magento_Sales
"Refund Shipping","Rimborso spedizione",module,Magento_Sales
"Update Qty's","Aggiornamento qtà",module,Magento_Sales
Refund,Rimborso,module,Magento_Sales
"Refund Offline","Rimborso offline",module,Magento_Sales
"Paid Amount","Importo pagato",module,Magento_Sales
"Refund Amount","Importo rimborso",module,Magento_Sales
"Shipping Amount","Importo di spedizione",module,Magento_Sales
"Shipping Refund","Rimborso spedizione",module,Magento_Sales
"Order Grand Total","Totale complessivo ordine",module,Magento_Sales
"Adjustment Refund","Rimborso Adeguamento",module,Magento_Sales
"Adjustment Fee","Quota di adeguamento",module,Magento_Sales
"Send Email","Invia email",module,Magento_Sales
"Are you sure you want to send a credit memo email to customer?","Sei sicuro di voler inviare una email per la nota di credito al cliente?",module,Magento_Sales
Void,Vuoto,module,Magento_Sales
Print,Stampa,module,Magento_Sales
"The credit memo email was sent.","È stata inviata l'email di nota di credito.",module,Magento_Sales
"The credit memo email wasn't sent.","L'email della nota di credito non è stata inviata.",module,Magento_Sales
"Credit Memo #%1 | %3 | %2 (%4)","Nota di credit #%1 | %3 | %2 (%4)",module,Magento_Sales
"Total Refund","Rimborso totale",module,Magento_Sales
"New Invoice and Shipment for Order #%1","Nuova fattura e spedizione per ordine #%1",module,Magento_Sales
"New Invoice for Order #%1","Nuova fattura per ordine #%1",module,Magento_Sales
"Submit Invoice and Shipment","Invia la fattura e la spedizione",module,Magento_Sales
"Submit Invoice","Invia la fattura",module,Magento_Sales
"Are you sure you want to send an invoice email to customer?","Sei sicuro di voler inviare un'email fattura al cliente?",module,Magento_Sales
"Credit Memo","Nota di credito",module,Magento_Sales
Capture,Acquisisci,module,Magento_Sales
"The invoice email was sent.","L'email della fattura è stata inviata.",module,Magento_Sales
"The invoice email wasn't sent.","L'email della fattura non è stata inviata.",module,Magento_Sales
"Invoice #%1 | %2 | %4 (%3)","Fattura%1 # | %2 | %4 (%3)",module,Magento_Sales
"Invalid parent block for this block","Blocco parente non valido per questo blocco",module,Magento_Sales
"Order Statuses","Status ordine",module,Magento_Sales
"Create New Status","Crea nuovo status",module,Magento_Sales
"Assign Status to State","Assegna uno status ad uno stato",module,Magento_Sales
"Save Status Assignment","Salva l'assegnazione dello stato",module,Magento_Sales
"Assign Order Status to State","Assegna lo status ordine allo stato",module,Magento_Sales
"Assignment Information","Informazioni sulle assegnazioni",module,Magento_Sales
"Order Status","Status Ordine",module,Magento_Sales
"Order State","Stato ordine",module,Magento_Sales
"Use Order Status As Default","Usa lo status dell'ordine come predefinito",module,Magento_Sales
"Visible On Storefront","Visibile sul Frontend",module,Magento_Sales
"Edit Order Status","Modifica lo status dell'ordine",module,Magento_Sales
"Save Status","Salva Status",module,Magento_Sales
"New Order Status","Nuovo status ordine",module,Magento_Sales
"Order Status Information","Informazioni sullo status dell'ordine",module,Magento_Sales
"Status Code","Codice Status",module,Magento_Sales
"Status Label","Etichetta Status",module,Magento_Sales
"Store View Specific Labels","Etichette vista negozio",module,Magento_Sales
"Total Paid","Totale pagato",module,Magento_Sales
"Total Refunded","Totale rimborsato",module,Magento_Sales
"Total Due","Totale dovuto",module,Magento_Sales
Edit,Modifica,module,Magento_Sales
"Are you sure you want to send an order email to customer?","Sei sicuro di voler inviare una email al cliente?",module,Magento_Sales
"This will create an offline refund. To create an online refund, open an invoice and create credit memo for it. Do you want to continue?","Questo creerà un rimborso offline. Per creare un rimborso on-line, aprire una fattura e creare nota di credito per questa. Vuoi continuare?",module,Magento_Sales
"Are you sure you want to void the payment?","Sei sicuro di che voler annullare il pagamento?",module,Magento_Sales
Hold,"In sospeso",module,Magento_Sales
hold,"in sospeso",module,Magento_Sales
Unhold,Ripristinato,module,Magento_Sales
unhold,ripristinato,module,Magento_Sales
"Are you sure you want to accept this payment?","Sei sicuro di che voler accettare questo pagamento?",module,Magento_Sales
"Accept Payment","Accetta il pagamento",module,Magento_Sales
"Are you sure you want to deny this payment?","Sei sicuro di voler negare questo pagamento?",module,Magento_Sales
"Deny Payment","Nega pagamento",module,Magento_Sales
"Get Payment Update","Ottieni aggiornamento pagamento",module,Magento_Sales
"Invoice and Ship","Fattura e spedisci",module,Magento_Sales
Invoice,Fattura,module,Magento_Sales
Ship,Spedisci,module,Magento_Sales
Reorder,Riordina,module,Magento_Sales
"Order # %1 %2 | %3","Ordine n. %1 %2 | %3",module,Magento_Sales
"This order contains (%1) items and therefore cannot be edited through the admin interface. If you wish to continue editing, the (%2) items will be removed,  the order will be canceled and a new order will be placed.","Questo ordine contiene (%1) articoli e, pertanto, non può essere modificato tramite l'interfaccia di amministrazione. Se si desidera continuare a modificare, saranno rimossi i (%2) elementi, l'ordine sarà annullato e un nuovo ordine sarà creato.",module,Magento_Sales
"Are you sure? This order will be canceled and a new one will be created instead.","Sei sicuro? Questo ordine verrà annullato e ne verrà creato uno nuovo.",module,Magento_Sales
"Save Gift Message","Salva messaggio regalo",module,Magento_Sales
"Order Credit Memos","Note di credito ordine",module,Magento_Sales
"Credit memo #%1 created","Nota di credito #%1 creata",module,Magento_Sales
"Credit memo #%1 comment added","Aggiungo commento nella nota di credito #%1",module,Magento_Sales
"Shipment #%1 created","Spedizione #%1 creata",module,Magento_Sales
"Shipment #%1 comment added","Aggiunto commento alla spedizione #%1",module,Magento_Sales
"Invoice #%1 created","Fattura #%1 creata",module,Magento_Sales
"Invoice #%1 comment added","Aggiunto commento alla fattura #%1",module,Magento_Sales
"Tracking number %1 for %2 assigned","Numero di tracciamento %1 per %2 assegnato",module,Magento_Sales
"Comments History","Cronologia commenti",module,Magento_Sales
"Order History","Cronologia ordine",module,Magento_Sales
Information,Informazioni,module,Magento_Sales
"Order Information","Informazioni ordine",module,Magento_Sales
"Order Invoices","Fattura ordine",module,Magento_Sales
Shipments,Spedizioni,module,Magento_Sales
"Order Shipments","Spedizioni ordine",module,Magento_Sales
Transactions,Transazioni,module,Magento_Sales
"Order View","Mostra Ordine",module,Magento_Sales
Any,Qualsiasi,module,Magento_Sales
Specified,Specificato,module,Magento_Sales
"Applies to Any of the Specified Order Statuses except canceled orders","Applica ad uno qualsiasi degli status ordine eccetto gli ordini annullati",module,Magento_Sales
"Cart Price Rule","Regola di prezzo del carrello",module,Magento_Sales
Yes,Sì,module,Magento_Sales
"Show Actual Values","Mostra i valori attuali",module,Magento_Sales
"New Order RSS","Nuovo ordine RSS",module,Magento_Sales
Subtotal,Subtotale,module,Magento_Sales
"Shipping & Handling","Spedizione e gestione",module,Magento_Sales
"Discount (%1)","Sconto (%1)",module,Magento_Sales
Discount,Sconto,module,Magento_Sales
"Grand Total","Totale complessivo",module,Magento_Sales
Back,Indietro,module,Magento_Sales
"Transaction # %1 | %2","Transazione # %1 | %2",module,Magento_Sales
N/A,N/D,module,Magento_Sales
Key,Chiave,module,Magento_Sales
Value,Valore,module,Magento_Sales
"We found an invalid entity model.","Abbiamo trovato un entity model non valido.",module,Magento_Sales
"Order # %1","Ordine # %1",module,Magento_Sales
"Back to My Orders","Torna ai miei ordini",module,Magento_Sales
"View Another Order","Mostra un altro ordine",module,Magento_Sales
"About Your Refund","Informazioni sul tuo rimborso",module,Magento_Sales
"My Orders","I Miei ordini",module,Magento_Sales
"Subscribe to Order Status","Iscriviti per gli status dell'ordine",module,Magento_Sales
"About Your Invoice","Info sulla tua fattura",module,Magento_Sales
"Print Order # %1","Stampa ordine # %1",module,Magento_Sales
"Grand Total to be Charged","Totale complessivo da riscuotere",module,Magento_Sales
Unassign,"Non assegnato",module,Magento_Sales
"We can't add this item to your shopping cart right now.","Al momento è impossibile aggiungere questo articolo al carrello.",module,Magento_Sales
"You sent the message.","Il messaggio è stato inviato.",module,Magento_Sales
Sales,Vendite,module,Magento_Sales
"Invoice capturing error","Errore durante l'acquisizione della fattura",module,Magento_Sales
"This order no longer exists.","L'ordine non esiste più.",module,Magento_Sales
"Please enter a comment.","Inserisci un commento.",module,Magento_Sales
"We cannot add order history.","Non è possibile aggiungere cronologia ordini.",module,Magento_Sales
"You updated the order address.","Hai aggiornato l'indirizzo dell'ordine.",module,Magento_Sales
"We can't update the order address right now.","Non è possibile aggiornare l'indirizzo dell'ordine in questo momento.",module,Magento_Sales
"You have not canceled the item.","Non hai cancellato questo elemento.",module,Magento_Sales
"You canceled the order.","Hai annullato l'ordine.",module,Magento_Sales
"""%1"" coupon code was not applied. Do not apply discount is selected for item(s)","Il codice coupon ""%1"" non è stato applicato. Non applicare lo sconto se è selezionato per gli elementi",module,Magento_Sales
"""%1"" coupon code is not valid.","Il codice coupon ""%1"" non è valido.",module,Magento_Sales
"The coupon code has been accepted.","Il codice coupon è stato accettato.",module,Magento_Sales
"Quote item id is not received.","L'articolo quotato non è stato ricevuto.",module,Magento_Sales
"Quote item is not loaded.","L'articolo non è stato caricato.",module,Magento_Sales
"New Order","Nuovo ordine",module,Magento_Sales
"You created the order.","Hai creato l'ordine.",module,Magento_Sales
"Order saving error: %1","Errore salvataggio ordine: %1",module,Magento_Sales
"Cannot add new comment.","Non è possibile aggiungere un nuovo commento.",module,Magento_Sales
"The credit memo has been canceled.","La nota di credito è stata annullata.",module,Magento_Sales
"Credit memo has not been canceled.","La nota di credito non è stata annullata.",module,Magento_Sales
"New Memo for #%1","Nuova nota per #%1",module,Magento_Sales
"New Memo","Nuova nota",module,Magento_Sales
"The credit memo's total must be positive.","Il totale della nota di credito deve essere positivo.",module,Magento_Sales
"Cannot create online refund for Refund to Store Credit.","Non è possibile creare un rimborso online per il Rimborso al credito del negozio.",module,Magento_Sales
"You created the credit memo.","È stata creata la nota di credito.",module,Magento_Sales
"We can't save the credit memo right now.","Non è possibile salvare la nota di credito in questo momento.",module,Magento_Sales
"We can't update the item's quantity right now.","Non è possibile aggiornare la quantità degli elementi in questo momenti.",module,Magento_Sales
"View Memo for #%1","Mostra nota per #%1",module,Magento_Sales
"View Memo","Mostra Nota",module,Magento_Sales
"You voided the credit memo.","Hai annullato la nota di credito.",module,Magento_Sales
"We can't void the credit memo.","Non è possibile annullare la nota di credito.",module,Magento_Sales
"The order no longer exists.","L'ordine non esiste più.",module,Magento_Sales
"We can't create credit memo for the order.","Non è possibile creare la nota di credito per l'ordine.",module,Magento_Sales
"Edit Order","Modifica ordine",module,Magento_Sales
"You sent the order email.","Hai inviato l'email per l'ordine.",module,Magento_Sales
"We can't send the email order right now.","Non è possibile inviare l'email dell'ordine in questo momento.",module,Magento_Sales
"You have not put the order on hold.","Non hai messo l'ordine in sopeso.",module,Magento_Sales
"You put the order on hold.","Hai messo l'ordine in sopeso.",module,Magento_Sales
"You canceled the invoice.","Hai annullato la fattura.",module,Magento_Sales
"Invoice canceling error","Errore durante la cancellazione della fattura",module,Magento_Sales
"The invoice has been captured.","La fattura è stata acquisita.",module,Magento_Sales
"The order does not allow an invoice to be created.","L'ordine non consente di creare una fattura.",module,Magento_Sales
"You can't create an invoice without products.","Non è possibile creare una fattura senza prodotti.",module,Magento_Sales
"New Invoice","Nuova fattura",module,Magento_Sales
"We can't save the invoice right now.","Non è possibile salvare la fattura in questo momento.",module,Magento_Sales
"The invoice and the shipment  have been created. The shipping label cannot be created now.","Sono state create fattura e spedizione. L'etichetta di spedizione non può essere creata ora.",module,Magento_Sales
"You created the invoice and shipment.","Hai creato la fattura e spedizione.",module,Magento_Sales
"The invoice has been created.","La fattura è stata creata.",module,Magento_Sales
"We can't send the invoice email right now.","Non è possibile inviare l'email di fattura in questo momento.",module,Magento_Sales
"We can't send the shipment right now.","Non possiamo inviare la spedizione in questo momento.",module,Magento_Sales
"Cannot update item quantity.","Non è possibile aggiornare la quantità dell'articolo.",module,Magento_Sales
"The invoice has been voided.","La fattura è stata annullata.",module,Magento_Sales
"Invoice voiding error","Errore di annullamento della fattura",module,Magento_Sales
"%1 order(s) cannot be canceled.","%1 ordini non possono essere annullati.",module,Magento_Sales
"You cannot cancel the order(s).","Non è possibile annullare gli ordini.",module,Magento_Sales
"We canceled %1 order(s).","Sono stati annullati %1 ordini.",module,Magento_Sales
"%1 order(s) were not put on hold.","%1 ordini non sono stati messi in sospeso.",module,Magento_Sales
"No order(s) were put on hold.","Nessun ordine è stato messo in sopeso.",module,Magento_Sales
"You have put %1 order(s) on hold.","Hai messo in sopeso %1 ordini.",module,Magento_Sales
"%1 order(s) were not released from on hold status.","%1 ordini non sono stati rilasciati dallo status di sospensione.",module,Magento_Sales
"No order(s) were released from on hold status.","Nessun ordine è stato rilasciato dallo status di sospensione.",module,Magento_Sales
"%1 order(s) have been released from on hold status.","%1 ordini sono stati rilasciati dallo status di sospensione.",module,Magento_Sales
"There are no printable documents related to selected orders.","Non esistono documenti stampabili correlati agli ordini selezionati.",module,Magento_Sales
"The payment has been accepted.","Il pagamento è stato accettato.",module,Magento_Sales
"The payment has been denied.","Il pagamento è stato negato.",module,Magento_Sales
"Transaction has been approved.","La transazione è stata approvata.",module,Magento_Sales
"Transaction has been voided/declined.","La transazione è stata annullata, rifiutata.",module,Magento_Sales
"There is no update for the transaction.","Non c'è nessun aggiornamento per la transazione.",module,Magento_Sales
"We can't update the payment right now.","Non è possibile aggiornare il pagamento in questo momento.",module,Magento_Sales
"You assigned the order status.","L'hai assegnato allo status ordine.",module,Magento_Sales
"Something went wrong while assigning the order status.","Qualcosa è andato storto durante l'assegnazione dello status dell'ordine.",module,Magento_Sales
"We can't find this order status.","Non è possibile trovare questo status ordine.",module,Magento_Sales
"Create New Order Status","Crea nuovo status dell'ordine",module,Magento_Sales
"We found another order status with the same order status code.","Abbiamo trovato un altro status dell'ordine con lo stesso codice.",module,Magento_Sales
"You saved the order status.","Hai salvato lo status dell'ordine.",module,Magento_Sales
"We can't add the order status right now.","Non è possibile aggiungere uno status ordine in questo momento.",module,Magento_Sales
"You have unassigned the order status.","Hai rimosso l'assegnazione dello status ordine.",module,Magento_Sales
"Something went wrong while unassigning the order.","Qualcosa è andato storto durante la procedura di annullamento assegnazione dell'ordine.",module,Magento_Sales
"Can't unhold order.","Non è possibile sbloccare ordine.",module,Magento_Sales
"You released the order from holding status.","Hai sbloccato l'ordine dallo status bloccato.",module,Magento_Sales
"The order was not on hold.","L'ordine non era bloccato.",module,Magento_Sales
"Exception occurred during order load","Si è verificata un eccezione durante il caricamento dell'ordine",module,Magento_Sales
"Something went wrong while saving the gift message.","Qualcosa è andato storto durante il salvataggio del messaggio regalo.",module,Magento_Sales
"You saved the gift card message.","Hai salvato il messaggio della gift card.",module,Magento_Sales
"The payment has been voided.","Il pagamento è stato annullato.",module,Magento_Sales
"We can't void the payment right now.","Non è possibile annullare il pagamento in questo momento.",module,Magento_Sales
"Please correct the transaction ID and try again.","Correggi l'ID transazione e riprova.",module,Magento_Sales
"The transaction details have been updated.","I dettagli della transazione sono stati aggiornati.",module,Magento_Sales
"We can't update the transaction details.","Impossibile aggiornare i dettagli della transazione.",module,Magento_Sales
"Orders and Returns","Ordini e resi",module,Magento_Sales
"You entered incorrect data. Please try again.","Hai inserito dati non corretti. Riprova.",module,Magento_Sales
"Go to Home Page","Vai alla Home Page",module,Magento_Sales
"We can't find this wish list.","Non riusciamo a trovare questa lista dei desideri.",module,Magento_Sales
"We could not add a product to cart by the ID ""%1"".","Impossibile aggiungere un prodotto al carrello tramite l'ID ""%1"".",module,Magento_Sales
"There is an error in one of the option rows.","C'è un errore in una delle righe di opzione.",module,Magento_Sales
"Please specify order items.","Specificare gli articoli dell'ordine.",module,Magento_Sales
"Please specify a shipping method.","Specifica un metodo di spedizione.",module,Magento_Sales
"Please specify a payment method.","Specificare un metodo di pagamento.",module,Magento_Sales
"This payment method is not available.","Questo metodo di pagamento non è disponibile.",module,Magento_Sales
"Validation is failed.","Convalida non riuscita.",module,Magento_Sales
"You did not email your customer. Please check your email settings.","Non hai mandato l'email al tuo cliente. Controlla le impostazioni delle email.",module,Magento_Sales
"-- Please Select --","-- Seleziona --",module,Magento_Sales
"Path ""%1"" is not part of allowed directory ""%2""","Path ""%1"" non fa parte della direttory consentita ""%2""",module,Magento_Sales
"Identifying Fields required","Identificazione cambi obbligatori",module,Magento_Sales
"Id required","Id obbligatorio",module,Magento_Sales
"A hold action is not available.","L'azione ""blocca"" non è disponibile.",module,Magento_Sales
"You cannot remove the hold.","Non è possibile rimuovere il blocco.",module,Magento_Sales
"We cannot cancel this order.","Non è possibile annullare l'ordine.",module,Magento_Sales
Guest,Ospite,module,Magento_Sales
"Please enter the first name.","Inserisci il nome.",module,Magento_Sales
"Please enter the last name.","Inserisci il cognome.",module,Magento_Sales
"Please enter the street.","Inserisci la via.",module,Magento_Sales
"Please enter the city.","Inserisci la città.",module,Magento_Sales
"Please enter the phone number.","Inserisci il numero di telefono.",module,Magento_Sales
"Please enter the zip/postal code.","Inserisci il codice postale.",module,Magento_Sales
"Please enter the country.","Inserisci il paese.",module,Magento_Sales
"Please enter the state/province.","Inserisci la provincia.",module,Magento_Sales
"Requested entity doesn't exist","L'entità richiesta non esiste",module,Magento_Sales
"Could not delete order address","Impossibile eliminare l'indirizzo d'ordine",module,Magento_Sales
"Could not save order address","Impossibile salvare l'indirizzo d'ordine",module,Magento_Sales
Pending,"In attesa",module,Magento_Sales
Refunded,Rimborsati,module,Magento_Sales
Canceled,Cancellato,module,Magento_Sales
"Unknown State","Stato sconosciuto",module,Magento_Sales
"We found an invalid quantity to refund item ""%1"".","Quantità non valida di rimborso articolo ""%1"".",module,Magento_Sales
"Maximum shipping amount allowed to refund is: %1","L'importo massimo concesso per il rimborso della spedizione è: %1",module,Magento_Sales
"The most money available to refund is %1.","Il denaro massimo disponibile al rimborso è di %1.",module,Magento_Sales
"Could not delete credit memo","Impossibile eliminare la nota di credito",module,Magento_Sales
"Could not save credit memo","Impossibile salvare la nota di credito",module,Magento_Sales
"This order already has associated customer account","Questo ordine ha già associato un account cliente",module,Magento_Sales
Paid,Pagato,module,Magento_Sales
"We cannot register an existing invoice","Impossibile registrare una fattura esistente",module,Magento_Sales
"Order Id is required for invoice document","L'id ordine è obbligatorio per la fattura",module,Magento_Sales
"The quantity to invoice must not be greater than the uninvoiced quantity for product SKU ""%1"".","La quantità da fatturare non deve essere maggiore della quantità non fatturata per prodotto con SKU ""%1"".",module,Magento_Sales
"ID required","ID obbligatorio",module,Magento_Sales
"Unknown Status","Stato sconosciuto",module,Magento_Sales
Ordered,Ordinato,module,Magento_Sales
Shipped,Spediti,module,Magento_Sales
Invoiced,Fatturati,module,Magento_Sales
Backordered,"Ordine arretrato",module,Magento_Sales
Returned,Restituito,module,Magento_Sales
Partial,Parziale,module,Magento_Sales
Mixed,Misto,module,Magento_Sales
"Registered a Void notification.","Registrata una notifica vuota.",module,Magento_Sales
"If the invoice was created offline, try creating an offline credit memo.","Se la fattura è stata creata offline, provare a creare una nota di credito offline.",module,Magento_Sales
"We refunded %1 online.","Sono stati rimborsati %1 online.",module,Magento_Sales
"We refunded %1 offline.","Sono stati rimborsati %1 offline.",module,Magento_Sales
"IPN ""Refunded"". Refund issued by merchant. Registered notification about refunded amount of %1. Transaction ID: ""%2"". Credit Memo has not been created. Please create offline Credit Memo.","IPN ""Rimborsato"". Rimborso emesso dal commerciante. Registrata notifica sull'importo rimborsato di %1. ID transazione: ""%2"". La nota di credito non è stata creata. Crea nota di credito offline.",module,Magento_Sales
"The credit memo has been created automatically.","La nota di credito è stata creata automaticamente.",module,Magento_Sales
"Registered notification about refunded amount of %1.","Registrata notifica riguardante l'importo rimborsato di %1.",module,Magento_Sales
"Canceled order online","Ordine annullato online",module,Magento_Sales
"Canceled order offline","Ordine annullato offline",module,Magento_Sales
"Approved the payment online.","Pagamento approvato online.",module,Magento_Sales
"There is no need to approve this payment.","Non c'è nessun bisogno di approvare questo pagamento.",module,Magento_Sales
"Denied the payment online","Pagamento negato online",module,Magento_Sales
"Registered update about approved payment.","Aggiornamento registrato riguardante pagamento approvato.",module,Magento_Sales
"Registered update about denied payment.","Aggiornamento registrato riguardante pagamento negato.",module,Magento_Sales
"There is no update for the payment.","Non c'è nessun aggiornamento per il pagamento.",module,Magento_Sales
"Voided authorization.","Autorizzazione annullata.",module,Magento_Sales
"Amount: %1.","Importo: %1.",module,Magento_Sales
"Transaction ID: ""%1""","ID transazione: ""%1""",module,Magento_Sales
"The payment method you requested is not available.","Il metodo di pagamento che hai richiesto non è disponibile.",module,Magento_Sales
"The payment disallows storing objects.","Il pagamento non consente l'archiviazione di oggetti.",module,Magento_Sales
"The transaction ""%1"" cannot be captured yet.","La transazione ""%1"" non può ancora essere acquisita.",module,Magento_Sales
"The order amount of %1 is pending approval on the payment gateway.","L'importo dell'ordine di %1 è in attesa di approvazione sul gateway di pagamento.",module,Magento_Sales
"Ordered amount of %1","Importo ordinato di %1",module,Magento_Sales
"An amount of %1 will be captured after being approved at the payment gateway.","Un importo di %1 sarà acquisito dopo essere stato approvato presso il gateway di pagamento.",module,Magento_Sales
"Registered notification about captured amount of %1.","Notifica registrata sull'importo acquisito di %1.",module,Magento_Sales
"Order is suspended as its capture amount %1 is suspected to be fraudulent.","L'ordine è sospeso come un importo %1 è sospetto di essere una frode.",module,Magento_Sales
"The parent transaction ID must have a transaction ID.","L'ID della transazione genitore deve avere un ID di transazione.",module,Magento_Sales
"Payment transactions disallow storing objects.","Le operazioni di pagamento non consentono l'archiviazione di oggetti.",module,Magento_Sales
"The transaction ""%1"" (%2) is already closed.","La transazione ""%1"" (%2) è già chiusa.",module,Magento_Sales
"Set order for existing transactions not allowed","Imposta l'ordine per le transazioni esistenti non permesse",module,Magento_Sales
"At minimum, you need to set a payment ID.","Al minimo, è necessario impostare un ID di pagamento.",module,Magento_Sales
Order,Ordine,module,Magento_Sales
Authorization,Autorizzazione,module,Magento_Sales
"We found an unsupported transaction type ""%1"".","Abbiamo trovato un tipo di transazione non supportato ""%1"".",module,Magento_Sales
"Please set a proper payment and order id.","Si prega di impostare un id di pagamento e d'ordine corretto.",module,Magento_Sales
"Please enter a Transaction ID.","Inserisci un ID transazione.",module,Magento_Sales
"You can't do this without a transaction object.","Non è possibile farlo senza un oggetto transazione.",module,Magento_Sales
"Sold to:","Venduto a:",module,Magento_Sales
"Ship to:","Spedire a:",module,Magento_Sales
"Payment Method:","Metodo di pagamento:",module,Magento_Sales
"Shipping Method:","Metodo di Spedizione:",module,Magento_Sales
"Total Shipping Charges","Totale spese di spedizione",module,Magento_Sales
Title,Titolo,module,Magento_Sales
Number,Numero,module,Magento_Sales
"We found an invalid renderer model.","È stato trovato un renderer model non valido.",module,Magento_Sales
"Please define the PDF object before using.","Definire l'oggetto PDF prima di utilizzarlo.",module,Magento_Sales
Products,Prodotti,module,Magento_Sales
"Total (ex)","Totale (es)",module,Magento_Sales
Qty,Qtà,module,Magento_Sales
Tax,Tassa,module,Magento_Sales
"Total (inc)","Totale (inc)",module,Magento_Sales
"The order object is not specified.","L'oggetto dell'ordine non è specificato.",module,Magento_Sales
"The source object is not specified.","Il sorgente dell'oggetto non è specificato.",module,Magento_Sales
"An item object is not specified.","Un elemento oggetto non è specificato.",module,Magento_Sales
"A PDF object is not specified.","Un oggetto PDF non è specificato.",module,Magento_Sales
"A PDF page object is not specified.","Una pagina PDF non è specificata.",module,Magento_Sales
"Excl. Tax","Tasse escl.",module,Magento_Sales
"Incl. Tax","Tasse incl.",module,Magento_Sales
title,titolo,module,Magento_Sales
"The PDF total model %1 must be or extend \Magento\Sales\Model\Order\Pdf\Total\DefaultTotal.","Il modello totale PDF %1 deve essere o estendere \Magento\Sales\Model\Order\Pdf\Total\DefaultTotal.",module,Magento_Sales
"We cannot register an existing shipment","Non possiamo registrare una spedizione esistente",module,Magento_Sales
"Parent shipment cannot be loaded for track object.","Spedizione Parente non può essere caricata per traccia oggetto.",module,Magento_Sales
"You can't create a shipment without products.","Non puoi creare una spedizione senza prodotti.",module,Magento_Sales
"Please enter a tracking number.","Inserisci un numero di tracciamento.",module,Magento_Sales
"Could not delete shipment","Impossibile eliminare la spedizione",module,Magento_Sales
"Could not save shipment","Non è possibile salvare la spedizione",module,Magento_Sales
"The last status can't be unassigned from its current state.","L'ultimo status non può essere disassegnato dal suo stato corrente.",module,Magento_Sales
"Status can't be unassigned, because it is used by existing order(s).","Lo status non può essere disassegnato perchè è utilizzato da ordini esistenti.",module,Magento_Sales
"The total model should be extended from \Magento\Sales\Model\Order\Total\AbstractTotal.","Il modello totale dovrebbe essere esteso da \Magento\Sales\Model\Order\Total\AbstractTotal.",module,Magento_Sales
"A shipment cannot be created when an order has a status of %1","Una spedizione non può essere creata quando l'ordine è in stato di %1",module,Magento_Sales
"The order does not allow a shipment to be created.","L'ordine non consente di creare una spedizione.",module,Magento_Sales
"We cannot determine the field name.","Non è possibile determinare il nome del campo.",module,Magento_Sales
City,Città,module,Magento_Sales
Company,Società,module,Magento_Sales
Country,Paese,module,Magento_Sales
"First Name",Nome,module,Magento_Sales
"Last Name",Cognome,module,Magento_Sales
State/Province,Stato/Provincia,module,Magento_Sales
"Street Address",Indirizzo,module,Magento_Sales
"Phone Number","Numero di telefono",module,Magento_Sales
"Zip/Postal Code",CAP,module,Magento_Sales
"We can't save the address:\n%1","Impossibile salvare l'indirizzo:\n%1",module,Magento_Sales
"Cannot save comment:\n%1","Non è possibile salvare il commento:\n%1",module,Magento_Sales
"We don't have enough information to save the parent transaction ID.","Non abbiamo abbastanza informazioni per salvare l'ID transazione genitore.",module,Magento_Sales
"We cannot create an empty shipment.","Non è possibile creare una spedizione vuota.",module,Magento_Sales
"Cannot save track:\n%1","Non è possibile salvare la traccia:
%1",module,Magento_Sales
"Cannot unassign status from state","Non è possibile annullare l'assegnazione dello status dallo stato",module,Magento_Sales
"New Orders","Nuovi ordini",module,Magento_Sales
"Order #%1 created at %2","Ordine #%1 creato su %2",module,Magento_Sales
"Details for %1 #%2","Dettagli per %1 #%2",module,Magento_Sales
"Notified Date: %1","Data notifica: %1",module,Magento_Sales
"Comment: %1<br/>","Commento: %1 <br/>",module,Magento_Sales
"Current Status: %1<br/>","Status attuale: %1 <br/>",module,Magento_Sales
"Total: %1<br/>","Totale: %1 <br/>",module,Magento_Sales
"Order # %1 Notification(s)","Ordine # %1 Notifiche",module,Magento_Sales
"You can not cancel Credit Memo","Non è possibile annullare la nota di credito",module,Magento_Sales
"Could not cancel creditmemo","Non è possibile annullare la nota di credito",module,Magento_Sales
"We cannot register an existing credit memo.","Non è possibile registrare una nota di credito esistente.",module,Magento_Sales
"We found an invalid quantity to invoice item ""%1"".","E' stata trovata una quantità non valida per fatturare l'elemento ""%1"".",module,Magento_Sales
"The Order State ""%1"" must not be set manually.","Lo stato dell'ordine ""%1"" non deve essere impostato manualmente.",module,Magento_Sales
"VAT Request Identifier","Identificatore p.IVA richiesto",module,Magento_Sales
"VAT Request Date","Data di richiesta P. IVA",module,Magento_Sales
"Pending Payment","Pagamento in attesa",module,Magento_Sales
Processing,"In elaborazione",module,Magento_Sales
"On Hold","In sospeso",module,Magento_Sales
Complete,Completato,module,Magento_Sales
Closed,Chiuso,module,Magento_Sales
"Suspected Fraud","Sospetta frode",module,Magento_Sales
"Payment Review","Rivedi Pagamento",module,Magento_Sales
New,Nuovo,module,Magento_Sales
"test message","messaggio di prova",module,Magento_Sales
"Email has not been sent","L'email non è stata inviata",module,Magento_Sales
"Authorized amount of %1.","Importo autorizzato di %1.",module,Magento_Sales
"We will authorize %1 after the payment is approved at the payment gateway.","Autorizzeremo %1 dopo che il pagamento viene approvato presso il gateway di pagamento.",module,Magento_Sales
"Authorized amount of %1","Importo autorizzato di %1",module,Magento_Sales
View,Mostra,module,Magento_Sales
"Group was removed","Il gruppo è stato rimosso",module,Magento_Sales
"Changing address information will not recalculate shipping, tax or other order amount.","Modificando le informazioni di indirizzo non verranno ricalcolate la spedizione, tasse o altri importi dell'ordine.",module,Magento_Sales
"Comment Text","Testo del commento",module,Magento_Sales
"Notify Customer by Email","Notifica il cliente via email",module,Magento_Sales
"Visible on Storefront","Visibile sul Frontend",module,Magento_Sales
Customer,Cliente,module,Magento_Sales
Notified,Notificato,module,Magento_Sales
"Not Notified","Non notificato",module,Magento_Sales
"No Payment Methods","Nessun metodo di pagamento",module,Magento_Sales
"Order Comments","Commenti ordine",module,Magento_Sales
"Apply Coupon Code","Utilizzare il codice Coupon",module,Magento_Sales
Apply,Applica,module,Magento_Sales
"Remove Coupon Code","Rimuovere il codice Coupon",module,Magento_Sales
Remove,Elimina,module,Magento_Sales
"Address Information","Informazioni indirizzo",module,Magento_Sales
"Payment &amp; Shipping Information","Informazioni Pagamento e Spedizione",module,Magento_Sales
"Order Total","Totale ordine",module,Magento_Sales
"Order Currency:","Valuta Ordine:",module,Magento_Sales
"Same As Billing Address","Uguale all'indirizzo di fatturazione",module,Magento_Sales
"Select from existing customer addresses:","Seleziona gli indirizzi dei clienti esistenti:",module,Magento_Sales
"Add New Address","Aggiungi nuovo indirizzo",module,Magento_Sales
"Save in address book","Salva nella rubrica",module,Magento_Sales
"You don't need to select a shipping address.","Non è necessario selezionare un indirizzo di spedizione.",module,Magento_Sales
"Gift Message for the Entire Order","Messaggi regalo per l'intero ordine",module,Magento_Sales
"Leave this box blank if you don't want to leave a gift message for the entire order.","Lascia il box vuoto se non vuoi lasciare un messaggio regalo per l'intero ordine.",module,Magento_Sales
"Row Subtotal","Riga Subtotale",module,Magento_Sales
Action,Azione,module,Magento_Sales
"No ordered items","Nessun articolo ordinato",module,Magento_Sales
"Update Items and Quantities","Aggiornamento articoli e quantità",module,Magento_Sales
"Total %1 product(s)","%1 prodotti totali",module,Magento_Sales
Subtotal:,Subtotale:,module,Magento_Sales
"Tier Pricing","Fascia di prezzo",module,Magento_Sales
"Custom Price","Prezzo personalizzato",module,Magento_Sales
"Please select","Prego selezionare",module,Magento_Sales
"Move to Shopping Cart","Sposta nel carrello",module,Magento_Sales
"Move to Wish List","Sposta nella lista desideri",module,Magento_Sales
"Subscribe to Newsletter","Iscriviti alla Newsletter",module,Magento_Sales
"Click to change shipping method","Clicca per cambiare metodo di spedizione",module,Magento_Sales
"Sorry, no quotes are available for this order.","Siamo spiacenti, nessun preventivo disponibile per questo ordine.",module,Magento_Sales
"Get shipping methods and rates","Ottieni metodi di spedizione e tariffe",module,Magento_Sales
"You don't need to select a shipping method.","Non è necessario selezionare un metodo di spedizione.",module,Magento_Sales
"Customer's Activities","Attività del cliente",module,Magento_Sales
Refresh,Aggiorna,module,Magento_Sales
Item,Oggetto,module,Magento_Sales
"Add To Order","Aggiungere all'ordine",module,Magento_Sales
"Configure and Add to Order","Configura e aggiungi all'ordine",module,Magento_Sales
"No items","Nessun elemento",module,Magento_Sales
"Append Comments","Aggiungi commenti",module,Magento_Sales
"Email Order Confirmation","Email di conferma ordine",module,Magento_Sales
"Grand Total Excl. Tax","Totale Complessivo escl. Tasse",module,Magento_Sales
"Grand Total Incl. Tax","Totale Complessivo incl. Tasse",module,Magento_Sales
"Subtotal (Excl. Tax)","Subtotale (escl. Tasse)",module,Magento_Sales
"Subtotal (Incl. Tax)","Subtotale (incl. Tasse)",module,Magento_Sales
"Payment &amp; Shipping Method","Metodi di pagamento e spedizione",module,Magento_Sales
"Payment Information","Informazioni di pagamento",module,Magento_Sales
"The order was placed using %1.","L'ordine è stato eseguito usando %1.",module,Magento_Sales
"Shipping Information","Informazioni di spedizione",module,Magento_Sales
"Items to Refund","Elementi da Rimborsare",module,Magento_Sales
"Return to Stock","Ritorno a magazzino",module,Magento_Sales
"Qty to Refund","Qty per rimborso",module,Magento_Sales
"Tax Amount","Importo tasse",module,Magento_Sales
"Discount Amount","Sconto quantità",module,Magento_Sales
"Row Total","Totale riga",module,Magento_Sales
"No Items To Refund","Nessun elemento per il rimborso",module,Magento_Sales
"Credit Memo Comments","Commenti nota di credito",module,Magento_Sales
"Refund Totals","Rimborso totale",module,Magento_Sales
"Email Copy of Credit Memo","Copia email della nota di credito",module,Magento_Sales
"Please enter a positive number in this field.","Inserisci un numero positivo in questo campo.",module,Magento_Sales
"Items Refunded","Elementi rimborsati",module,Magento_Sales
"No Items","Nessun Elemento",module,Magento_Sales
"Memo Total","Totale nota",module,Magento_Sales
"Credit Memo History","Cronologia nota di credito",module,Magento_Sales
"Credit Memo Totals","Totali nota di credito",module,Magento_Sales
"Customer Name: %1","Nome cliente: %1",module,Magento_Sales
"Purchased From: %1","Acquistato da: %1",module,Magento_Sales
"Gift Message","Messaggio regalo",module,Magento_Sales
From:,Da:,module,Magento_Sales
To:,A:,module,Magento_Sales
Message:,Messaggio:,module,Magento_Sales
"Shipping &amp; Handling","Spedizione e gestione",module,Magento_Sales
"Gift Options","Opzioni regalo",module,Magento_Sales
"Create Shipment","Crea spedizione",module,Magento_Sales
"Invoice and shipment types do not match for some items on this order. You can create a shipment only after creating the invoice.","Tipi di fattura e di spedizione non corrispondono per alcuni articoli su questo ordine. È possibile creare una spedizione solo dopo la creazione della fattura.",module,Magento_Sales
"Qty to Invoice","Qtà per fattura",module,Magento_Sales
"Invoice History","Cronologia fatture",module,Magento_Sales
"Invoice Comments","Commenti fattura",module,Magento_Sales
"Invoice Totals","Totali fatture",module,Magento_Sales
Amount,Importo,module,Magento_Sales
"Capture Online","Acquisizione Online",module,Magento_Sales
"Capture Offline","Acquisizione offline",module,Magento_Sales
"Not Capture","Non acquisito",module,Magento_Sales
"The invoice will be created offline without the payment gateway.","La fattura verrà creata offline senza il gateway di pagamento.",module,Magento_Sales
"Email Copy of Invoice","Copia email della fattura",module,Magento_Sales
"Items Invoiced","Articoli fatturati",module,Magento_Sales
"Total Tax","Totale tasse",module,Magento_Sales
"From Name","Dal nome",module,Magento_Sales
"To Name","Al nome",module,Magento_Sales
Comment,Commento,module,Magento_Sales
"Notification Not Applicable","Notifica non applicabile",module,Magento_Sales
"Order & Account Information","Informazioni Ordine e Account",module,Magento_Sales
"The order confirmation email was sent","L'email di conferma ordine è stata inviata",module,Magento_Sales
"The order confirmation email is not sent","L'email di conferma ordine non è stata inviata",module,Magento_Sales
"Order Date","Data ordine",module,Magento_Sales
"Order Date (%1)","Data ordine (%1)",module,Magento_Sales
"Purchased From","Acquistato da",module,Magento_Sales
"Link to the New Order","Collegamento al nuovo ordine",module,Magento_Sales
"Link to the Previous Order","Collegamento all'ordine precedente",module,Magento_Sales
"Placed from IP","Inserito da IP",module,Magento_Sales
"%1 / %2 rate:","%1 / tasso di %2:",module,Magento_Sales
"Customer Name","Nome cliente",module,Magento_Sales
"Customer Group","Gruppo clienti",module,Magento_Sales
"Notes for this Order","Note per questo ordine",module,Magento_Sales
"Comment added","Commento aggiunto",module,Magento_Sales
"Transaction Data","Dati transazione",module,Magento_Sales
"Transaction ID","ID Transazione",module,Magento_Sales
"Parent Transaction ID","ID transazione genitore",module,Magento_Sales
"Order ID","ID ordine",module,Magento_Sales
"Transaction Type","Tipo di Transazione",module,Magento_Sales
"Is Closed","È chiuso",module,Magento_Sales
"Created At","Creato il",module,Magento_Sales
"Child Transactions","Transazioni figli",module,Magento_Sales
"Transaction Details","Dettagli della transazione",module,Magento_Sales
Items,Elementi,module,Magento_Sales
"Gift Message for this Order","Messaggio regalo per questo ordine",module,Magento_Sales
"Shipped By","Spedito da",module,Magento_Sales
"Tracking Number","Numero di tracciamento",module,Magento_Sales
"Billing Last Name","Cognome di fatturazione",module,Magento_Sales
"Find Order By","Trovare l'ordine per",module,Magento_Sales
"ZIP Code",CAP,module,Magento_Sales
"Billing ZIP Code","CAP di fatturazione",module,Magento_Sales
Continue,Continua,module,Magento_Sales
"Print All Refunds","Stampa tutti i rimborsi",module,Magento_Sales
"Refund #","Rimborso #",module,Magento_Sales
"Print Refund","Stampa rimborso",module,Magento_Sales
"Product Name","Nome prodotto",module,Magento_Sales
"Order #","Ordine #",module,Magento_Sales
Date,Data,module,Magento_Sales
"Ship To","Spedisci A",module,Magento_Sales
Actions,Azioni,module,Magento_Sales
"View Order","Visualizza ordine",module,Magento_Sales
"You have placed no orders.","Non è stato inserito nessun ordine.",module,Magento_Sales
"No shipping information available","Nessuna informazione di spedizione disponibile",module,Magento_Sales
"Print Order","Stampa Ordine",module,Magento_Sales
"Print All Invoices","Stampa tutte le fatture",module,Magento_Sales
"Invoice #","Fattura #",module,Magento_Sales
"Print Invoice","Stampa Fattura",module,Magento_Sales
"Qty Invoiced","Qtà fatturata",module,Magento_Sales
Close,Chiudi,module,Magento_Sales
"About Your Order","Informazioni sul tuo ordine",module,Magento_Sales
"<span class=""label"">Order Date:</span> %1","<span class=""label""> Data ordine:</span> %1",module,Magento_Sales
"Refund #%1","Rimborso #%1",module,Magento_Sales
"Shipment #%1","Spedizione #%1",module,Magento_Sales
"Qty Shipped","Qty spediti",module,Magento_Sales
"Recent Orders","Ordini recenti",module,Magento_Sales
"View All","Mostra tutti",module,Magento_Sales
"Gift Message for This Order","Messaggio regalo per questo ordine",module,Magento_Sales
"Recently Ordered","Recentemente ordinati",module,Magento_Sales
"Add to Cart","Aggiungi al Carrello",module,Magento_Sales
Search,Cerca,module,Magento_Sales
"Search Term","Termine di ricerca",module,Magento_Search
Results,Risultati,module,Magento_Search
Uses,Utilizzi,module,Magento_Search
"Search Terms","Termini di ricerca",module,Magento_Search
"Search Synonyms","Cerca sinonimi",module,Magento_Search
"New Synonym Group","Nuovo gruppo sinonimi",module,Magento_Search
Back,Indietro,module,Magento_Search
"Delete Synonym Group","Elimina gruppo sinonimi",module,Magento_Search
"Are you sure you want to delete this synonym group?","Sei sicuro di voler eliminare questo gruppo di sinonimi?",module,Magento_Search
"Save and Continue Edit","Salva e continua modifica",module,Magento_Search
"Save Synonym Group","Salva il gruppo di sinonimi",module,Magento_Search
Search,Cerca,module,Magento_Search
"Add New Search Term","Aggiungi nuovo termine di ricerca",module,Magento_Search
"Save Search","Salva ricerca",module,Magento_Search
"Delete Search","Elimina ricerca",module,Magento_Search
"Edit Search '%1'","Modifica ricerca '%1'",module,Magento_Search
"New Search","Nuova ricerca",module,Magento_Search
"Search Information","Ricerca informazioni",module,Magento_Search
"General Information","Informazioni Generali",module,Magento_Search
Yes,Sì,module,Magento_Search
"Search Query","Query di ricerca",module,Magento_Search
Store,Negozio,module,Magento_Search
"Number of results","Numero di risultati",module,Magento_Search
"Number of results (For the last time placed)","Numero di risultati (per ultimo inserito)",module,Magento_Search
"For the last time placed.","Per l'ultimo eseguito.",module,Magento_Search
"Number of Uses","Numero di utilizzi",module,Magento_Search
"Redirect URL","URL di Reindirizzamento",module,Magento_Search
"ex. http://domain.com","es. http://dominio.com",module,Magento_Search
"Display in Suggested Terms","Mostra nei termini suggeriti",module,Magento_Search
"The synonym group has been deleted.","Il gruppo di sinonimi è stato eliminato.",module,Magento_Search
"An error was encountered while performing delete operation.","Si è verificato un errore durante l'eliminazione.",module,Magento_Search
"We can't find a synonym group to delete.","Non è possibile trovare un gruppo di sinonimi da eliminare.",module,Magento_Search
"This synonyms group no longer exists.","Questo gruppo di sinonimi non esiste più.",module,Magento_Search
"Edit Synonym Group","Modifica gruppo sinonimi",module,Magento_Search
"Synonym Group","Gruppo di sinonimi",module,Magento_Search
"Failed to delete %1 synonym group(s).","Impossibile eliminare %1 gruppo sinonimo(i).",module,Magento_Search
"A total of %1 synonym group(s) have been deleted.","Il totale di %1 sinonimo gruppo(i) cancellato(i).",module,Magento_Search
"Search synonyms are not supported by the %1 search engine. Any synonyms you enter won't be used.","Cerca sinonimi non sono supportati dal motore di ricerca %1. Qualsiasi sinonimo inserirai non sarà usato.",module,Magento_Search
"This synonym group no longer exists.","Questo gruppo sinonimo non esiste più.",module,Magento_Search
"You saved the synonym group.","Hai salvato il gruppo sinonimo.",module,Magento_Search
"The terms you entered, (%1), belong to 1 existing synonym group, %2. Select the ""Merge existing synonyms"" checkbox so the terms can be merged.","I termini inseriti, (%1), appartengono a un gruppo di sinonimi esistenti, %2. Selezionare l'opzione ""Unisci i sinonimi esistenti"" in modo che i termini possono essere uniti.",module,Magento_Search
"The terms you entered, (%1), belong to %2 existing synonym groups, %3 and %4. Select the ""Merge existing synonyms"" checkbox so the terms can be merged.","I termini inseriti, (%1), appartengono a %2 gruppi di sinonimi esistenti, %3 e %4. Selezionare l'opzione ""Unisci i sinonimi esistenti"" per unire i termini.",module,Magento_Search
"You deleted the search.","Hai eliminato la ricerca.",module,Magento_Search
"We can't find a search term to delete.","Non è possibile trovare un termine di ricerca da eliminare.",module,Magento_Search
"This search no longer exists.","Questa ricerca non esiste più.",module,Magento_Search
"Edit Search","Modifica ricerca",module,Magento_Search
"Please select searches.","Seleziona ricerche.",module,Magento_Search
"Total of %1 record(s) were deleted.","Un totale di %1 record sono stati eliminati.",module,Magento_Search
"Search Terms Report","Report termini di ricerca",module,Magento_Search
"You saved the search term.","Hai salvato il termine di ricerca.",module,Magento_Search
"Something went wrong while saving the search query.","Qualcosa è andato storto durante il salvataggio della query di ricerca.",module,Magento_Search
"You already have an identical search term query.","Hai già una query di ricerca identica.",module,Magento_Search
"Your search query can't be longer than %1, so we shortened your query.","La tua query di ricerca non può essere più lunga di %1, così è stata accorciata la query.",module,Magento_Search
"Synonym group with id %1 cannot be deleted. %2","Sinonimi gruppo con id %1 non può essere cancellato. %2",module,Magento_Search
"Merge conflict with existing synonym group(s): %1","Conflitto di unione con esistente sinonimo groppo(i): %1",module,Magento_Search
"All Websites","Tutti i Website",module,Magento_Search
"All Store Views","Tutte le viste negozio",module,Magento_Search
Delete,Elimina,module,Magento_Search
"Are you sure you want to delete synonym group with id: %1?","Sei sicuro di voler cancellare sinonimi groppo con id: %1?",module,Magento_Search
View/Edit,Visualizza/modifica,module,Magento_Search
"Search entire store here...","Cerca nell'intero negozio...",module,Magento_Search
"There are no search terms available.","Non ci sono termini di ricerca disponibili.",module,Magento_Search
"Account Activity","Attività dell'account",module,Magento_Security
"All other open sessions for this account were terminated.","Tutte le altre sessioni aperte per questo account sono state terminate.",module,Magento_Security
"We couldn't logout because of an error.","Logout non riuscito a causa di un errore.",module,Magento_Security
"Someone logged into this account from another device or browser. Your current session is terminated.","Qualcun altro si è connesso a questo account da un'altra periferica o browser. La tua sessione corrente è stata terminata.",module,Magento_Security
"Your current session is terminated by another user of this account.","La tua sessione corrente è stata terminata da un altro utente di questo account.",module,Magento_Security
"Your account is temporarily disabled.","Il tuo account è temporaneamente disabilitato.",module,Magento_Security
"Your current session has been expired.","La tua sessione corrente è scaduta.",module,Magento_Security
"By IP and Email","Tramite IP ed Email",module,Magento_Security
"By IP","Tramite IP",module,Magento_Security
"By Email","Tramite Email",module,Magento_Security
None,Nessuno,module,Magento_Security
"Too many password reset requests. Please wait and try again or contact %1.","Troppe richieste di reimpostazione della password. Attendere e riprovare o contattare %1.",module,Magento_Security
"Incorrect Security Checker class. It has to implement SecurityCheckerInterface","Classe Security Checker non corretta. Deve implementare SecurityCheckerInterface",module,Magento_Security
"some error","qualche errore",module,Magento_Security
"This administrator account is open in more than one location. Note that other locations might be different browsers or sessions on the same computer.","Questo account di amministratore è aperto in più posizioni. Notare che altre posizioni potrebbero essere diversi browser o sessioni sullo stesso computer.",module,Magento_Security
"Concurrent session information:","Informazioni sulle sessioni simultanee:",module,Magento_Security
"IP Address","Indirizzo IP",module,Magento_Security
"Time of session start","Ora di inizio di sessione",module,Magento_Security
"Are you sure that you want to log out all other sessions?","Sei sicuro di uscire da tutte le altre sessioni?",module,Magento_Security
"Log out all other sessions","Esci da tutte le altre sessioni",module,Magento_Security
"This computer is using IP address %1.","Questo computer utilizza l'indirizzo IP %1.",module,Magento_Security
"Page not found.","Pagina non trovata.",module,Magento_SendFriend
"You can't send messages more than %1 times an hour.","Non è possibile inviare messaggi più di %1 volte in un'ora.",module,Magento_SendFriend
"The link to a friend was sent.","Il link di invio all'amico è stato inviato.",module,Magento_SendFriend
"We found some problems with the data.","Sono stati trovati alcuni problemi con i dati.",module,Magento_SendFriend
"Some emails were not sent.","Alcuni messaggi non sono stati inviati.",module,Magento_SendFriend
"You've met your limit of %1 sends in an hour.","Hai incontrato il limite di %1 invii in un'ora.",module,Magento_SendFriend
"Please enter a sender name.","Inserisci un nome mittente.",module,Magento_SendFriend
"Invalid Sender Email","Email mittente non valido",module,Magento_SendFriend
"Please enter a message.","Inserisci un messaggio.",module,Magento_SendFriend
"Please specify at least one recipient.","Specifica almeno un destinatario.",module,Magento_SendFriend
"Please enter a correct recipient email address.","Inserisci un indirizzo email del destinatario corretto.",module,Magento_SendFriend
"No more than %1 emails can be sent at a time.","Non possono essere inviati più di %1 email alla volta.",module,Magento_SendFriend
"Please define a correct product instance.","Definisci un'istanza di prodotto corretta.",module,Magento_SendFriend
"Invalid Sender Information","Informazioni mittente non validi",module,Magento_SendFriend
"Please define the correct sender information.","Definisci le informazioni del mittente corrette.",module,Magento_SendFriend
"IP Address","Indirizzo IP",module,Magento_SendFriend
"Cookie (unsafe)","Cookie (non sicuro)",module,Magento_SendFriend
"No Product Exception.","Nessuna eccezione prodotto.",module,Magento_SendFriend
"No Category Exception.","Nessuna eccezione categoria.",module,Magento_SendFriend
"Some error","Qualche errore",module,Magento_SendFriend
"Localized Exception.","Eccezione localizzazione.",module,Magento_SendFriend
Exception.,Eccezione.,module,Magento_SendFriend
"Remove Recipent","Rimuovere destinatario",module,Magento_SendFriend
Remove,Elimina,module,Magento_SendFriend
Name,Nome,module,Magento_SendFriend
"* Required Fields","* Campi obbligatori",module,Magento_SendFriend
Sender,Mittente,module,Magento_SendFriend
Message,Messaggio,module,Magento_SendFriend
Invitee,Invitato,module,Magento_SendFriend
"Maximum %1 email addresses allowed.","%1 indirizzi email massimi consentiti.",module,Magento_SendFriend
"Add Invitee","Aggiungi invitati",module,Magento_SendFriend
"Send Email","Invia email",module,Magento_SendFriend
Back,Indietro,module,Magento_SendFriend
"New Shipment for Order #%1","Nuova spedizione per l'ordine #%1",module,Magento_Shipping
"Submit Shipment","Invia spedizione",module,Magento_Shipping
"You are trying to add a quantity for some products that doesn't match the quantity that was shipped.","Stai tentando di aggiungere una quantità per alcuni prodotti che non corrisponde alla quantità che è stata spedita.",module,Magento_Shipping
"Products should be added to package(s)","I prodotti dovrebbero essere aggiunti ai pacchetti",module,Magento_Shipping
"The value that you entered is not valid.","Il valore immesso non è valido.",module,Magento_Shipping
"Add Tracking Number","Aggiungi il numero di tracciamento",module,Magento_Shipping
"Custom Value","Valore Personalizzato",module,Magento_Shipping
Add,Aggiungi,module,Magento_Shipping
"Send Tracking Information","Invia informazioni di tracciamento",module,Magento_Shipping
"Are you sure you want to send a Shipment email to customer?","Sei sicuro di voler inviare una email di spedizione al cliente?",module,Magento_Shipping
Print,Stampa,module,Magento_Shipping
"the shipment email was sent","l'email di spedizione è stata inviata",module,Magento_Shipping
"the shipment email is not sent","l'email di spedizione non è stata inviata",module,Magento_Shipping
"Shipment #%1 | %3 (%2)","Spedizione #%1 | %3 (%2)",module,Magento_Shipping
"Create Shipping Label...","Crea etichetta di spedizione...",module,Magento_Shipping
"Print Shipping Label","Stampa etichette di spedizione",module,Magento_Shipping
"Show Packages","Visualizza pacchetti",module,Magento_Shipping
"About Your Shipment","Informazioni sulla spedizione",module,Magento_Shipping
"Order # %1","Ordine # %1",module,Magento_Shipping
"Back to My Orders","Torna ai miei ordini",module,Magento_Shipping
"View Another Order","Mostra un altro ordine",module,Magento_Shipping
"Please enter a comment.","Inserisci un commento.",module,Magento_Shipping
"Cannot add new comment.","Non è possibile aggiungere un nuovo commento.",module,Magento_Shipping
"Please specify a carrier.","Specifica un vettore.",module,Magento_Shipping
"Please enter a tracking number.","Inserisci un numero di tracciamento.",module,Magento_Shipping
Shipments,Spedizioni,module,Magento_Shipping
"We can't initialize shipment for adding tracking number.","Non è possibile inizializzare la spedizione per aggiungere il numero di tracciamento.",module,Magento_Shipping
"Cannot add tracking number.","Eccezione localizzata.",module,Magento_Shipping
"You created the shipping label.","Hai creato un'etichetta di spedizione.",module,Magento_Shipping
"An error occurred while creating shipping label.","Errore durante la creazione dell'etichetta di spedizione.",module,Magento_Shipping
"You sent the shipment.","Hai inviato la spedizione.",module,Magento_Shipping
"Cannot send shipment information.","Non è possibile inviare informazioni sulla spedizione.",module,Magento_Shipping
"There are no shipping labels related to selected orders.","Non sono presenti etichette di spedizione correlate agli ordini selezionati.",module,Magento_Shipping
"New Shipment","Nuova spedizione",module,Magento_Shipping
"We don't recognize or support the file extension in this shipment: %1.","Non è possibile riconoscere o non supporta l'estensione del file in questa spedizione: %1.",module,Magento_Shipping
"We can't initialize shipment for delete tracking number.","Non è possibile inizializzare la spedizione per eliminare il numero di tracciamento.",module,Magento_Shipping
"We can't delete tracking number.","Non è possibile eliminare numero di tracciamento.",module,Magento_Shipping
"We can't load track with retrieving identifier right now.","Non è possibile caricare il tracciamento con l'identificatore recuperato in questo momento.",module,Magento_Shipping
"We can't save the shipment right now.","Al momento è impossibile salvare il segmento.",module,Magento_Shipping
"The shipment has been created.","La spedizione è stata creata.",module,Magento_Shipping
"Cannot save shipment.","Non è possibile salvare la spedizione.",module,Magento_Shipping
"The order no longer exists.","L'ordine non esiste più.",module,Magento_Shipping
"Cannot do shipment for the order separately from invoice.","Non è possibile effettuare la spedizione per l'ordine separatamente dalla fattura.",module,Magento_Shipping
"Cannot do shipment for the order.","Non è possibile effettuare la spedizione per l'ordine.",module,Magento_Shipping
"There are no shipping labels related to selected shipments.","Non sono presenti etichette di spedizione correlate alle spedizioni selezionate.",module,Magento_Shipping
"Page not found.","Pagina non trovata.",module,Magento_Shipping
"Tracking Information","Informazioni di tracciamento",module,Magento_Shipping
"Sorry, but we can't deliver to the destination country with this shipping module.","Spiacente ma non è possibile spedire verso il paese di destinazione con questo modulo di spedizione.",module,Magento_Shipping
"The shipping module is not available.","Il modulo di spedizione non è disponibile.",module,Magento_Shipping
"This shipping method is not available. Please specify the zip code.","Questo metodo di spedizione non è disponibile. Specifica un cap.",module,Magento_Shipping
"No packages for request","Nessun pacco per la richiesta",module,Magento_Shipping
"Security validation of XML document has been failed.","La validazione di sicurezza del documento XML non è riuscita.",module,Magento_Shipping
"All Allowed Countries","Tutti i paesi permessi",module,Magento_Shipping
"Specific Countries","Paesi specifici",module,Magento_Shipping
Development,Sviluppo,module,Magento_Shipping
"Divide to equal weight (one request)","Dividi a parità di peso (una richiesta)",module,Magento_Shipping
"Use origin weight (few requests)","Usa peso origine (poche richieste)",module,Magento_Shipping
Packages,Pacchetti,module,Magento_Shipping
Package,Pacchetto,module,Magento_Shipping
Type,Tipo,module,Magento_Shipping
Length,Lunghezza,module,Magento_Shipping
"Signature Confirmation","Firma per ricevuta",module,Magento_Shipping
"Customs Value","Valore Personalizzato",module,Magento_Shipping
Width,Larghezza,module,Magento_Shipping
Contents,Contenuti,module,Magento_Shipping
"Total Weight","Peso totale",module,Magento_Shipping
Height,Altezza,module,Magento_Shipping
Size,Dimensione,module,Magento_Shipping
Girth,Circonferenza,module,Magento_Shipping
"Items in the Package","Elementi nel pacchetto",module,Magento_Shipping
Product,Prodotto,module,Magento_Shipping
Weight,Peso,module,Magento_Shipping
"Qty Ordered","Qtà ordinata",module,Magento_Shipping
Qty,Qtà,module,Magento_Shipping
"No detail for number ""%1""","Nessun dettaglio per il numero ""%1""",module,Magento_Shipping
"Shipping labels is not available.","Le etichette di spedizione non sono disponibili.",module,Magento_Shipping
"Response info is not exist.","Informazione di risposta non esistente.",module,Magento_Shipping
"Invalid carrier: %1","Vettore non valido: %1",module,Magento_Shipping
"We don't have enough information to create shipping labels. Please make sure your store information and settings are complete.","Non ci sono sufficienti informazioni per creare le etichette di spedizione. Assicurati che le informazioni e le impostazioni del negozio siano complete.",module,Magento_Shipping
"Per Order","Per ordine",module,Magento_Shipping
"Per Package","Per ogni pacchetto",module,Magento_Shipping
Fixed,Fisso,module,Magento_Shipping
Percent,Percentuale,module,Magento_Shipping
"Tracking information is unavailable.","Informazioni di tracciamento non disponibili.",module,Magento_Shipping
message,messaggio,module,Magento_Shipping
"Email has not been sent","L'email non è stata inviata",module,Magento_Shipping
"Payment &amp; Shipping Method","Metodi di pagamento e spedizione",module,Magento_Shipping
"Payment Information","Informazioni di pagamento",module,Magento_Shipping
"The order was placed using %1.","L'ordine è stato eseguito usando %1.",module,Magento_Shipping
"Shipping Information","Informazioni di spedizione",module,Magento_Shipping
"Total Shipping Charges","Totale spese di spedizione",module,Magento_Shipping
"Incl. Tax","Tasse incl.",module,Magento_Shipping
"Items to Ship","Articoli da spedire",module,Magento_Shipping
"Qty to Ship","Qtà da spedire",module,Magento_Shipping
Ship,Spedisci,module,Magento_Shipping
"Shipment Total","Totale spedizione",module,Magento_Shipping
"Shipment Comments","Commenti spedizione",module,Magento_Shipping
"Comment Text","Testo del commento",module,Magento_Shipping
"Shipment Options","Opzioni di spedizione",module,Magento_Shipping
"Create Shipping Label","Crea etichetta di spedizione",module,Magento_Shipping
"Append Comments","Aggiungi commenti",module,Magento_Shipping
"Email Copy of Shipment","Copia email della spedizione",module,Magento_Shipping
"Invalid value(s) for Qty to Ship","Valori non validi per quantità da spedire",module,Magento_Shipping
"Select All","Seleziona tutto",module,Magento_Shipping
"Product Name","Nome prodotto",module,Magento_Shipping
Delete,Elimina,module,Magento_Shipping
"Create Packages","Crea pacchetti",module,Magento_Shipping
Cancel,Annulla,module,Magento_Shipping
Save,Salva,module,Magento_Shipping
"Add Package","Aggiungi il pacchetto",module,Magento_Shipping
"Add Selected Product(s) to Package","Aggiungi prodotti selezionati al pacchetto",module,Magento_Shipping
"Add Products to Package","Aggiungere prodotti a pacchetto",module,Magento_Shipping
"Delete Package","Elimina il pacchetto",module,Magento_Shipping
Explanation,Spiegazione,module,Magento_Shipping
Carrier,Vettore,module,Magento_Shipping
Title,Titolo,module,Magento_Shipping
Number,Numero,module,Magento_Shipping
Action,Azione,module,Magento_Shipping
"Are you sure?","Sei sicuro?",module,Magento_Shipping
"Shipping &amp; Handling Information","Spedizione &amp; informazioni di gestione",module,Magento_Shipping
"Track Order","Traccia l'ordine",module,Magento_Shipping
"No shipping information available","Nessuna informazione di spedizione disponibile",module,Magento_Shipping
"Shipping and Tracking Information","Informazioni di spedizione e di tracciamento",module,Magento_Shipping
"Track this shipment","Rintraccia la spedizione",module,Magento_Shipping
"Items Shipped","Articoli spediti",module,Magento_Shipping
"Order Total","Totale ordine",module,Magento_Shipping
"Shipment History","Cronologia delle spedizioni",module,Magento_Shipping
"Qty Shipped","Qty spediti",module,Magento_Shipping
"Print All Shipments","Stampare tutte le spedizioni",module,Magento_Shipping
"Shipment #","Spedizione #",module,Magento_Shipping
"Print Shipment","Stampa spedizione",module,Magento_Shipping
"Tracking Number(s):","Numero(i) di tracciamento:",module,Magento_Shipping
"Order tracking","Tracciamento ordine",module,Magento_Shipping
"Tracking Number:","Numero di tracciamento:",module,Magento_Shipping
Carrier:,Vettore:,module,Magento_Shipping
Error:,Errore:,module,Magento_Shipping
"contact us",contattaci,module,Magento_Shipping
Track:,Traccia:,module,Magento_Shipping
"Delivered on:","Consegnato il:",module,Magento_Shipping
N/A,N/D,module,Magento_Shipping
"There is no tracking available for this shipment.","Non esiste nessun tracciamento disponibile per questa spedizione.",module,Magento_Shipping
"There is no tracking available.","Non c'è nessun tracciamento disponibile.",module,Magento_Shipping
"Close Window","Chiudi finestra",module,Magento_Shipping
"Track history","Cronologia tracciamento",module,Magento_Shipping
Date,Data,module,Magento_Shipping
"Local Time","Ora locale",module,Magento_Shipping
Description,Descrizione,module,Magento_Shipping
"Save & Generate","Salva e Genera",module,Magento_Sitemap
"Edit Sitemap","Modifica Sitemap",module,Magento_Sitemap
"New Sitemap","Nuova sitemap",module,Magento_Sitemap
"Sitemap Information","Informazioni sitemap",module,Magento_Sitemap
Filename,"Nome file",module,Magento_Sitemap
"example: sitemap.xml","esempio: sitemap.xml",module,Magento_Sitemap
Path,Percorso,module,Magento_Sitemap
"example: ""/sitemap/"" or ""/"" for base path (path must be writeable)","esempio: ""/sitemap/"" o ""/"" per il percorso base (il percorso deve essere scrivibile)",module,Magento_Sitemap
"Store View","Vista Negozio",module,Magento_Sitemap
Generate,Genera,module,Magento_Sitemap
"XML Sitemap","Sitemap XML",module,Magento_Sitemap
"Add Sitemap","Aggiungi sitemap",module,Magento_Sitemap
Catalog,Catalogo,module,Magento_Sitemap
"You deleted the sitemap.","Hai eliminato la sitemap.",module,Magento_Sitemap
"We can't find a sitemap to delete.","Non è possibile trovare una sitemap da eliminare.",module,Magento_Sitemap
"This sitemap no longer exists.","Questa sitemap non esiste più.",module,Magento_Sitemap
"New Site Map","Nuova sitemap",module,Magento_Sitemap
"The sitemap ""%1"" has been generated.","La sistemap ""%1"" è stata generata.",module,Magento_Sitemap
"We can't generate the sitemap right now.","Non è possibile generare la sitemap in questo momento.",module,Magento_Sitemap
"We can't find a sitemap to generate.","Non è possibile trovare la sitemap da generare.",module,Magento_Sitemap
"You saved the sitemap.","Hai salvato la sitemap.",module,Magento_Sitemap
"The priority must be between 0 and 1.","La priorità deve essere compresa tra 0 e 1.",module,Magento_Sitemap
Always,Sempre,module,Magento_Sitemap
Hourly,Oraria,module,Magento_Sitemap
Daily,Giornalmente,module,Magento_Sitemap
Weekly,Settimanalmente,module,Magento_Sitemap
Monthly,Mensilmente,module,Magento_Sitemap
Yearly,Annuale,module,Magento_Sitemap
Never,Mai,module,Magento_Sitemap
"File handler unreachable","Gestore file non raggiungibile",module,Magento_Sitemap
"Please define a correct path.","Definisci un percorso corretto.",module,Magento_Sitemap
"Please create the specified folder ""%1"" before saving the sitemap.","Crea una specifica cartella ""%1"" prima di salvare la sitemap.",module,Magento_Sitemap
"Please make sure that ""%1"" is writable by the web-server.","Assicurati che ""%1"" sia scrivibile dal server web.",module,Magento_Sitemap
"Please use only letters (a-z or A-Z), numbers (0-9) or underscores (_) in the filename. No spaces or other characters are allowed.","Utilizza solo lettere (a-z o A-Z), numeri (0-9) o underscore (_) nel nome file. Non sono consentiti spazi o altri caratteri.",module,Magento_Sitemap
None,Nessuno,module,Magento_Sitemap
"Base Only","Solo Base",module,Magento_Sitemap
All,Tutti,module,Magento_Sitemap
"Invalid store parameter.","Parametro negozio non valido.",module,Magento_Store
"Current store is not active.","Il negozio corrente non è attivo.",module,Magento_Store
"Requested store is inactive","Lo store richiesto è inattivo",module,Magento_Store
"Requested store is not found","Lo store richiesto non è stato trovato",module,Magento_Store
"Environment emulation nesting is not allowed.","Annidamento ambienti di simulazione non consentito.",module,Magento_Store
"Invalid scope object","Oggetto ambito non valido",module,Magento_Store
"Store with the same code","Negozio con lo stesso codice",module,Magento_Store
"Website with the same code","Website con lo stesso codice",module,Magento_Store
"Website code may only contain letters (a-z), numbers (0-9) or underscore (_), and the first character must be a letter.","Il codice per il sito web può contenere solo lettere (a-z), numeri (0-9) o underscore (_),' ' e il primo carattere deve essere una lettera.",module,Magento_Store
"Name is required","Il nome è obbligatorio",module,Magento_Store
"The store code may contain only letters (a-z), numbers (0-9) or underscore (_), and the first character must be a letter.","Il codice negozio può contenere solo lettere (a-z), numeri (0-9) o underscore (_), e il primo carattere deve essere una lettera.",module,Magento_Store
"Store is inactive","Lo store è inattivo",module,Magento_Store
"Default store is inactive","Il negozio predefinito è inattivo",module,Magento_Store
"All Store Views","Tutte le Viste Negozio",module,Magento_Store
"-- Please Select --","-- Seleziona --",module,Magento_Store
"Default website is not defined","Il website predefinito non è definito",module,Magento_Store
"More than one default website is defined","È definito più di un website predefinito",module,Magento_Store
"no such entity exception","nessuna eccezione  entità",module,Magento_Store
"Your Language:","La tua lingua:",module,Magento_Store
"Your Language","La tua lingua",module,Magento_Store
Language,Lingua,module,Magento_Store
"Select Store","Seleziona negozio",module,Magento_Store
"Admin is a required field in the each row","Admin è un campo obbligatorio in ogni riga",module,Magento_Swatches
"Update Product Preview Image","Aggiorna Immagine anteprima prodotto",module,Magento_Swatches
"Filtering by this attribute will update the product image on catalog page","Filtrando per questo attributo aggiornerà l'immagine del prodotto nella pagina catalogo",module,Magento_Swatches
"Use Product Image for Swatch if Possible","Usa l'immagine di prodotto per le anteprime di selezione se possibile",module,Magento_Swatches
"Allows use fallback logic for replacing swatch image with product swatch or base image","Permetti di usare la logica di fallback per sostituire le immagini di anteprima di selezione con le anteprime di selezione del prodotto o l'immagine principale",module,Magento_Swatches
"Visual Swatch","Anteprima di selezione visuale",module,Magento_Swatches
"Text Swatch","Anteprima di selezione testuale",module,Magento_Swatches
"Manage Swatch (Values of Your Attribute)","Gestisci anteprima di selezione (valori del tuo attributo)",module,Magento_Swatches
"Is Default","È predefinito",module,Magento_Swatches
Swatch,"Anteprima di selezione",module,Magento_Swatches
"Add Swatch","Aggiungi anteprima di selezione",module,Magento_Swatches
"Sort Option","Opzioni di ordinamento",module,Magento_Swatches
Delete,Elimina,module,Magento_Swatches
"The value of Admin must be unique.","Il valore di Admin deve essere univoco.",module,Magento_Swatches
"Choose a color","Scegli un colore",module,Magento_Swatches
"Upload a file","Carica un file",module,Magento_Swatches
Clear,Cancella,module,Magento_Swatches
"Step 2: Attribute Values","Passo 2: Valori attributo",module,Magento_Swatches
"Select from the following attribute values for this product. Each unique combination of values creates a unique product SKU.","Selezionare tra i seguenti valori gli attributi per questo prodotto. Ogni combinazione univoca di valori consente di creare un unico codice SKU.",module,Magento_Swatches
"Sort Variations","Ordina varianti",module,Magento_Swatches
Options,Opzioni,module,Magento_Swatches
"Select All","Seleziona tutto",module,Magento_Swatches
"Deselect All","Deseleziona tutto",module,Magento_Swatches
"Remove Attribute","Rimuovi attributo",module,Magento_Swatches
"Save Option","Salva opzione",module,Magento_Swatches
"Remove Option","Rimuovi opzione",module,Magento_Swatches
"Create New Value","Crea un nuovo valore",module,Magento_Swatches
Code,Codice,module,Magento_TaxImportExport
Country,Paese,module,Magento_TaxImportExport
State,Stato,module,Magento_TaxImportExport
"Zip/Post Code","Codice Cap",module,Magento_TaxImportExport
Rate,Aliquota,module,Magento_TaxImportExport
"Zip/Post is Range","Cap è un intervallo",module,Magento_TaxImportExport
"Range From","Intervallo da",module,Magento_TaxImportExport
"Range To","Intervallo a",module,Magento_TaxImportExport
"Tax Zones and Rates","Zone e aliquote fiscali",module,Magento_TaxImportExport
"Import and Export Tax Rates","Importa ed esporta aliquote fiscali",module,Magento_TaxImportExport
"The tax rate has been imported.","L'aliquota fiscale è stata importata.",module,Magento_TaxImportExport
"Invalid file upload attempt","Tentativo di caricamento file non valido",module,Magento_TaxImportExport
"Invalid file upload attempt.","Tentativo di caricamento file non valido.",module,Magento_TaxImportExport
"Invalid file format.","Formato file non valido.",module,Magento_TaxImportExport
"One of the countries has invalid code.","Uno dei paesi ha un codice non valido.",module,Magento_TaxImportExport
"Import Tax Rates","Importa aliquote fiscali",module,Magento_TaxImportExport
"Export Tax Rates","Esporta aliquote fiscali",module,Magento_TaxImportExport
"Tax Rate Information","Informazioni aliquota fiscale",module,Magento_Tax
"Tax Identifier","Identificatore tassa",module,Magento_Tax
"Zip/Post is Range","Intervallo Codice Postale",module,Magento_Tax
"Zip/Post Code","Codice Postale",module,Magento_Tax
"'*' - matches any; 'xyz*' - matches any that begins on 'xyz' and are not longer than %1.","' *'-corrisponde a qualsiasi; 'xyz *' - corrisponde a qualsiasi che inizia con 'xyz' e non sono più lunghi di %1.",module,Magento_Tax
"Range From","Intervallo da",module,Magento_Tax
"Range To","Intervallo a",module,Magento_Tax
State,Stato,module,Magento_Tax
Country,Paese,module,Magento_Tax
"Rate Percent","Aliquota percentuale",module,Magento_Tax
"Tax Titles","Titoli tassa",module,Magento_Tax
"Add New Tax Rate","Aggiungi nuova aliquota fiscale",module,Magento_Tax
Back,Indietro,module,Magento_Tax
"Delete Rate","Elimina aliquota",module,Magento_Tax
"Are you sure you want to do this?","Sei sicuro di voler fare questo?",module,Magento_Tax
"Save Rate","Salva aliquota",module,Magento_Tax
"Manage Tax Rules","Gestisci regole fiscali",module,Magento_Tax
"Add New Tax Rule","Aggiungi nuova regola fiscale",module,Magento_Tax
"Save Rule","Salva regola",module,Magento_Tax
"Delete Rule","Elimina regola",module,Magento_Tax
"Save and Continue Edit","Salva e continua modifica",module,Magento_Tax
"Tax Rule Information","Informazioni aliquota fiscale",module,Magento_Tax
Name,Nome,module,Magento_Tax
"Customer Tax Class","Classe fiscale cliente",module,Magento_Tax
"Product Tax Class","Classe fiscale del prodotto",module,Magento_Tax
"Tax Rate","Aliquota fiscale",module,Magento_Tax
Priority,Priorità,module,Magento_Tax
"Tax rates at the same priority are added, others are compounded.","Aliquote fiscali con la stessa priorità sono stati aggiunti, gli altri sono aggravati.",module,Magento_Tax
"Calculate Off Subtotal Only","Calcola solo fuori dal subtotale",module,Magento_Tax
"Sort Order",Ordinamento,module,Magento_Tax
"Do you really want to delete this tax class?","Sei sicuro di voler eliminare questa classe fiscale?",module,Magento_Tax
"Add New Tax Class","Aggiungi nuova classe fiscale",module,Magento_Tax
"Shipping Incl. Tax (%1)","Spedizione tasse incluse (%1)",module,Magento_Tax
"Shipping Excl. Tax (%1)","Spedizione tasse escluse (%1)",module,Magento_Tax
"Subtotal (Excl.Tax)","Subtotale (escl. Tasse)",module,Magento_Tax
"Subtotal (Incl.Tax)","Subtotale (incl. Tasse)",module,Magento_Tax
"Shipping & Handling (Excl.Tax)","Spedizione e gestione (escl. Tasse)",module,Magento_Tax
"Shipping & Handling (Incl.Tax)","Spedizione e gestione (incl. Tasse)",module,Magento_Tax
"Grand Total (Excl.Tax)","Totale complessivo (Escl. Tasse)",module,Magento_Tax
"Grand Total (Incl.Tax)","Totale complessivo (Incl. Tasse)",module,Magento_Tax
Sales,Vendite,module,Magento_Tax
Tax,Tassa,module,Magento_Tax
"Manage Tax Rates","Gestisci aliquote fiscali",module,Magento_Tax
"New Tax Rate","Nuova aliquota fiscale",module,Magento_Tax
"Tax Zones and Rates","Zone e aliquote fiscali",module,Magento_Tax
"We can't delete this tax rate right now.","Non è possibile eliminare questa aliquota fiscale in questo momento.",module,Magento_Tax
"An error occurred while loading this tax rate.","Errore durante il caricamento di questa aliquota fiscale.",module,Magento_Tax
"We can't save this rate right now.","Non è possibile salvare questo tasso di cambio in questo momento.",module,Magento_Tax
"You deleted the tax rate.","Hai eliminato questa aliquota fiscale.",module,Magento_Tax
"We can't delete this rate because of an incorrect rate ID.","Non è possibile eliminare questa aliquota per un ID aliquota errato.",module,Magento_Tax
"Something went wrong deleting this rate.","Qualcosa è andato storto durante l'eliminazione di questa aliquota.",module,Magento_Tax
"Edit Tax Rate","Modifica aliquota fiscale",module,Magento_Tax
"You saved the tax rate.","Hai salvato l'aliquota fiscale.",module,Magento_Tax
"Tax Rules","Regole fiscali",module,Magento_Tax
"The tax rule has been deleted.","La regola fiscale non può essere eliminata.",module,Magento_Tax
"This rule no longer exists.","Questa regola non esiste più.",module,Magento_Tax
"Something went wrong deleting this tax rule.","Qualcosa è andata storta durante la regola fiscale.",module,Magento_Tax
"New Tax Rule","Nuova regola fiscale",module,Magento_Tax
"Edit Rule","Modifica regola",module,Magento_Tax
"New Rule","Nuova regola",module,Magento_Tax
"You saved the tax rule.","Hai salvato la regola fiscale.",module,Magento_Tax
"We can't save this tax rule right now.","Non è possibile salvare questa regola in questo momento.",module,Magento_Tax
"Invalid name of tax class specified.","Nome della classe fiscale specificata non valido.",module,Magento_Tax
"We can't delete this tax class right now.","Non è possibile eliminare questa classe fiscale in questo momento.",module,Magento_Tax
"We can't save this tax class right now.","Non è possibile salvare questa classe fiscale in questo momento.",module,Magento_Tax
"Make sure all required information is valid.","Assicurati che tutte le informazioni obbligatorie siano corrette.",module,Magento_Tax
"The Rate Percent should be a positive number.","La percentuale aliquota deve essere un numero positivo.",module,Magento_Tax
"Maximum zip code length is 9.","Lunghezza massima codice cap è 9.",module,Magento_Tax
"Use digits only for the zip code.","Per il cap usa solo cifre.",module,Magento_Tax
"Range To should be equal or greater than Range From.","L'intervallo A deve essere uguale o maggiore dell'Intervallo Da.",module,Magento_Tax
"The tax rate cannot be removed. It exists in a tax rule.","L'aliquota fiscale non può essere rimossa. Questa esiste in una regola fiscale.",module,Magento_Tax
"%fieldName is a required field.","%fieldName è un campo obbligatorio.",module,Magento_Tax
"Invalid value of ""%value"" provided for the %fieldName field.","Valore non valido di ""% valore"" fornito per il campo %fieldName.",module,Magento_Tax
"This class no longer exists.","Questa classe non esiste più.",module,Magento_Tax
"You cannot delete this tax class because it is used in Tax Rules. You have to delete the rules it is used in first.","Non è possibile eliminare questa classe fiscale perchè è usata nelle regole fiscali. È necessario eliminare prima le regole in cui è utilizzata.",module,Magento_Tax
"You cannot delete this tax class because it is used in existing %1(s).","Non è possibile eliminare questa classe fiscale perchè è usata in %1 esistenti.",module,Magento_Tax
"Custom price if available","Prezzo personalizzato se disponibile",module,Magento_Tax
"Original price only","Solo prezzo originale",module,Magento_Tax
"Shipping Address","Indirizzo di Spedizione",module,Magento_Tax
"Billing Address","Indirizzo di Fatturazione",module,Magento_Tax
"Shipping Origin","Origine spedizione",module,Magento_Tax
"No (price without tax)","No (prezzo senza tasse)",module,Magento_Tax
"Yes (only price with tax)","Si (solo prezzo con tasse)",module,Magento_Tax
"Both (without and with tax)","Entrambi (con e senza tasse)",module,Magento_Tax
"Invalid attribute %1","Attributo non valido %1",module,Magento_Tax
Code,Codice,module,Magento_Tax
"Invalid type supplied","Tipo fornito non valido",module,Magento_Tax
"Class name and class type","Nome della classe e tipo di classe",module,Magento_Tax
"No such entity with %fieldName = %fieldValue","Nessun entità tale con %fieldName = %fieldValue",module,Magento_Tax
"Grand Total (Excl. Tax)","Totale complessivo (Escl. Tasse)",module,Magento_Tax
"Grand Total (Incl. Tax)","Totale complessivo (Incl. Tasse)",module,Magento_Tax
"Shipping (Excl. Tax)","Spedizione (Escl. tasse)",module,Magento_Tax
"Shipping (Incl. Tax)","Spedizione (Incl. tasse)",module,Magento_Tax
"Subtotal (Excl. Tax)","Subtotale (escl. Tasse)",module,Magento_Tax
"Subtotal (Incl. Tax)","Subtotale (incl. Tasse)",module,Magento_Tax
Subtotal,Subtotale,module,Magento_Tax
"Unit Price","Prezzo unitario",module,Magento_Tax
"Row Total","Totale riga",module,Magento_Tax
Total,Totale,module,Magento_Tax
"Before Discount","Prima dello sconto",module,Magento_Tax
"After Discount","Dopo lo sconto",module,Magento_Tax
"Excluding Tax","Escluse tasse",module,Magento_Tax
"Including Tax","Incluse tasse",module,Magento_Tax
None,Nessuno,module,Magento_Tax
"Including and Excluding Tax","Incluse ed escluse tasse",module,Magento_Tax
"Click on the link to <a href=""%1"">ignore this notification</a>","Clicca sul link per <a href=""%1"">ignorare questa notifica</a>",module,Magento_Tax
"Click here to go to <a href=""%1"">Tax Configuration</a> and change your settings.","Clicca qui per andare alla <a href=""%1"">Configurazione fiscale</a> e modificare le impostazioni.",module,Magento_Tax
"Invalid type of tax class ""%1""","Tipo di classe fiscale non valido ""%1""",module,Magento_Tax
"Updating classType is not allowed.","Aggiornamento classType non permesso.",module,Magento_Tax
"A class with the same name already exists for ClassType %1.","Una classe con lo stesso nome esiste già per la ClassType %1.",module,Magento_Tax
"customer group","gruppo clienti",module,Magento_Tax
product,prodotto,module,Magento_Tax
"Excl. tax:","Tasse escl:",module,Magento_Tax
"Incl. Tax","Tasse incl.",module,Magento_Tax
"Entity already exists","Entità esistente",module,Magento_Tax
"Cannot save titles","Non è possibile salvare i titoli",module,Magento_Tax
"Some Message","Qualche messaggio",module,Magento_Tax
"Something went wrong","Qualcosa è andato storto",module,Magento_Tax
"Could not save","Non può salvare",module,Magento_Tax
"No such entity","Nessuna entità",module,Magento_Tax
"Excl. Tax","Tasse escl.",module,Magento_Tax
Note:,Nota:,module,Magento_Tax
"Leave this field empty if you wish to use the tax identifier.","Lascia questo campo vuoto se si desidera utilizzare l'identificatore della tassa.",module,Magento_Tax
"An error occurred","Si è verificato un errore",module,Magento_Tax
"Do you really want to delete this tax rate?","Sei sicuro di voler eliminare questa aliquota fiscale?",module,Magento_Tax
Save,Salva,module,Magento_Tax
"Add New Class","Aggiungi nuova classe",module,Magento_Tax
"Grand Total Excl. Tax","Totale Complessivo escl. Tasse",module,Magento_Tax
"Grand Total Incl. Tax","Totale Complessivo incl. Tasse",module,Magento_Tax
Back,Indietro,module,Magento_Theme
"Save and Continue","Salva e Continua",module,Magento_Theme
"Save Configuration","Salva configurazione",module,Magento_Theme
Default,Predefinito,module,Magento_Theme
Themes,Temi,module,Magento_Theme
"Save and Continue Edit","Salva e continua modifica",module,Magento_Theme
"Are you sure you want to delete this theme?","Sei sicuro di voler eliminare questo tema?",module,Magento_Theme
"Theme: %1","Tema: %1",module,Magento_Theme
"New Theme","Nuovo tema",module,Magento_Theme
"Theme CSS","CSS Tema",module,Magento_Theme
"Theme CSS Assets","Assets CSS Tema",module,Magento_Theme
"Custom CSS","CSS personalizzato",module,Magento_Theme
"Select CSS File to Upload","Selezionare File CSS da caricare",module,Magento_Theme
"Upload CSS File","Carica File CSS",module,Magento_Theme
"Download CSS File","Scarica i file CSS",module,Magento_Theme
Manage,Gestisci,module,Magento_Theme
"Upload Images","Carica immagine",module,Magento_Theme
"Images Assets","Assets immagini",module,Magento_Theme
"Upload Fonts","Carica i font",module,Magento_Theme
"Fonts Assets","Assets Font",module,Magento_Theme
"Edit custom.css","Modifica custom.css",module,Magento_Theme
"Allowed file types *.css.","Tipi di file permessi *.css.",module,Magento_Theme
"This file will replace the current custom.css file and can't be more than 2 MB.","Questo file andrà a sostituire il file custom.css corrente e non può essere più grande di 2 MB.",module,Magento_Theme
"Max file size to upload %1M","Dimensione massima del file da caricare di %1M",module,Magento_Theme
"Something is wrong with the file upload settings.","C'è qualcosa di sbagliato nelle impostazioni di upload dei file.",module,Magento_Theme
"CSS Editor","Editor CSS",module,Magento_Theme
"Theme Settings","Impostazioni del tema",module,Magento_Theme
"Parent Theme","Tema parente",module,Magento_Theme
"Theme Path","Percorso tema",module,Magento_Theme
"Theme Title","Titolo tema",module,Magento_Theme
"Theme Preview Image","Immagine di anteprima tema",module,Magento_Theme
General,Generale,module,Magento_Theme
"Copy of %1","Copia di %1",module,Magento_Theme
"Max image size %1M","Dimensione massima dell'immagine %1M",module,Magento_Theme
"Theme JavaScript","Tema JavaScript",module,Magento_Theme
"Select JS Files to Upload","Selezion file JS per l'Upload",module,Magento_Theme
"Upload JS Files","Carica i file JS",module,Magento_Theme
"JS Editor","Editor JS",module,Magento_Theme
"Allowed file types *.js.","Tipi di file permessi *.js.",module,Magento_Theme
Theme,Tema,module,Magento_Theme
"Media Storage","Archivio file multimediali",module,Magento_Theme
"Create Folder","Crea cartella",module,Magento_Theme
"Delete Folder","Elimina cartella",module,Magento_Theme
"Delete File","Elimina File",module,Magento_Theme
"Insert File","Inserire File",module,Magento_Theme
"New Folder Name:","Nome della nuova cartella:",module,Magento_Theme
"Are you sure you want to delete this folder?","Sei sicuro di che voler eliminare questa cartella?",module,Magento_Theme
"Are you sure you want to delete this file?","Sei sicuro di che voler cancellare questo file?",module,Magento_Theme
"Storage Root","Root Storage",module,Magento_Theme
welcome,Benvenuto,module,Magento_Theme
Global,Globale,module,Magento_Theme
"Design Configuration","Configurazione Design",module,Magento_Theme
"You saved the configuration.","Hai salvato la configurazione.",module,Magento_Theme
"Something went wrong while saving this configuration:","Qualcosa è andato storto durante il salvataggio di questa configurazione:",module,Magento_Theme
"You deleted the theme.","Hai eliminato il tema.",module,Magento_Theme
"We cannot delete the theme.","Non è possibile eliminare il tema.",module,Magento_Theme
"File not found: ""%1"".","File non trovato: ""%1"".",module,Magento_Theme
"We can't find file.","Non è possibile trovare il file.",module,Magento_Theme
"We cannot find theme ""%1"".","Non è possibile trovare il tema ""%1"".",module,Magento_Theme
"We cannot find the theme.","Non è possibile trovare il tema.",module,Magento_Theme
"This theme is not editable.","Questo tema non è modificabile.",module,Magento_Theme
"You saved the theme.","Hai salvato il tema.",module,Magento_Theme
"We can't upload the CSS file right now.","Non è possibile caricare il file css in questo momento.",module,Magento_Theme
"We cannot find a theme with id ""%1"".","Non è possibile trovare un tema con id ""%1"".",module,Magento_Theme
"We can't upload the JS file right now.","Non è possibile caricare il file JS in questo momento.",module,Magento_Theme
"Sorry, something went wrong. That's all we know.","Qualcosa è andato storto. Questo è tutto quello che sappiamo.",module,Magento_Theme
"Invalid type","Tipo non valido",module,Magento_Theme
"Invalid scope or scope id","Ambito o id dell'ambito non valido",module,Magento_Theme
"%1 does not contain field '%2'","%1 non contiene il campo '%2'",module,Magento_Theme
"Invalid regular expression: ""%1"".","Espressione regolare non valida: ""%1"".",module,Magento_Theme
"%1 does not contain field 'file'","%1 non contiene il campo 'file'",module,Magento_Theme
"Backend model is not specified for %1","Il modello di back-end non è specificato per %1",module,Magento_Theme
"The %templateName contains an incorrect configuration. The template has a reference to itself. Either remove or change the reference.","%templateName contiene una configurazione non corretta. Il modello ha un riferimento a se stesso. Rimuovere o modificare il riferimento.",module,Magento_Theme
"Can not save empty config","Impossibile salvare una configurazione vuota",module,Magento_Theme
label,etichetta,module,Magento_Theme
"-- Please Select --","-- Seleziona --",module,Magento_Theme
"The start date can't follow the end date.","La data di inizio non può seguire la data di fine.",module,Magento_Theme
"The date range for this design change overlaps another design change for the specified store.","L'intervallo di date per questa modifica di design si sovrappone con un'altra modifica di design per lo store specificato.",module,Magento_Theme
Copy,Copia,module,Magento_Theme
"Theme id should be set","L'id del tema deve essere impostato",module,Magento_Theme
"Circular-reference in theme inheritance detected for ""%1""","Riferimento circolare all'ereditarietà del tema rilevato per ""%1""",module,Magento_Theme
"The CSS file must be less than %1M.","Il file CSS deve essere minore di %1M.",module,Magento_Theme
"The JS file must be less than %1M.","Il file JS deve essere inferiore a %1M.",module,Magento_Theme
"We can't upload the file right now.","Al momento è impossibile caricare il file.",module,Magento_Theme
"Use only standard alphanumeric, dashes and underscores.","Usa solo alfanumerico standard, trattini e underscore.",module,Magento_Theme
"We found a directory with the same name.","Abbiamo trovato una directory con lo stesso nome.",module,Magento_Theme
"We cannot find a directory with this name.","Non è stata trovata una directory con questo nome.",module,Magento_Theme
"We can't delete root directory %1 right now.","Al momento è impossibile eliminare la directory di root %1.",module,Magento_Theme
"Theme isn't deletable.","Il tema non è cancellabile.",module,Magento_Theme
"Exception message","Messaggio di eccezione",module,Magento_Theme
"localized exception","eccezione localizzata",module,Magento_Theme
Message,Messaggio,module,Magento_Theme
"Test Label","Etichetta di prova",module,Magento_Theme
Phrase,Frase,module,Magento_Theme
Edit,Modifica,module,Magento_Theme
"We found no files.","Non abbiamo trovato nessun file.",module,Magento_Theme
"Browse Files","Sfoglia i File",module,Magento_Theme
Scope:,Ambito:,module,Magento_Theme
Remove,Elimina,module,Magento_Theme
"Help Us Keep Magento Healthy","Aiutaci a mantenere Magento in salute",module,Magento_Theme
"Report All Bugs","Segnala tutti i Bugs",module,Magento_Theme
"Welcome, %1!","Benvenuto, %1!",module,Magento_Theme
"JavaScript seems to be disabled in your browser.","I JavaScript sembrano essere disabilitati nel tuo browser.",module,Magento_Theme
"For the best experience on our site, be sure to turn on Javascript in your browser.","Per una migliore esperienza sul nostro sito, assicurati di attivare i javascript nel tuo browser.",module,Magento_Theme
"Local Storage seems to be disabled in your browser.","La memorizzazione locale sembra essere disabilitato nel tuo browser.",module,Magento_Theme
"For the best experience on our site, be sure to turn on Local Storage in your browser.","Per la migliore esperienza sul nostro sito, assicurati di attivare la memorizzazione locale nel tuo browser.",module,Magento_Theme
"This is demo store. No orders will be fulfilled.","Questo è un negozio demo. Nessun ordine verrà evaso.",module,Magento_Theme
"Items %1 to %2 of %3 total","%1 elementi di %2 di %3 totali",module,Magento_Theme
"%1 Item","%1 elemento",module,Magento_Theme
"%1 Item(s)","%1 elementi",module,Magento_Theme
Page,Pagina,module,Magento_Theme
Previous,Precedente,module,Magento_Theme
"You're currently reading page","Attualmente stai leggendo la pagina",module,Magento_Theme
Next,Successivo,module,Magento_Theme
Show,Mostra,module,Magento_Theme
"per page","per pagina",module,Magento_Theme
"About the calendar","Informazioni sul calendario",module,Magento_Theme
Close,Chiudi,module,Magento_Theme
"Go Today","Vai ad oggi",module,Magento_Theme
Time,Orario,module,Magento_Theme
Hour,Ora,module,Magento_Theme
Minute,Minuto,module,Magento_Theme
"Dictionary (Translation on Storefront side)","Dizionario (traduzione dal lato Frontend)",module,Magento_Translation
"Embedded (Translation on Admin side)","Incorporato (traduzione dal lato Admin)",module,Magento_Translation
"Condition type ""%1"" is not allowed","Non è consentito il tipo di condizione ""%1""",module,Magento_Ui
"The configuration parameter ""formElement"" is a required for ""%1"" field.","Il parametro di configurazione ""formElement"" è obbligatorio per ""%1"" campo.",module,Magento_Ui
"Remove %1","Rimuovi %1",module,Magento_Ui
"Add New %1","Aggiungi nuovo %1",module,Magento_Ui
"New %1","Nuovo %1",module,Magento_Ui
"Please select item(s).","Seleziona elementi.",module,Magento_Ui
"Unsupported bookmark action.","Azione di segnalibro non supportato.",module,Magento_Ui
"Parameter ""class"" must be present.","Parametro ""classe"" deve essere presente.",module,Magento_Ui
"Parameter ""sortOrder"" must be present.","Parametro ""sortOrder"" deve essere presente.",module,Magento_Ui
"Invalid UI Component element name: '%1'","Nome dell'elemento Componente Interfaccia Utente non valido: '%1'",module,Magento_Ui
"Bookmark with id ""%1"" does not exist.","Il segnalibro con id ""%1"" non esiste.",module,Magento_Ui
"Invalid UI Component element name: ''","Nome elemento Componente Interfaccia Utente: '",module,Magento_Ui
Cancel,Annulla,module,Magento_Ui
Back,Indietro,module,Magento_Ui
Next,Successivo,module,Magento_Ui
"UPS Today Express","UPS Today Intercity",module,Magento_Ups
"UPS Express Plus","UPS Today Express Saver",module,Magento_Ups
"Next Day Air Early AM","UPS Express Plus",module,Magento_Ups
"Next Day Air Early AM Letter","Next Day Air Early AM",module,Magento_Ups
"2nd Day Air AM Letter","2nd Day Air AM",module,Magento_Ups
"Canada Standard","Ground Residential",module,Magento_Ups
"Worldwide Express","Canada Standard",module,Magento_Ups
"Worldwide Express Plus","Worldwide Express Letter",module,Magento_Ups
"Customer Packaging","Imballaggio del cliente",module,Magento_Ups
Residential,Residenziale,module,Magento_Ups
Commercial,Commerciale,module,Magento_Ups
Pounds,Sterline,module,Magento_Ups
Kilograms,Chilogrammi,module,Magento_Ups
"Sorry, something went wrong. Please try again or contact us and we'll try to help.","Spiacenti, qualcosa è andato storto. Riprova o contattaci e cercheremo di aiutarti.",module,Magento_Ups
"We can't convert a rate from ""%1-%2"".","Non è possibile convertire un tasso dal ""%1-%2"".",module,Magento_Ups
"Cannot retrieve shipping rates","Non è possibile recuperare le tariffe di spedizione",module,Magento_Ups
"Empty response","Risposta vuota",module,Magento_Ups
"Delivery Confirmation","Conferma della consegna",module,Magento_Ups
"Adult Signature Required","Richiesta firma di un adulto",module,Magento_Ups
"Not Required","Non obbligatorio",module,Magento_Ups
None,Nessuno,module,Magento_Ups
label,etichetta,module,Magento_Ups
"Edit URL Rewrite for a Category","Modifica URL Rewrite per una categoria",module,Magento_UrlRewrite
"Add URL Rewrite for a Category","Aggiungi URL Rewrite per una categoria",module,Magento_UrlRewrite
Category:,Categoria:,module,Magento_UrlRewrite
"We can't set up a URL rewrite because the product you chose is not associated with a website.","Impossibile impostare un URL rewrite perché il prodotto che hai scelto non è associato a un sito web.",module,Magento_UrlRewrite
"Please assign a website to the selected category.","Assegna un sito web alla categoria selezionata.",module,Magento_UrlRewrite
"Edit URL Rewrite for a Product","Modifica URL Rewrite per un prodotto",module,Magento_UrlRewrite
"Add URL Rewrite for a Product","Aggiungi URL Rewrite per un prodotto",module,Magento_UrlRewrite
Product:,Prodotto:,module,Magento_UrlRewrite
"Skip Category Selection","Salta la selezione categoria",module,Magento_UrlRewrite
Name,Nome,module,Magento_UrlRewrite
"Edit URL Rewrite for CMS page","Modificare URL Rewrite per pagina CMS",module,Magento_UrlRewrite
"Add URL Rewrite for CMS page","Aggiungi URL Rewrite per pagina CMS",module,Magento_UrlRewrite
"CMS page:","Pagina CMS:",module,Magento_UrlRewrite
"Please assign a website to the selected CMS page.","Assegna un website alla pagina CMS selezionata.",module,Magento_UrlRewrite
Title,Titolo,module,Magento_UrlRewrite
"Store View","Vista Negozio",module,Magento_UrlRewrite
"Edit URL Rewrite","Modifica URL Rewrite",module,Magento_UrlRewrite
"Add New URL Rewrite","Aggiungi nuova URL Rewrite",module,Magento_UrlRewrite
Back,Indietro,module,Magento_UrlRewrite
Delete,Elimina,module,Magento_UrlRewrite
"Are you sure you want to do this?","Sei sicuro di che voler fare questo?",module,Magento_UrlRewrite
Save,Salva,module,Magento_UrlRewrite
"Block Information","Informazioni Blocco",module,Magento_UrlRewrite
"URL Rewrite Information","Informazioni URL rewrite",module,Magento_UrlRewrite
"Request Path","Percorso richiesto",module,Magento_UrlRewrite
"Target Path","Percorso di destinazione",module,Magento_UrlRewrite
"Redirect Type","Tipo di Reindirizzamento",module,Magento_UrlRewrite
Description,Descrizione,module,Magento_UrlRewrite
Store,Negozio,module,Magento_UrlRewrite
"URL Rewrite Management","Gestione URL rewrite",module,Magento_UrlRewrite
"Add URL Rewrite","Aggiungi URL Rewrite",module,Magento_UrlRewrite
Custom,Personalizzato,module,Magento_UrlRewrite
"For CMS page","Per pagina CMS",module,Magento_UrlRewrite
"You deleted the URL rewrite.","Hai eliminato l'URL rewrite.",module,Magento_UrlRewrite
"We can't delete URL Rewrite right now.","Non è possibile eliminare l'URL Rewrite in questo momento.",module,Magento_UrlRewrite
"The product you chose is not associated with the selected store or category.","Il prodotto scelto non è associato al negozio o alla categoria selezionata.",module,Magento_UrlRewrite
"The category you chose is not associated with the selected store.","La categoria che scelta non è associata con il negozio selezionato.",module,Magento_UrlRewrite
"The URL Rewrite has been saved.","La URL rewrite è stata salvata.",module,Magento_UrlRewrite
"Something went wrong while saving URL Rewrite.","Qualcosa è andato storto durante il salvataggio dell'URL Rewrite.",module,Magento_UrlRewrite
"Do not use two or more consecutive slashes in the request path.","Non utilizzare due o più slash consecutivi nel percorso della richiesta.",module,Magento_UrlRewrite
"Anchor symbol (#) is not supported in request path.","Il simbolo di ancoraggio (#) non è supportato per il percorso richiesto.",module,Magento_UrlRewrite
"Do not use two or more consecutive slashes in the url rewrite suffix.","Non utilizzare due o più slash consecutivi nel suffisso dell'url rewrite.",module,Magento_UrlRewrite
"Anchor symbol (#) is not supported in url rewrite suffix.","Il simbolo di ancoraggio (#) non è supportato per il suffisso url rewrite.",module,Magento_UrlRewrite
"Temporary (302)","Temporaneo (302)",module,Magento_UrlRewrite
"Permanent (301)","Permanente (301)",module,Magento_UrlRewrite
"Request Path for Specified Store","Percorso richiesto per negozio specificato",module,Magento_UrlRewrite
"URL key for specified store already exists.","Esiste già una URL key per il negozio specificato.",module,Magento_UrlRewrite
"Custom storage message","Messaggio di archiviazione personalizzato",module,Magento_UrlRewrite
"Select Category","Seleziona una categoria",module,Magento_UrlRewrite
Back,Indietro,module,Magento_User
"Delete Role","Elimina ruolo",module,Magento_User
"Are you sure you want to do this?","Sei sicuro di che voler fare questo?",module,Magento_User
"Save Role","Salva il ruolo",module,Magento_User
Roles,Ruoli,module,Magento_User
"Add New Role","Aggiungi nuovo ruolo",module,Magento_User
"Role Information","Informazioni sui ruoli",module,Magento_User
"Role Users","Ruolo utenti",module,Magento_User
"User ID","ID Utente",module,Magento_User
"User Name","Nome utente",module,Magento_User
"First Name",Nome,module,Magento_User
"Last Name",Cognome,module,Magento_User
Active,Attiva,module,Magento_User
Inactive,Inattivo,module,Magento_User
"Role Resources","Risorse ruoli",module,Magento_User
"Role Info","Info ruolo",module,Magento_User
"Role Name","Nome del ruolo",module,Magento_User
"Current User Identity Verification","Verifica dell'identità utente corrente",module,Magento_User
"Your Password","La tua Password",module,Magento_User
"Add New User","Aggiungi un nuovo utente",module,Magento_User
Users,Utenti,module,Magento_User
"Save User","Salva Utente",module,Magento_User
"Delete User","Elimina utente",module,Magento_User
"Are you sure you want to revoke the user's tokens?","Sei sicuro di voler revocare i token degli utenti?",module,Magento_User
"Force Sign-In","Forza Registrazione",module,Magento_User
"Edit User '%1'","Modifica utente '%1'",module,Magento_User
"New User","Nuovo utente",module,Magento_User
"Account Information","Informazioni sull'account",module,Magento_User
"User Email","Email Utente",module,Magento_User
"New Password","Nuova Password",module,Magento_User
"Password Confirmation","Conferma password",module,Magento_User
"Interface Locale","Interfaccia Locale",module,Magento_User
"This account is","Questo account è",module,Magento_User
"Account Status","Status Account",module,Magento_User
"User Roles Information","Informazioni sui ruoli utente",module,Magento_User
Assigned,Assegnato,module,Magento_User
Role,Ruolo,module,Magento_User
"User Information","Informazioni utente",module,Magento_User
"User Info","Info Utente",module,Magento_User
"User Role","Ruolo utente",module,Magento_User
"Please correct the password reset token.","Correggi il token reset password.",module,Magento_User
"Please specify the correct account and try again.","Specificare l'account corretto e riprovare.",module,Magento_User
"Your password reset link has expired.","Il link per il reset della password è scaduto.",module,Magento_User
"We're unable to send the password reset email.","Impossibile inviare l'email per reimpostare la password.",module,Magento_User
"We'll email you a link to reset your password.","Ti invieremo un'email con un link per reimpostare la password.",module,Magento_User
"Please correct this email address:","Correggi questo indirizzo email:",module,Magento_User
"Please enter an email address.","Inserisci un indirizzo email.",module,Magento_User
"You updated your password.","Hai aggiornato la tua password.",module,Magento_User
"Locked Users","Utenti bloccati",module,Magento_User
"Unlocked %1 user(s).","%1 utenti sbloccati.",module,Magento_User
System,Sistema,module,Magento_User
Permissions,Permessi,module,Magento_User
"You cannot delete your own account.","Non è possibile eliminare il tuo account.",module,Magento_User
"You deleted the user.","Hai eliminato l'utente.",module,Magento_User
"We can't find a user to delete.","Impossibile trovare l'utente da eliminare.",module,Magento_User
"This user no longer exists.","Questo utente non esiste più.",module,Magento_User
"Edit User","Modifica utente",module,Magento_User
"You have revoked the user's tokens.","Hai revocato i token dell'utente.",module,Magento_User
"We can't find a user to revoke.","Non è possibile trovare un utente da revocare.",module,Magento_User
"You cannot delete self-assigned roles.","Non è possibile eliminare i ruoli auto-assegnati.",module,Magento_User
"You deleted the role.","Hai eliminato il ruolo.",module,Magento_User
"An error occurred while deleting this role.","Si è verificato un errore durante l'eliminazione di questo ruolo.",module,Magento_User
"Edit Role","Modifica Ruolo",module,Magento_User
"New Role","Nuovo Ruolo",module,Magento_User
"This role no longer exists.","Questo ruolo non esiste più.",module,Magento_User
"You saved the role.","Hai salvato il ruolo.",module,Magento_User
"You have entered an invalid password for current user.","Hai inserito una password non valida per l'utente corrente.",module,Magento_User
"An error occurred while saving this role.","Errore durante il salvataggio di questo ruolo.",module,Magento_User
"You saved the user.","Hai salvato l'utente.",module,Magento_User
"A user with the same user name or email already exists.","Esiste già un utente con lo stesso nome o e-mail.",module,Magento_User
Recommended,Raccomandato,module,Magento_User
Forced,Forzato,module,Magento_User
"Sorry, but this password has already been used. Please create another.","Ci dispiace, ma questa password è già stata utilizzata. Usane un'altra.",module,Magento_User
email,"Indirizzo e-mail",module,Magento_User
username,"nome utente",module,Magento_User
"You did not sign in correctly or your account is temporarily disabled.","Non hai eseguito l'accesso correttamente o il tuo account è temporaneamente disattivato.",module,Magento_User
"You need more permissions to access this.","Hai bisogno di maggiori permessi per accedere a questo.",module,Magento_User
"Your account is temporarily disabled.","Il tuo account è temporaneamente disabilitato.",module,Magento_User
"User Name is a required field.","Nome utente è un campo obbligatorio.",module,Magento_User
"First Name is a required field.","Nome è un campo obbligatorio.",module,Magento_User
"Last Name is a required field.","Cognome è un campo obbligatorio.",module,Magento_User
"Please enter a valid email.","Inserisci un indirizzo email valido.",module,Magento_User
"Password is required field.","Password è un campo obbligatorio.",module,Magento_User
"Your password must be at least %1 characters.","La password deve contenere almeno %1 caratteri.",module,Magento_User
"Your password must include both numeric and alphabetic characters.","La password deve includere caratteri sia alfabetici che numerici.",module,Magento_User
"Your password confirmation must match your password.","La conferma password deve corrispondere alla password.",module,Magento_User
"It's time to change your password.","È il momento di cambiare la password.",module,Magento_User
"It's time to <a href=""%1"">change your password</a>.","È il momento di <a href=""%1"">cambiare la password</a>.",module,Magento_User
"Your password has expired; please contact your administrator.","La password è scaduta; si prega di contattare l'amministratore.",module,Magento_User
"Password Help","Aiuto password",module,Magento_User
"Enter your email address.  You will receive an email with a link to reset your password.","Inserisci il tuo indirizzo email.  Riceverai un'email con un link per reimpostare la password.",module,Magento_User
"Email address","Indirizzo email",module,Magento_User
"Retrieve Password","Recupera password",module,Magento_User
"Back to Sign in","Torna alla registrazione",module,Magento_User
"Forgot your password?","Hai dimenticato la password?",module,Magento_User
"Reset a Password","Reimposta la Password",module,Magento_User
"Confirm New Password","Conferma nuova Password",module,Magento_User
"Roles Resources","Risorse ruoli",module,Magento_User
"Resource Access","Accesso alle risorse",module,Magento_User
Custom,Personalizzato,module,Magento_User
All,Tutti,module,Magento_User
Resources,Risorse,module,Magento_User
"Warning!\r\nThis action will remove this user from already assigned role\r\nAre you sure?","Attenzione! \r\nQuesta azione rimuoverà questo utente dalla regola assegnata\r\nSei sicuro?",module,Magento_User
"Warning!\r\nThis action will remove those users from already assigned roles\r\nAre you sure?","Attenzione! \r\nQuesta azione rimuoverà questi utenti dalle regole assegnate\r\nSei sicuro?",module,Magento_User
"Priority Mail","Posta prioritaria",module,Magento_Usps
"Retail Ground","Vendita al dettaglio",module,Magento_Usps
"First-Class Mail International Large Envelope","First-Class Mail International Letter",module,Magento_Usps
"Priority Mail Express International Padded Flat Rate Envelope","Priority Mail Medium Flat Rate Box Hold For Pickup",module,Magento_Usps
Letter,Lettera,module,Magento_Usps
Variable,Variabile,module,Magento_Usps
Rectangular,Rettangolare,module,Magento_Usps
Non-rectangular,"Non rettangolare",module,Magento_Usps
Regular,Regolare,module,Magento_Usps
Large,Largo,module,Magento_Usps
Yes,Sì,module,Magento_Usps
"Not Required","Non obbligatorio",module,Magento_Usps
Required,Obbligatorio,module,Magento_Usps
"For some reason we can't retrieve tracking info right now.","Per qualche motivo non siamo in grado di recuperare le informazioni di tracciamento in questo momento.",module,Magento_Usps
"Sorry, something went wrong. Please try again or contact us and we'll try to help.","Spiacenti, qualcosa è andato storto. Riprova o contattaci e cercheremo di aiutarti.",module,Magento_Usps
"Empty response","Risposta vuota",module,Magento_Usps
"Service type does not match","Tipo di servizio non corrispondente",module,Magento_Usps
Sample,Esempio,module,Magento_Usps
Gift,Regalo,module,Magento_Usps
Documents,Documenti,module,Magento_Usps
Return,Restituzione,module,Magento_Usps
Other,Altro,module,Magento_Usps
None,Nessuno,module,Magento_Usps
"Custom Variables","Variabili personalizzate",module,Magento_Variable
"Add New Variable","Aggiungi nuova variabile",module,Magento_Variable
"Save and Continue Edit","Salva e continua modifica",module,Magento_Variable
"Custom Variable ""%1""","Variabile personalizzata ""%1""",module,Magento_Variable
"New Custom Variable","Nuova variabile personalizzata",module,Magento_Variable
Variable,Variabile,module,Magento_Variable
"Variable Code","Codice variabile",module,Magento_Variable
"Variable Name","Nome della variabile",module,Magento_Variable
"Use Default Variable Values","Usa i valori predefiniti delle variabili",module,Magento_Variable
Yes,Sì,module,Magento_Variable
"Variable HTML Value","Valore HTML Variabile",module,Magento_Variable
"Variable Plain Value","Valore testuale variabile",module,Magento_Variable
"You deleted the custom variable.","Hai eliminato la variabile personalizzata.",module,Magento_Variable
"You saved the custom variable.","Hai salvato la variabile personalizzata.",module,Magento_Variable
"Variable Code must be unique.","Il codice variabile deve essere unico.",module,Magento_Variable
"Validation has failed.","Convalida non riuscita.",module,Magento_Variable
"Insert Variable...","Inserire la variabile...",module,Magento_Variable
"No token found.","Nessun token trovato.",module,Magento_Vault
"Wrong request.","Richiesta errata.",module,Magento_Vault
"Deletion failure. Please try again.","Errore di eliminazione. Si prega di riprovare.",module,Magento_Vault
"Stored Payment Method was successfully removed","Il metodo di pagamento memorizzato è stato rimosso correttamente",module,Magento_Vault
"Stored Payment Methods","Metodi di pagamento memorizzati",module,Magento_Vault
"No available payment tokens for specified order payment.","Nessun token di pagamento disponibile per il pagamento dell'ordine specificato.",module,Magento_Vault
"Card Number","Numero di carta",module,Magento_Vault
"Expiration Date","Data di scadenza",module,Magento_Vault
Type,Tipo,module,Magento_Vault
"You have no stored payment methods.","Non hai nessun metodi di pagamento memorizzati.",module,Magento_Vault
ending,fine,module,Magento_Vault
Actions,Azioni,module,Magento_Vault
Delete,Elimina,module,Magento_Vault
"PayPal Account","Account PayPal",module,Magento_Vault
"Consumer is not authorized to access %resources","Il cliente non è autorizzato ad accedere a %resources",module,Magento_Webapi
"Operation allowed only in HTTPS","Operazione consentita solo in HTTPS",module,Magento_Webapi
"Cannot perform GET operation with store code 'all'","Impossibile eseguire l'operazione GET con codice negozio 'tutti'",module,Magento_Webapi
"Request does not match any route.","Richiesta non corrispondente a nessuna route.",module,Magento_Webapi
"Not allowed parameters: %1. Please use only %2 and %3.","Parametri non consentiti: %1. Utilizzare solo %2 e %3.",module,Magento_Webapi
"Requested service is not available: ""%1""","Il servizio richiesto non è disponibile: ""%1""",module,Magento_Webapi
"Operation ""%1"" not found.","Operazione ""%1"" non trovata.",module,Magento_Webapi
"SOAP extension is not loaded.","Estensione SOAP non caricata.",module,Magento_Webapi
"Invalid XML","XML non valido",module,Magento_Webapi
"Invalid XML: Detected use of illegal DOCTYPE","XML non valido: Uso rilevato di DOCTYPE illegale",module,Magento_Webapi
message,messaggio,module,Magento_Webapi
Message,Messaggio,module,Magento_Webapi
"Soap fault reason.","Motivo di errore SOAP.",module,Magento_Webapi
"Add Tax","Aggiungi tasse",module,Magento_Weee
"Delete Tax","Elimina tasse",module,Magento_Weee
"All Websites","Tutti i Website",module,Magento_Weee
"You must set unique country-state combinations within the same fixed product tax","È necessario impostare combinazioni uniche paese-stato all'interno della stessa tassa fissa prodotto",module,Magento_Weee
"Including FPT only","Includendo solo FPT",module,Magento_Weee
"Including FPT and FPT description","Includendo FPT e descrizione FPT",module,Magento_Weee
"Excluding FPT. Including FPT description and final price","Escluse tasse fisse del prodotto (FPT). Inclusi descrizione e prezzo finale FPT",module,Magento_Weee
"Excluding FPT","Escluso FPT",module,Magento_Weee
"Fixed Product Tax","Tassa fissa prodotto",module,Magento_Weee
Country/State,Paese,module,Magento_Weee
Tax,Tassa,module,Magento_Weee
Action,Azione,module,Magento_Weee
"Excl. Tax","Tasse escl.",module,Magento_Weee
Total,Totale,module,Magento_Weee
"Incl. Tax","Tasse incl.",module,Magento_Weee
"Total Incl. Tax","Totale tasse incl.",module,Magento_Weee
"Final Price","Prezzo finale",module,Magento_Weee
"Widget Insertion","Inserimento widget",module,Magento_Widget
"Insert Widget","Inserisci Widget",module,Magento_Widget
label,etichetta,module,Magento_Widget
Choose...,Scegli...,module,Magento_Widget
Close,Chiudi,module,Magento_Widget
"Not Selected","Non selezionato",module,Magento_Widget
"Widget Type","Tipo di widget",module,Magento_Widget
"-- Please Select --","-- Seleziona --",module,Magento_Widget
"Manage Widget Instances","Gestire le istanze Widget",module,Magento_Widget
"Add Widget","Aggiungi Widget",module,Magento_Widget
"Save and Continue Edit","Salva e continua modifica",module,Magento_Widget
"New Widget Instance","Nuova istanza Widget",module,Magento_Widget
"Custom Layouts","Layout personalizzato",module,Magento_Widget
"Page Layouts","Layout pagina",module,Magento_Widget
"Please Select Container First","Seleziona prima un contenitore",module,Magento_Widget
"Storefront Properties","Proprietà Frontend negozio",module,Magento_Widget
Type,Tipo,module,Magento_Widget
"Design Package/Theme","Pacchetto/Tema Design",module,Magento_Widget
"Widget Title","Titolo del widget",module,Magento_Widget
"Assign to Store Views","Assegna alle viste negozio",module,Magento_Widget
"Sort Order",Ordinamento,module,Magento_Widget
"Sort Order of widget instances in the same container","Ordinamento delle istanze del widget dello stesso contenitore",module,Magento_Widget
"Layout Updates","Aggiornamenti layout",module,Magento_Widget
Categories,Categorie,module,Magento_Widget
"Anchor Categories","Categorie Ancorate",module,Magento_Widget
"Non-Anchor Categories","Categorie non ancorate",module,Magento_Widget
"All Product Types","Tutti i tipi di prodotto",module,Magento_Widget
Products,Prodotti,module,Magento_Widget
"Generic Pages","Pagine generiche",module,Magento_Widget
"All Pages","Tutte le pagine",module,Magento_Widget
"Specified Page","Pagina specifica",module,Magento_Widget
"Add Layout Update","Aggiungi aggiornamento del Layout",module,Magento_Widget
"Remove Layout Update","Rimuovere aggiornamento Layout",module,Magento_Widget
"Widget Options","Opzioni del widget",module,Magento_Widget
Settings,Impostazioni,module,Magento_Widget
"Design Theme",Tema,module,Magento_Widget
Continue,Continua,module,Magento_Widget
"Please specify a Widget Type.","Specificare il tipo di Widget.",module,Magento_Widget
"Please specify a correct widget.","Si prega di specificare un widget corretto.",module,Magento_Widget
"The widget instance has been deleted.","L'istanza del widget è stata eliminata.",module,Magento_Widget
"New Widget","Nuovo widget",module,Magento_Widget
"The widget instance has been saved.","L'istanza del widget è stata salvata.",module,Magento_Widget
name,nome,module,Magento_Widget
description,descrizione,module,Magento_Widget
"We cannot create the widget instance because it is missing required information.","Impossibile creare l'istanza del widget perché mancano delle informazioni necessarie.",module,Magento_Widget
None,Nessuno,module,Magento_Widget
Container,Contenitore,module,Magento_Widget
All,Tutti,module,Magento_Widget
"Specific %1","Specifica %1",module,Magento_Widget
"Open Chooser","Selezione aperta",module,Magento_Widget
Apply,Applica,module,Magento_Widget
Page,Pagina,module,Magento_Widget
"Wish List","Lista desideri",module,Magento_Wishlist
"Wish List Sharing","Condivisione della lista desideri",module,Magento_Wishlist
"My Wish List","La mia lista desideri",module,Magento_Wishlist
"%1's Wish List","Lista desideri di %1",module,Magento_Wishlist
"Page not found.","Pagina non trovata.",module,Magento_Wishlist
"We can't specify a product.","Non è possibile specificare un prodotto.",module,Magento_Wishlist
"We can't add the item to Wish List right now: %1.","In questo momento è impossibile aggiungere l'articolo alla lista dei desideri: %1.",module,Magento_Wishlist
"We can't add the item to Wish List right now.","In questo momento è impossibile aggiungere l'articolo alla lista dei desideri.",module,Magento_Wishlist
"You added %1 to your shopping cart.","Hai aggiunto %1 al tuo carrello.",module,Magento_Wishlist
"This product(s) is out of stock.","Questi prodotti non sono disponibili.",module,Magento_Wishlist
"We can't add the item to the cart right now.","In questo momento è impossibile aggiungere l'articolo al carrello.",module,Magento_Wishlist
"We can't load the Wish List item right now.","Non è possibile caricare l'elemento lista desideri in questo momento.",module,Magento_Wishlist
"We can't configure the product right now.","Non è possibile configurare il prodotto in questo momento.",module,Magento_Wishlist
"The requested cart item doesn't exist.","L'elemento del carrello richiesto non esiste.",module,Magento_Wishlist
"%1 has been moved to your wish list.","%1 è stato spostato nella tua lista desideri.",module,Magento_Wishlist
"We can't move the item to the wish list.","Non è possibile spostare l'elemento nella lista desideri.",module,Magento_Wishlist
"We can't delete the item from Wish List right now because of an error: %1.","Non è possibile eliminare l'elemento dalla lista desideri in questo momento a causa di un errore: %1.",module,Magento_Wishlist
"We can't delete the item from the Wish List right now.","Non è possibile eliminare l'elemento dalla lista desideri in questo momento.",module,Magento_Wishlist
"Message length must not exceed %1 symbols","La lunghezza del messaggio non deve superare i %1 caratteri",module,Magento_Wishlist
"Please enter an email address.","Inserisci un indirizzo email.",module,Magento_Wishlist
"This wish list can be shared %1 more times.","La lista desideri non può essere condivisa più di %1 volte.",module,Magento_Wishlist
"Please enter a valid email address.","Inserisci un indirizzo email valido.",module,Magento_Wishlist
"Your wish list has been shared.","La tua lista desideri è stata condivisa.",module,Magento_Wishlist
"We can't delete item from Wish List right now.","Non è possibile eliminare l'elemento dalla lista desideri in questo momento.",module,Magento_Wishlist
"Can't save description %1","Impossibile salvare la descrizione %1",module,Magento_Wishlist
"Can't update wish list","Non è possibile aggiornare la lista desideri",module,Magento_Wishlist
"%1 has been updated in your Wish List.","%1 è stato aggiornato nella tua lista desideri.",module,Magento_Wishlist
"We can't update your Wish List right now.","Non è possibile aggiornare la lista desideri in questo momento.",module,Magento_Wishlist
"The requested Wish List doesn't exist.","La lista desideri richiesta non esiste.",module,Magento_Wishlist
"We can't create the Wish List right now.","Non è possibile creare la lista desideri in questo momento.",module,Magento_Wishlist
"%1 items","%1 elementi",module,Magento_Wishlist
"1 item","1 elemento",module,Magento_Wishlist
Comment,Commento,module,Magento_Wishlist
"Display number of items in wish list","Mostra il numero di elementi nella lista desideri",module,Magento_Wishlist
"Display item quantities","Mostra quantità articolo",module,Magento_Wishlist
"An item option with code %1 already exists.","Un'opzione dell'articolo con il codice %1 esiste già.",module,Magento_Wishlist
"We can't specify a wish list.","Non è possibile specificare una lista desideri.",module,Magento_Wishlist
"Cannot specify product.","Non è possibile specificare il prodotto.",module,Magento_Wishlist
"Product is not salable.","Il prodotto non è in vendita.",module,Magento_Wishlist
"Invalid item option format.","Formato opzioni elemento non valido.",module,Magento_Wishlist
"%1 for ""%2"".","%1 per ""%2"".",module,Magento_Wishlist
"We can't add this item to your shopping cart right now.","Al momento è impossibile aggiungere questo articolo al carrello.",module,Magento_Wishlist
"We couldn't add the following product(s) to the shopping cart: %1.","Non è possibile aggiungere i prodotti seguenti al carrello: %1.",module,Magento_Wishlist
"We can't update the Wish List right now.","Non è possibile aggiornare la lista desideri in questo momento.",module,Magento_Wishlist
"%1 product(s) have been added to shopping cart: %2.","%1 prodotti sono stati aggiunti al carrello: %2.",module,Magento_Wishlist
Comment:,Commento:,module,Magento_Wishlist
"We cannot retrieve the Wish List.","Non è possibile recuperare la lista desideri.",module,Magento_Wishlist
"%1's Wishlist","Lista desideri di %1",module,Magento_Wishlist
"We can't specify a wish list item.","Non è possibile specificare un elemento della lista desideri.",module,Magento_Wishlist
"The product does not exist.","Il prodotto non esiste.",module,Magento_Wishlist
"Test Phrase","Frase di prova",module,Magento_Wishlist
message,messaggio,module,Magento_Wishlist
Message,Messaggio,module,Magento_Wishlist
error-message,"messaggio di errore",module,Magento_Wishlist
"Product Exception.","Eccezione prodotto.",module,Magento_Wishlist
"Localized Exception.","Eccezione localizzazione.",module,Magento_Wishlist
"Are you sure you want to remove this item?","Sei sicuro di voler eliminare questo elemento?",module,Magento_Wishlist
"Share Wish List","Condividi lista desideri",module,Magento_Wishlist
"Add All to Cart","Aggiungi tutto al carrello",module,Magento_Wishlist
"Update Wish List","Aggiorna lista desideri",module,Magento_Wishlist
"Move to Wishlist","Sposta alla lista desideri",module,Magento_Wishlist
"Add to Wish List","Aggiungi alla lista desideri",module,Magento_Wishlist
"View Product","Visualizza prodotto",module,Magento_Wishlist
Qty,Qtà,module,Magento_Wishlist
"Add to Cart","Aggiungi al Carrello",module,Magento_Wishlist
Availability,Disponibilita',module,Magento_Wishlist
"In stock",Disponibile,module,Magento_Wishlist
"Out of stock","Non Disponibile",module,Magento_Wishlist
Edit,Modifica,module,Magento_Wishlist
"Remove Item","Rimuovi elemento",module,Magento_Wishlist
"Remove item","Rimuovi il prodotto",module,Magento_Wishlist
"Add to Compare","Aggiungi al confronto",module,Magento_Wishlist
"This Wish List has no Items","La lista desideri non ha elementi",module,Magento_Wishlist
"%1 has been added to your Wish List.","%1 è stato aggiunto nella tua lista desideri.",module,Magento_Wishlist
"Click <a href=""%1"">here</a> to continue shopping.","Clicca <a href=""%1"">qui</a> per proseguire con gli acquisti.",module,Magento_Wishlist
"See Details","Vedi dettagli",module,Magento_Wishlist
"Options Details","Dettagli opzioni",module,Magento_Wishlist
"RSS link to %1's wishlist","Link RSS alla lista desideri di %1",module,Magento_Wishlist
"RSS Feed","Feed RSS",module,Magento_Wishlist
Product,Prodotto,module,Magento_Wishlist
Back,Indietro,module,Magento_Wishlist
"Wish List is empty now.","La lista desideri in questo momento è vuota.",module,Magento_Wishlist
"* Required Fields","* Campi obbligatori",module,Magento_Wishlist
"Sharing Information","Informazioni di condivisione",module,Magento_Wishlist
"Email addresses, separated by commas","Indirizzi email, separati da virgole",module,Magento_Wishlist
"Check here to link an RSS feed to your Wish List.","Controlla qui per collegare un feed RSS alla lista desideri.",module,Magento_Wishlist
"Last Added Items","Ultimi elementi aggiunti",module,Magento_Wishlist
"Remove This Item","Rimuovi questo articolo",module,Magento_Wishlist
"Go to Wish List","Vai alla lista desideri",module,Magento_Wishlist
"You have no items in your wish list.","Non ci sono articoli nella lista desideri.",module,Magento_Wishlist
"Now Shopping by","Ora acquista per",theme,frontend/Magento/luma
Previous,Precedente,theme,frontend/Magento/luma
Remove,Elimina,theme,frontend/Magento/luma
"Remove This Item","Rimuovi questo articolo",theme,frontend/Magento/luma
"Shop By","Naviga per",theme,frontend/Magento/luma
"Clear All","Cancella tutto",theme,frontend/Magento/luma
"Shopping Options","Opzioni di acquisto",theme,frontend/Magento/luma
"Place Order","Effettua Ordine",module,Magento_Authorizenet
"Credit Card Information","Informazioni carta di credito",module,Magento_Braintree
"What is this?","Cos'è questo?",module,Magento_Braintree
"Save for later use.","Salva per un uso successivo.",module,Magento_Braintree
"Place Order","Effettua Ordine",module,Magento_Braintree
"Attention: Captcha is case sensitive.","Attenzione: il Captcha fa distinzione tra maiuscole e minuscole.",module,Magento_Captcha
"Payment Transaction Failed Reminder","Promemoria non riuscito per Transazione di Pagamento",module,Magento_Checkout
"Payment Transaction Failed","Operazione di pagamento non riuscito",module,Magento_Checkout
Reason,Motivo,module,Magento_Checkout
"Checkout Type","Tipo Checkout",module,Magento_Checkout
Customer:,Cliente:,module,Magento_Checkout
Items,Elementi,module,Magento_Checkout
Total:,Totale:,module,Magento_Checkout
"Billing Address:","Indirizzo di Fatturazione:",module,Magento_Checkout
"Shipping Address:","Indirizzo di Spedizione:",module,Magento_Checkout
"Shipping Method:","Metodo di Spedizione:",module,Magento_Checkout
"Payment Method:","Metodo di Pagamento:",module,Magento_Checkout
"Date & Time:","Data e Ora:",module,Magento_Checkout
"Sign In",Accedi,module,Magento_Checkout
"Email Address","Indirizzo Email",module,Magento_Checkout
"Forgot Your Password?","Hai dimenticato la password?",module,Magento_Checkout
"My billing and shipping address are the same","Gli indirizzi di spedizione e di fatturazione coincidono",module,Magento_Checkout
Update,Aggiorna,module,Magento_Checkout
Cancel,Annulla,module,Magento_Checkout
"Save in address book","Salva nella rubrica",module,Magento_Checkout
"Estimated Total","Totale Stimato",module,Magento_Checkout
"You can create an account after checkout.","È possibile creare un account dopo il checkout.",module,Magento_Checkout
"You already have an account with us. Sign in or continue as guest.","Hai già un account con noi. Accedi o continua come ospite.",module,Magento_Checkout
item,elemento,module,Magento_Checkout
items,elementi,module,Magento_Checkout
"Go to Checkout","Vai al Checkout",module,Magento_Checkout
"View and edit cart","Visualizza e modifica il carrello",module,Magento_Checkout
"See Details","Vedi Dettagli",module,Magento_Checkout
"Options Details","Dettagli Opzioni",module,Magento_Checkout
Remove,Elimina,module,Magento_Checkout
"Cart Subtotal","Subtotale Carrello",module,Magento_Checkout
"Payment Information","Informazioni di pagamento",module,Magento_Checkout
"No Payment method available.","Nessun metodo di pagamento disponibile.",module,Magento_Checkout
"You can track your order status by creating an account.","Creando un account è possibile monitorare lo stato dell'ordine.",module,Magento_Checkout
"Place Order","Effettua Ordine",module,Magento_Checkout
"Forgot an Item?","Hai dimenticato un oggetto?",module,Magento_Checkout
"Edit Your Cart","Modifica il tuo carrello",module,Magento_Checkout
"Ship Here","Spedisci qui",module,Magento_Checkout
"Ship To:","Spedisci a:",module,Magento_Checkout
edit,modifica,module,Magento_Checkout
"Shipping Address","Indirizzo di Spedizione",module,Magento_Checkout
"New Address","Nuovo Indirizzo",module,Magento_Checkout
"Shipping Methods","Metodi di Spedizione",module,Magento_Checkout
"Select Method","Seleziona Metodo",module,Magento_Checkout
"Method Title","Titolo Metodo",module,Magento_Checkout
"Carrier Title","Titolo Vettore",module,Magento_Checkout
Next,Successivo,module,Magento_Checkout
"Sorry, no quotes are available for this order at this time","Spiacente, al momento nessun preventivo è disponibile per questo ordine",module,Magento_Checkout
"Order Summary","Riepilogo Ordine",module,Magento_Checkout
"Item in Cart","Articoli nel Carrello",module,Magento_Checkout
"Items in Cart","Articoli nel Carrello",module,Magento_Checkout
"View Details","Vedi Dettagli",module,Magento_Checkout
"Contact Form","Modulo di Contatto",module,Magento_Contact
"Name: %name","Nome: %name",module,Magento_Contact
"Phone Number: %telephone","Numero di telefono: %telephone",module,Magento_Contact
"Comment: %comment","Commento: %comment",module,Magento_Contact
"Welcome to %store_name","Benvenuto a %store_name",module,Magento_Customer
"Welcome to %store_name.","Benvenuto su %store_name.",module,Magento_Customer
"To sign in to our site, use these credentials during checkout or on the <a href=""%customer_url"">My Account</a> page:","Per accedere al nostro sito, è necessario utilizzare queste credenziali durante il checkout o sulla pagina <a href=""%customer_url""> Mio Account</a>:",module,Magento_Customer
"Password you set when creating account","Password impostata durante la creazione account",module,Magento_Customer
"Forgot your account password? Click <a href=""%reset_url"">here</a> to reset it.","Hai dimenticato la password dell'account? Clicca <a href=""%reset_url"">qui</a> per reimpostarla.",module,Magento_Customer
"When you sign in to your account, you will be able to:","Quando accedi al tuo account, sarai in grado di:",module,Magento_Customer
"Proceed through checkout faster","Procedere velocemente attraverso il checkout",module,Magento_Customer
"Check the status of orders","Controlla gli status degli ordini",module,Magento_Customer
"View past orders","Mostra ordini passati",module,Magento_Customer
"Store alternative addresses (for shipping to multiple family members and friends)","Indirizzi alternativi negozio (per la spedizione di più membri della famiglia e gli amici)",module,Magento_Customer
"Please confirm your %store_name account","Si prega di confermare il tuo account %store_name",module,Magento_Customer
"You must confirm your %customer_email email before you can sign in (link is only valid once):","È necessario confermare il tuo indirizzo email %customer_email prima di poter accedere (il link è valido solo una volta):",module,Magento_Customer
"Confirm Your Account","Conferma il tuo Account",module,Magento_Customer
"Thank you for confirming your %store_name account.","Grazie per aver confermato il tuo account %store_name.",module,Magento_Customer
"To sign in to our site and set a password, click on the <a href=""%create_password_url"">link</a>:","Per accedere al nostro sito e impostare una password, clicca sul <a href=""%create_password_url"">link</a>:",module,Magento_Customer
"Your %store_name email has been changed","È stato modificato il tuo indirizzo email %store_name",module,Magento_Customer
"Hello,","Ciao,",module,Magento_Customer
"We have received a request to change the following information associated with your account at %store_name: email.","Abbiamo ricevuto una richiesta per modificare le seguenti informazioni, associate al tuo account presso %store_name: email.",module,Magento_Customer
"If you have not authorized this action, please contact us immediately at <a href=""mailto:%store_email"">%store_email</a>","Se non hai autorizzato questa operazione, contattaci immediatamente al %store_email",module,Magento_Customer
"or call us at <a href=""tel:%store_phone"">%store_phone</a>","o chiamaci al <a href=""tel:%store_phone"">%store_phone</a>",module,Magento_Customer
"Thanks,<br>%store_name","Grazie, <br>%store_name",module,Magento_Customer
"Your %store_name email and password has been changed","L'email di %store_name e password sono  stati modificati",module,Magento_Customer
"We have received a request to change the following information associated with your account at %store_name: email, password.","Abbiamo ricevuto una richiesta per modificare le seguenti informazioni, associate al tuo account presso %store_name: email.",module,Magento_Customer
"Reset your %store_name password","Reimpostare la password di %store_name",module,Magento_Customer
"There was recently a request to change the password for your account.","C'è stata recentemente una richiesta per modificare la password per il tuo account.",module,Magento_Customer
"If you requested this change, set a new password here:","Se hai richiesto questa modifica, imposta una nuova password qui:",module,Magento_Customer
"If you did not make this request, you can ignore this email and your password will remain the same.","Se non hai fatto questa richiesta, è possibile ignorare questa email e la tua password rimarrà immutata.",module,Magento_Customer
"Your %store_name password has been changed","È stata modificata la password di %store_name",module,Magento_Customer
"We have received a request to change the following information associated with your account at %store_name: password.","Abbiamo ricevuto una richiesta per modificare le seguenti informazioni, associate al tuo account presso %store_name: email.",module,Magento_Customer
"Checkout out as a new customer","Esegui il checkout come nuovo cliente",module,Magento_Customer
"Creating an account has many benefits:","La creazione di un account ha molti vantaggi:",module,Magento_Customer
"See order and shipping status","Vedere lo stato dell'ordine e della spedizione",module,Magento_Customer
"Track order history","Cronologia ordini",module,Magento_Customer
"Check out faster","Checkout più veloce",module,Magento_Customer
"Checkout out using your account","Esegui il checkout utilizzando il tuo account",module,Magento_Customer
"Email Address","Indirizzo email",module,Magento_Customer
"Currency Update Warnings","Avvisi aggiornamento valuta",module,Magento_Directory
Footer,"Piè di pagina",module,Magento_Email
"Thank you, %store_name","Grazie, %store_name",module,Magento_Email
Header,Intestazioni,module,Magento_Email
"Gift Message (optional)","Messaggio regalo (facoltativo)",module,Magento_GiftMessage
To:,A:,module,Magento_GiftMessage
From:,Da:,module,Magento_GiftMessage
Message:,Messaggio:,module,Magento_GiftMessage
Update,Aggiorna,module,Magento_GiftMessage
"Gift options","Opzioni regalo",module,Magento_GiftMessage
Edit,Modifica,module,Magento_GiftMessage
Delete,Elimina,module,Magento_GiftMessage
"Newsletter subscription confirmation","Conferma di sottoscrizione newsletter",module,Magento_Newsletter
"Thank you for subscribing to our newsletter.","Grazie per esserti iscritto alla nostra newsletter.",module,Magento_Newsletter
"To begin receiving the newsletter, you must first confirm your subscription by clicking on the following link:","Per iniziare a ricevere la newsletter, è prima necessario confermare l'abbonamento cliccando sul seguente link:",module,Magento_Newsletter
"Newsletter subscription success","Sottoscrizione alla Newsletter avvenuta",module,Magento_Newsletter
"You have been successfully subscribed to our newsletter.","Sei stato iscritto alla nostra newsletter.",module,Magento_Newsletter
"Newsletter unsubscription success","Cancellazione dalla Newsletter avvenuta",module,Magento_Newsletter
"You have been unsubscribed from the newsletter.","Sei stato cancellato dalla newsletter.",module,Magento_Newsletter
"Place Order","Effettua Ordine",module,Magento_OfflinePayments
"Place Order","Effettua Ordine",module,Magento_Payment
"Forgot an Item?","Hai dimenticato un oggetto?",module,Magento_Payment
"Edit Your Cart","Modifica il tuo carrello",module,Magento_Payment
"Sign a billing agreement to streamline further purchases with PayPal.","Firma un accordo di fatturazione per snellire ulteriormente gli acquisti con PayPal.",module,Magento_Paypal
"Continue to PayPal","Continua su PayPal",module,Magento_Paypal
"Save credit card information for future use.","Salvare le informazioni di carta di credito per un utilizzo futuro.",module,Magento_Paypal
"Check 'Remember Me' to access your shopping cart on this computer even if you are not signed in.","Controllo ""Ricordami"" per accedere al tuo carrello su questo computer anche se non sei iscritto.",module,Magento_Persistent
"Product alerts Cron error","Notificche prodotto Errore Cron",module,Magento_ProductAlert
"Product alerts cron warnings","Avvisi notifiche prodotto cron",module,Magento_ProductAlert
"Products price changed alert","Notifica cambiamento prezzo prodotti",module,Magento_ProductAlert
"Products back in stock alert","Notifica di Prodotto ritornato disponibile in Stock",module,Magento_ProductAlert
"Apply Discount Code","Applica il codice sconto",module,Magento_SalesRule
"Enter discount code","Inserisci il codice sconto",module,Magento_SalesRule
"Apply Discount","Applica sconto",module,Magento_SalesRule
"Cancel coupon","Annulla il Coupon",module,Magento_SalesRule
"Credit memo for your %store_name order","Nota Credito per il tuo ordine su %store_name",module,Magento_Sales
"Thank you for your order from %store_name.","Grazie per il tuo ordine da %store_name.",module,Magento_Sales
"You can check the status of your order by <a href=""%account_url"">logging into your account</a>.","È possibile controllare lo status del tuo ordine accedendo <a href=""%account_url"">al tuo account</a>.",module,Magento_Sales
"If you have questions about your order, you can email us at <a href=""mailto:%store_email"">%store_email</a>","Se hai domande sul tuo ordine, puoi inviare una email a <a href=""mailto:%store_email"">%store_email</a>",module,Magento_Sales
"or call us at <a href=""tel:%store_phone"">%store_phone</a>","o chiamaci al <a href=""tel:%store_phone"">%store_phone</a>",module,Magento_Sales
"Our hours are <span class=""no-link"">%store_hours</span>.","I nostri orari sono <span class=""no-link"">%store_hours</span>.",module,Magento_Sales
"Your Credit Memo #%creditmemo_id for Order #%order_id","La tua nota di credito #%creditmemo_id per l'ordine #%order_id",module,Magento_Sales
"Billing Info","Informazioni di fatturazione",module,Magento_Sales
"Shipping Info","Informazioni di spedizione",module,Magento_Sales
"Update to your %store_name credit memo","Aggiornamento della Nota Credito da %store_name",module,Magento_Sales
"Your order #%increment_id has been updated with a status of <strong>%order_status</strong>.","Il tuo ordine #%increment_id è stato aggiornato con lo status di <strong>%order_status</strong>.",module,Magento_Sales
"Invoice for your %store_name order","Fattura per il tuo ordine su %store_name",module,Magento_Sales
"Your Invoice #%invoice_id for Order #%order_id","La fattura #%invoice_id per l'ordine #%order_id",module,Magento_Sales
"Update to your %store_name invoice","Aggiornamento sulla tua fattura da %store_name",module,Magento_Sales
"Your %store_name order confirmation","Conferma del tuo ordine su %store_name",module,Magento_Sales
"Once your package ships we will send you a tracking number.","Una volta che il pacco sarà spedito, ti invieremo il numero di tracciamento.",module,Magento_Sales
"Your Order <span class=""no-link"">#%increment_id</span>","Il tuo ordine <span class=""no-link"">#%increment_id</span>",module,Magento_Sales
"Placed on <span class=""no-link"">%created_at</span>","Effettuato il <span class=""no-link"">%created_at</span>",module,Magento_Sales
"Once your package ships we will send an email with a link to track your order.","Una volta che il pacco sarà spedito, ti invieremo un'email con un link per tracciare il tuo ordine.",module,Magento_Sales
"Update to your %store_name order","Aggiornamento del tuo ordine da %store_name",module,Magento_Sales
"Your %store_name order has shipped","Il tuo ordine su %store_name è stato spedito",module,Magento_Sales
"Your shipping confirmation is below. Thank you again for your business.","La conferma di spedizione è qua sotto. Grazie ancora per l'acquisto.",module,Magento_Sales
"Your Shipment #%shipment_id for Order #%order_id","La tua spedizione #%shipment_id per l'ordine #%order_id",module,Magento_Sales
"Update to your %store_name shipment","Aggiornamento sulla tua spedizione da %store_name",module,Magento_Sales
"Welcome, %name","Benvenuto, %name",module,Magento_SendFriend
"%sender_name wants to share this product with you:","%sender_name vuole condividere questo prodotto con te:",module,Magento_SendFriend
"Message from %sender_name:","Messaggio da %sender_name:",module,Magento_SendFriend
"See our Shipping Policy","Vedi la nostra politica di spedizione",module,Magento_Shipping
"Sitemap generate Warnings","Avvisi relativi alla generazione del Sitemap",module,Magento_Sitemap
"Sitemap Generation Warnings","Avvisi generazione sitemap",module,Magento_Sitemap
"Welcome to %store_name.","Benvenuto a %store_name.",module,Magento_Theme
"To sign in to our site, use these credentials during checkout or on the <a href=""%customer_url"">My Account</a> page:","Per accedere al nostro sito, è necessario utilizzare queste credenziali durante il checkout o sulla pagina <a href=""%customer_url""> Mio Account</a>:",module,Magento_Theme
"Password you set when creating account","Password impostata durante la creazione account",module,Magento_Theme
"Forgot your account password? Click <a href=""%reset_url"">here</a> to reset it.","Hai dimenticato la password dell'account? Clicca <a href=""%reset_url"">qui</a> per reimpostarla.",module,Magento_Theme
"When you sign in to your account, you will be able to:","Accedendo al tuo account, sarai in grado di:",module,Magento_Theme
"Proceed through checkout faster","Procedere attraverso il check-out più veloce",module,Magento_Theme
"Check the status of orders","Controlla lo stato degli ordini",module,Magento_Theme
"View past orders","Mostra ordini precedenti",module,Magento_Theme
"Store alternative addresses (for shipping to multiple family members and friends)","Memorizzare indirizzi alternativi (per la spedizione a più membri della famiglia e agli amici)",module,Magento_Theme
"Changes have been made to this section that have not been saved.","Sono state apportate modifiche a questa sezione che non sono state salvate.",module,Magento_Ui
"This tab contains invalid data. Please resolve this before saving.","Questa scheda contiene dati non validi. Risolvi il problema prima di salvare.",module,Magento_Ui
Assign,Assegna,module,Magento_Ui
Options,Opzioni,module,Magento_Ui
"records found","record trovati",module,Magento_Ui
selected,selezionato,module,Magento_Ui
of,di,module,Magento_Ui
Filters,Filtri,module,Magento_Ui
"Password Reset Confirmation for %name","Conferma il ripristino della password per %name",module,Magento_User
"There was recently a request to change the password for your account.","C'è stata recentemente una richiesta per modificare la password per il tuo account.",module,Magento_User
"If you requested this change, reset your password here:","Se hai richiesto questa modifica, reimposta la password qui:",module,Magento_User
"If you did not make this request, you can ignore this email and your password will remain the same.","Se non hai fatto questa richiesta, è possibile ignorare questa email e la tua password rimarrà immutata.",module,Magento_User
"Thank you,","Grazie,",module,Magento_User
"New %changes for %user_name","Nuovo %changes per %user_name",module,Magento_User
"Hello,","Ciao,",module,Magento_User
"We have received a request to change the following information associated with your account at %store_name: %changes.","Abbiamo ricevuto una richiesta per modificare le informazioni seguenti associate al tuo account presso %store_name: %changes.",module,Magento_User
"If you have not authorized this action, please contact us immediately at %store_email","Se non hai autorizzato questa azione, contattaci immediatamente al %store_email",module,Magento_User
"or call us at %store_phone","o chiamaci al %store_phone",module,Magento_User
"Thanks,","Grazie,",module,Magento_User
"Take a look at %customer_name's Wish List","Date un'occhiata alla lista dei desideri di %customer_name",module,Magento_Wishlist
"%customer_name wants to share this Wish List from %store_name with you:","%customer_name vuole condividere questa lista desideri da %store_name con te:",module,Magento_Wishlist
"Message from %customer_name:","Messaggio da %customer_name:",module,Magento_Wishlist
"View all Wish List items","Mostra tutti gli elementi della lista desideri",module,Magento_Wishlist
"Welcome to %store_name","Benvenuto su %store_name",theme,frontend/Magento/luma
"Welcome to %store_name.","Benvenuto su %store_name.",theme,frontend/Magento/luma
"To sign in to our site, use these credentials during checkout or on the <a href=""%customer_url"">My Account</a> page:","Per accedere al nostro sito, è necessario utilizzare queste credenziali durante il checkout o sulla pagina <a href=""%customer_url""> Mio Account</a>:",theme,frontend/Magento/luma
"Password you set when creating account","Password impostata durante la creazione dell'account",theme,frontend/Magento/luma
"Forgot your account password? Click <a href=""%reset_url"">here</a> to reset it.","Hai dimenticato la password dell'account? Clicca <a href=""%reset_url"">qui</a> per reimpostarla.",theme,frontend/Magento/luma
"When you sign in to your account, you will be able to:","Accedendo al tuo account, sarai in grado di:",theme,frontend/Magento/luma
"Quick Checkout","Conferma ordine rapido",theme,frontend/Magento/luma
"Proceed through checkout faster","Procedere velocemente attraverso la conferma dell'ordine",theme,frontend/Magento/luma
"Order Status","Stato Ordine",theme,frontend/Magento/luma
"Check the status of orders","Controlla lo stato degli ordini",theme,frontend/Magento/luma
"Manage Addresses","Gestisci Indirizzi",theme,frontend/Magento/luma
"Store alternative addresses","Indirizzi alternativi del negozio",theme,frontend/Magento/luma
"For shipping to multiple family members and friends","Per spedizione a più membri della famiglia e a più amici",theme,frontend/Magento/luma
"Order History","Cronologia ordine",theme,frontend/Magento/luma
"View past orders","Mostra ordini precedenti",theme,frontend/Magento/luma
Footer,"Piè di pagina",theme,frontend/Magento/luma
"About Us","Chi siamo",theme,frontend/Magento/luma
"Customer Service","Assistenza Clienti",theme,frontend/Magento/luma
"<a href=""tel:%store_phone"">%store_phone</a>","<a href=""tel:%store_phone""> %store_phone</a>",theme,frontend/Magento/luma
"Hours of Operation:<br /><span class=""no-link"">%store_hours</span>.","Orari di apertura: <br/> <span class=""no-link"">%store_hours</span>.",theme,frontend/Magento/luma
"Credit memo for your %store_name order","Nota di credito per il tuo ordine su %store_name",theme,frontend/Magento/luma
"Thank you for your order from %store_name.","Grazie per il tuo ordine da %store_name.",theme,frontend/Magento/luma
"You can check the status of your order by <a href=""%account_url"">logging into your account</a>.","È possibile controllare lo stato del tuo ordine accedendo <a href=""%account_url"">al tuo account</a>.",theme,frontend/Magento/luma
"If you have questions about your order, you can email us at <a href=""mailto:%store_email"">%store_email</a>.","Se hai domande sul tuo ordine, puoi inviare una email a <a href=""mailto:%store_email"">%store_email</a>.",theme,frontend/Magento/luma
"Your Credit Memo #%creditmemo_id for Order #%order_id","La tua nota di credito #%creditmemo_id per l'ordine #%order_id",theme,frontend/Magento/luma
"Billing Info","Informazioni di fatturazione",theme,frontend/Magento/luma
"Shipping Info","Informazioni di spedizione",theme,frontend/Magento/luma
"Payment Method","Metodo di pagamento",theme,frontend/Magento/luma
"Shipping Method","Metodo di Spedizione",theme,frontend/Magento/luma
"Update to your %store_name credit memo","Aggiornamento sulla tua nota di credito da %store_name",theme,frontend/Magento/luma
"Your order #%increment_id has been updated with a status of <strong>%order_status</strong>.","Il tuo ordine #%increment_id è stato aggiornato allo stato di <strong>%order_status</strong>.",theme,frontend/Magento/luma
"Invoice for your %store_name order","Fattura per il tuo ordine su %store_name",theme,frontend/Magento/luma
"Your Invoice #%invoice_id for Order #%order_id","La fattura #%invoice_id per l'ordine #%order_id",theme,frontend/Magento/luma
"Update to your %store_name invoice","Aggiornamento sulla tua fattura da %store_name",theme,frontend/Magento/luma
"Your %store_name order confirmation","Conferma del tuo ordine su %store_name",theme,frontend/Magento/luma
"Once your package ships we will send you a tracking number.","Quando il pacco sarà spedito, ti invieremo il numero di tracking.",theme,frontend/Magento/luma
"Your Order <span class=""no-link"">#%increment_id</span>","Il tuo ordine <span class=""no-link"">#%increment_id</span>",theme,frontend/Magento/luma
"Placed on <span class=""no-link"">%created_at</span>","Effettuato il <span class=""no-link"">%created_at</span>",theme,frontend/Magento/luma
"Update to your %store_name order","Aggiornamento sul tuo ordine da %store_name",theme,frontend/Magento/luma
"Your %store_name order has shipped","Il tuo ordine su %store_name è stato spedito",theme,frontend/Magento/luma
"Your shipping confirmation is below. Thank you again for your business.","La conferma di spedizione è qua sotto. Grazie ancora per l'acquisto.",theme,frontend/Magento/luma
"Your Shipment #%shipment_id for Order #%order_id","La tua spedizione #%shipment_id per l'ordine #%order_id",theme,frontend/Magento/luma
"Update to your %store_name shipment","Aggiornamento sulla tua spedizione da %store_name",theme,frontend/Magento/luma
"We could not detect a size.","Non è possibile individuare una dimensione.",module,Magento_Backend
"We don't recognize or support this file extension type.","Non è possibile riconoscere o supportare questo tipo di estensione file.",module,Magento_Backend
"This payment is not available","Questo pagamento non è disponibile",module,Magento_Braintree
YY,AA,module,Magento_Braintree
"Please try again with another form of payment.","Si prega di riprovare con un\'altra forma di pagamento.",module,Magento_Braintree
"Sorry, but something went wrong.","Siamo spiacenti, ma qualcosa non ha funzionato.",module,Magento_Braintree
"Add Products to New Option","Aggiungi prodotti alla nuova opzione",module,Magento_Bundle
"Add Products to Option ""%1""","Aggiungi prodotti all'opzione ""%1""",module,Magento_Bundle
"Warning message","Messaggio di avviso",module,Magento_Catalog
Submit,Invia,module,Magento_Catalog
"We don't recognize or support this file extension type.","Non è possibile riconoscere o supportare questo tipo di estensione file.",module,Magento_Catalog
"Configure Product","Configura prodotto",module,Magento_Catalog
"Select type of option.","Seleziona il tipo di opzione.",module,Magento_Catalog
"Please add rows to option.","Aggiungi righe all'opzione.",module,Magento_Catalog
"Please select items.","Seleziona elementi.",module,Magento_Catalog
"Choose existing category.","Scegli categoria esistente.",module,Magento_Catalog
"Image Detail","Immagine dettaglio",module,Magento_Catalog
Adding...,Aggiunta...,module,Magento_Catalog
Added,Aggiunto,module,Magento_Catalog
"unselect all","deseleziona tutti",module,Magento_Catalog
Close,Chiudi,module,Magento_CheckoutAgreements
"Provided Zip/Postal Code seems to be invalid.","Il CAP fornito sembra non essere valido.",module,Magento_Checkout
"If you believe it is the right one you can ignore this notice.","Se credi che sia quello giusto puoi ignorare questo avviso.",module,Magento_Checkout
"Review & Payments","Recensione & Pagamenti",module,Magento_Checkout
"Select a new payment method","Selezionare un nuovo metodo di pagamento",module,Magento_Checkout
Shipping,Spedizione,module,Magento_Checkout
"Save Address","Salva indirizzo",module,Magento_Checkout
"We could not detect a size.","Non è possibile individuare una dimensione.",module,Magento_Cms
"New Product Review","Nuova recensione del prodotto",module,Magento_ConfigurableProduct
"Here are the products you're about to create.","Ecco i prodotti che stai per creare.",module,Magento_ConfigurableProduct
"You created these products for this configuration.","Hai creato questi prodotti per questa configurazione.",module,Magento_ConfigurableProduct
"Disassociated Products","Prodotti dissociati",module,Magento_ConfigurableProduct
"These products are not associated.","Questi prodotti non sono associati.",module,Magento_ConfigurableProduct
"Disable Product","Disattiva prodotto",module,Magento_ConfigurableProduct
"Enable Product","Attiva Prodotto",module,Magento_ConfigurableProduct
"Incl. Tax","Tasse incl.",module,Magento_ConfigurableProduct
"An attribute has been removed. This attribute will no longer appear in your configurations.","Un attributo è stato rimosso. Questo attributo non verrà visualizzato nelle tue configurazioni.",module,Magento_ConfigurableProduct
"Select options for all attributes or remove unused attributes.","Selezionare le opzioni per tutti gli attributi o rimuovi gli attributi inutilizzati.",module,Magento_ConfigurableProduct
"Please select attribute for {section} section.","Selezionare l'attributo per {section} sezione.",module,Magento_ConfigurableProduct
"Please fill in the values for {section} section.","Compilare i valori per {section} sezione.",module,Magento_ConfigurableProduct
"Please fill-in correct values.","Inserire valori corretti.",module,Magento_ConfigurableProduct
"Please select image(s) for your attribute.","Seleziona le immagini per l'attributo.",module,Magento_ConfigurableProduct
"Please choose image(s).","Scegli le immagini.",module,Magento_ConfigurableProduct
"We could not detect a size.","Non è possibile individuare una dimensione.",module,Magento_ConfigurableProduct
"We don't recognize or support this file extension type.","Non è possibile riconoscere o supportare questo tipo di estensione file.",module,Magento_ConfigurableProduct
"Please select attribute(s).","Seleziona uno o più attributi.",module,Magento_ConfigurableProduct
"Generate Products","Genera prodotti",module,Magento_ConfigurableProduct
"Something went wrong.","Qualcosa non ha funzionato.",module,Magento_ConfigurableProduct
"Are you sure you want to do this?","Sei sicuro di che voler fare questo?",module,Magento_Customer
"Are you sure you want to delete this address?","Sei sicuro di voler eliminare questo indirizzo?",module,Magento_Customer
Weak,Debole,module,Magento_Customer
Medium,Medio,module,Magento_Customer
Strong,Sicura,module,Magento_Customer
"Very Strong","Molto Sicura",module,Magento_Customer
"Guest checkout is disabled.","Per procedere con il pagamento devi registrarti.",module,Magento_Customer
"We could not detect a size.","Non è possibile individuare una dimensione.",module,Magento_Downloadable
"Sorry, something went wrong. Please try again later.","Siamo spiacenti, qualcosa è andato storto. Si prega di riprovare più tardi.",module,Magento_Integration
"Popup Blocker is enabled! Please add this site to your exception list.","Il blocco popup è attivato! Si prega di aggiungere questo sito all'elenco delle eccezioni.",module,Magento_Integration
Allow,Permetti,module,Magento_Integration
Done,Fatto,module,Magento_Integration
"We can't complete your order because you don't have a payment method set up.","Non è possibile completare l'ordine perchè non hai un metodo di pagamento installato.",module,Magento_Multishipping
"Please choose a payment method.","Si prega di scegliere un metodo di pagamento.",module,Magento_Multishipping
"Please enter a valid credit card type number.","Inserisci un numero di tipo di carta di credito valido.",module,Magento_Payment
"Please enter a valid credit card number.","Inserire un numero di carta di credito valido.",module,Magento_Payment
"Incorrect credit card expiration month.","Mese di scadenza della carta di credito non valido.",module,Magento_Payment
"Incorrect credit card expiration year.","Anno di scadenza della carta di credito non valido.",module,Magento_Payment
"An error occurred on the server. Please try to place the order again.","Si è verificato un errore sul server. Provare ad effettuare nuovamente l'ordine.",module,Magento_Payment
"Sorry, something went wrong.","Siamo spiacenti, qualcosa e andato storto.",module,Magento_Paypal
"Sorry, something went wrong. Please try again later.","Siamo spiacenti, qualcosa è andato storto. Si prega di riprovare più tardi.",module,Magento_Paypal
"Video Error","Errore video",module,Magento_ProductVideo
"Unknown video type","Tipo di video sconosciuto",module,Magento_ProductVideo
"Invalid video url","Url video non valido",module,Magento_ProductVideo
"Youtube API key is invalid","YouTube API key non valido",module,Magento_ProductVideo
"Video not found","Video non trovato",module,Magento_ProductVideo
"New Video","Nuovo Video",module,Magento_ProductVideo
Save,Salva,module,Magento_ProductVideo
Cancel,Annulla,module,Magento_ProductVideo
Delete,Elimina,module,Magento_ProductVideo
"Edit Video","Modifica Video",module,Magento_ProductVideo
"Images and Videos","Immagini e video",module,Magento_ProductVideo
"This won't take long . . .","Non ci vorrà molto . . .",module,Magento_Rule
"Your coupon was successfully removed.","Il coupon è stato rimosso correttamente.",module,Magento_SalesRule
"Your coupon was successfully applied.","Il coupon è stato applicato con successo.",module,Magento_SalesRule
"Add Products","Aggiungi Prodotti",module,Magento_Sales
"You have item changes","Tu hai cambiato l'oggetto",module,Magento_Sales
"These changes affect all related products.","Queste modifiche interessano tutti i prodotti correlati.",module,Magento_Swatches
"We could not detect a size.","Non è possibile individuare una dimensione.",module,Magento_Theme
"We don't recognize this file extension.","Non riconosciamo questa estensione file.",module,Magento_Theme
Add,Aggiungi,module,Magento_Ui
"Something went wrong.","Qualcosa è andato storto.",module,Magento_Ui
Yes,Sì,module,Magento_Ui
Done,Fatto,module,Magento_Ui
options,Opzioni,module,Magento_Ui
Select...,Seleziona...,module,Magento_Ui
Selected,Selezionato,module,Magento_Ui
"Select All","Seleziona tutto",module,Magento_Ui
"Deselect All","Deseleziona tutto",module,Magento_Ui
"Select All on This Page","Seleziona tutto di questa pagina",module,Magento_Ui
"Deselect All on This Page","Deseleziona tutto della pagina",module,Magento_Ui
On,Attivo,module,Magento_Ui
Off,"Non attivo",module,Magento_Ui
"Go to Details Page","Vai alla pagina dei dettagli",module,Magento_Ui
"New View","Nuova visualizzazione",module,Magento_Ui
"Default View","Visualizzazione predefinita",module,Magento_Ui
"${ $.visible } out of ${ $.total } visible","${ $.visible } su ${ $.total } visibili",module,Magento_Ui
"You have successfully saved your edits.","Le tue modifiche sono state salvate correttamente.",module,Magento_Ui
"You haven't selected any items!","Non hai selezionato alcun elemento!",module,Magento_Ui
"Search by keyword","Ricerca per parola chiave",module,Magento_Ui
Keyword,"Parola chiave",module,Magento_Ui
"Select Date","Selezione Date",module,Magento_Ui
"Please enter more or equal than {0} symbols.","Inserisci un numero di simboli maggiori o uguali a {0}.",module,Magento_Ui
"Please enter less or equal than {0} symbols.","Inserisci un numero di simboli minore o uguale a {0}.",module,Magento_Ui
"Please enter {0} words or less.","Inserisci {0} parole o meno.",module,Magento_Ui
"Please enter at least {0} words.","Inserisci almeno {0} parole.",module,Magento_Ui
"Please enter between {0} and {1} words.","Inserisci un numero di parole tra {0} e {1}.",module,Magento_Ui
"Letters or punctuation only please","Solo lettere o segni di punteggiatura",module,Magento_Ui
"Letters, numbers, spaces or underscores only please","Solo lettere, numeri, spazi e underscore",module,Magento_Ui
"Letters only please","Solo lettere",module,Magento_Ui
"No white space please","Nessuno spazio bianco",module,Magento_Ui
"Your ZIP-code must be in the range 902xx-xxxx to 905-xx-xxxx","Il tuo codice postale deve essere nell'intervallo 902xx-xxxx a 905-xx-xxxx",module,Magento_Ui
"A positive or negative non-decimal number please","Inserisci un numero positivo o negativo non decimale",module,Magento_Ui
"The specified vehicle identification number (VIN) is invalid.","Il numero di identificazione specificato del veicolo (VIN) non è valido.",module,Magento_Ui
"Please enter a correct date","Inserisci una data corretta",module,Magento_Ui
"Please enter a valid time, between 00:00 and 23:59","Inserisci un'ora valida, dalle 00:00 alle 23.59",module,Magento_Ui
"Please enter a valid time, between 00:00 am and 12:00 pm","Inserisci un'ora valida, dalle 00:00 am alle 12:00 pm",module,Magento_Ui
"Please specify a valid phone number","Specifica un numero di telefono valido",module,Magento_Ui
"Please specify a valid mobile number","Specifica un numero di cellulare valido",module,Magento_Ui
"Please enter at least {0} characters","Inserisci almeno {0} caratteri",module,Magento_Ui
"Please enter a valid credit card number.","Inserisci un numero di carta di credito valida.",module,Magento_Ui
"Please enter a valid IP v4 address.","Inserisci un indirizzo IP v4 valido.",module,Magento_Ui
"Please enter a valid IP v6 address.","Inserisci un indirizzo IP v6 valido.",module,Magento_Ui
"Invalid format.","Formato non valido.",module,Magento_Ui
"HTML tags are not allowed.","I tag HTML non sono ammessi.",module,Magento_Ui
"Please select an option.","Seleziona un'opzione.",module,Magento_Ui
"Empty Value.","Valore vuoto.",module,Magento_Ui
"Please use only letters (a-z or A-Z), numbers (0-9) or spaces only in this field.","Utilizza solo lettere (a-z o A-Z), numeri (0-9) o spazi in questo campo.",module,Magento_Ui
"Please use only letters (a-z or A-Z), numbers (0-9) or underscore (_) in this field, and the first character should be a letter.","Utilizza solo lettere (a-z o A-Z), numeri (0-9) o underscore (_) in questo campo, e il primo carattere deve essere una lettera.",module,Magento_Ui
"Please use only letters (a-z or A-Z), numbers (0-9), spaces and ""#"" in this field.","Utilizza solo lettere (a-z o A-Z), numeri (0-9), spazi e ""#"" in questo campo.",module,Magento_Ui
"Please enter a valid phone number. For example (123) 456-7890 or 123-456-7890.","Inserisci un numero di telefono valido. Per esempio (123) 456-7890 o 123-456-7890.",module,Magento_Ui
"Please enter a valid fax number (Ex: 123-456-7890).","Inserisci un numero di fax valido (Ex: 123-456-7890).",module,Magento_Ui
"Please enter a valid email address (Ex: johndoe@domain.com).","Inserisci un indirizzo email valido (Es: mariorossi@dominio.it).",module,Magento_Ui
"Please enter 6 or more characters. Leading and trailing spaces will be ignored.","Inserisci 6 o più caratteri. Gli spazi iniziali o finali verranno ignorati.",module,Magento_Ui
"Please enter 7 or more characters, using both numeric and alphabetic.","Inserisci 7 o più caratteri, utilizzando sia caratteri numerici che alfabetici.",module,Magento_Ui
"Please enter a valid URL. Protocol is required (http://, https:// or ftp://).","Inserisci una URL valida. È necessario specificare il protocollo (http://, https:// o ftp://).",module,Magento_Ui
"Please enter a valid URL. For example http://www.example.com or www.example.com.","Inserisci una URL valida. Ad esempio http://www.example.com o www.example.com.",module,Magento_Ui
"Please enter a valid XML-identifier (Ex: something_1, block5, id-4).","Inserisci un identificatore XML valido (Es: something_1, block5, id-4).",module,Magento_Ui
"Please enter a valid social security number (Ex: 123-45-6789).","Inserisci un numero di previdenza sociale valido (Ex: 123-45-6789).",module,Magento_Ui
"Please enter a valid zip code (Ex: 90602 or 90602-1234).","Inserisci un Cap valido (Es: 09032).",module,Magento_Ui
"Please use this date format: dd/mm/yyyy. For example 17/03/2006 for the 17th of March, 2006.","Usa questo formato data: gg/mm/aaaa. Per esempio 17/03/2006 per il 17 marzo, 2006.",module,Magento_Ui
"Please enter a valid $ amount. For example $100.00.","Inserisci un importo € valido. Per esempio €100,00.",module,Magento_Ui
"Please enter a number 0 or greater in this field.","Inserire un numero maggiore o uguale a 0 in questo campo.",module,Magento_Ui
"Please enter a number greater than 0 in this field.","Inserisci un numero maggiore di 0 in questo campo.",module,Magento_Ui
"Please input a valid CSS-length (Ex: 100px, 77pt, 20em, .5ex or 50%).","Inserisci una lunghezza CSS valida (Es: 100px, 77pt, 20em, .5ex o 50%).",module,Magento_Ui
"Please enter a valid number in this field.","Inserire un numero valido in questo campo.",module,Magento_Ui
"The value is not within the specified range.","Il valore non è compreso nell'intervallo specificato.",module,Magento_Ui
"Please use letters only (a-z or A-Z) in this field.","Usa solo lettere (a-z o A-Z) in questo campo.",module,Magento_Ui
"Please use only letters (a-z), numbers (0-9) or underscore (_) in this field, and the first character should be a letter.","Utilizza solo lettere (a-z o A-Z), numeri (0-9) o underscore (_) in questo campo, e il primo carattere deve essere una lettera.",module,Magento_Ui
"Please use only letters (a-z or A-Z) or numbers (0-9) in this field. No spaces or other characters are allowed.","Utilizza solo lettere (a-z o A-Z) o numeri (0-9) in questo campo. Nessuno spazio o altri caratteri sono consentiti.",module,Magento_Ui
"Please enter a valid date.","Inserisci una data valida.",module,Magento_Ui
"Please enter a valid URL Key (Ex: ""example-page"", ""example-page.html"" or ""anotherlevel/example-page"").","Inserisci una URL key valida (Es: ""pagina-esempio"", ""pagina-esempio.html"" o ""altrolivello/pagina-esempio"").",module,Magento_Ui
"Please enter a valid zip code.","Inserisci un codice cap valido.",module,Magento_Ui
"Please select State/Province.","Seleziona la provincia.",module,Magento_Ui
"Please enter a value less than or equal to {0}.","Inserisci un valore minore o uguale a {0}.",module,Magento_Ui
"Please enter a value greater than or equal to {0}.","Si prega di inserire un valore maggiore o uguale a {0}.",module,Magento_Ui
"Please enter issue number or start date for switch/solo card type.","Inserisci il numero di emissione o data di inizio per tipo di carta switch/solo.",module,Magento_Ui
"This is a required field.","Questo è un campo obbligatorio.",module,Magento_Ui
"Please enter positive number in this field.","Inserisci un numero positivo in questo campo.",module,Magento_Ui
"Please enter a valid value, ex: 10,20,30","Inserisci un valore valido, es: 10,20,30",module,Magento_Ui
"We don't recognize or support this file extension type.","Non riconoscere o supportano questo tipo di estensione di file.",module,Magento_Ui
"File you are trying to upload exceeds maximum file size limit.","Stai tentando di caricare un file che supera il limite di dimensione massima dei file.",module,Magento_Ui
"Please use tag SCRIPT with SRC attribute or with proper content to include JavaScript to the document.","Si prega di utilizzare il tag SCRIPT con l'attributo SRC o con contenuto appropriato per includere JavaScript al documento.",module,Magento_Ui
"The date is not within the specified range.","La data non è compresa nell'intervallo specificato.",module,Magento_Ui
Attention,Attenzione,module,Magento_Ui
Close,Chiudi,module,Magento_Ui
Cancel,Annulla,module,Magento_Vault
"Show Toolbar","Mostra Toolbar",module,Magento_AdminNotification
"Show List","Mostra lista",module,Magento_AdminNotification
"Use HTTPS to Get Feed","Utilizza HTTPS per ottenere i Feed",module,Magento_AdminNotification
"Update Frequency","Frequenza di aggiornamento",module,Magento_AdminNotification
"Last Update","Ultimo aggiornamento",module,Magento_AdminNotification
Severity,Gravità,module,Magento_AdminNotification
"Date Added","Data Inserimento",module,Magento_AdminNotification
Message,Messaggio,module,Magento_AdminNotification
Actions,Azioni,module,Magento_AdminNotification
Enabled,Abilitato,module,Magento_Authorizenet
"Payment Action","Azione di pagamento",module,Magento_Authorizenet
Title,Titolo,module,Magento_Authorizenet
"New Order Status","Nuovo status ordine",module,Magento_Authorizenet
"Test Mode","Modalità test",module,Magento_Authorizenet
"Gateway URL","URL gateway",module,Magento_Authorizenet
"Transaction Details URL","Url dettagli transazione",module,Magento_Authorizenet
"Accepted Currency","Valuta accettata",module,Magento_Authorizenet
"Email Customer","Email cliente",module,Magento_Authorizenet
"Merchant's Email","Email dle venditore",module,Magento_Authorizenet
"Credit Card Types","Tipi di carta di credito",module,Magento_Authorizenet
"Credit Card Verification","Verifica della carta di credito",module,Magento_Authorizenet
"Payment from Applicable Countries","Pagamento dai paesi applicabili",module,Magento_Authorizenet
"Payment from Specific Countries","Pagamento da Paesi specifici",module,Magento_Authorizenet
"Minimum Order Total","Totale ordine minimo",module,Magento_Authorizenet
"Maximum Order Total","Totale ordine massimo",module,Magento_Authorizenet
"Sort Order",Ordinamento,module,Magento_Authorizenet
"Allow everything","Consenti tutto",module,Magento_Backend
"Global Search","Ricerca globale",module,Magento_Backend
"SEO & Search","Ricerca & SEO",module,Magento_Backend
"User Content","Contenuti dell\'utente",module,Magento_Backend
Content,Contenuto,module,Magento_Backend
Elements,Elementi,module,Magento_Backend
Schedule,Pianifica,module,Magento_Backend
Settings,Impostazioni,module,Magento_Backend
"All Stores","Tutti i negozi",module,Magento_Backend
Attributes,Attributi,module,Magento_Backend
"Other Settings","Altre impostazioni",module,Magento_Backend
"Data Transfer","Trasferimento dati",module,Magento_Backend
"Package Extensions","Pacchetto Estensioni",module,Magento_Backend
Tools,Strumenti,module,Magento_Backend
"Web Setup Wizard","Configurazione guidata Web",module,Magento_Backend
Currency,Valuta,module,Magento_Backend
Communications,Comunicazioni,module,Magento_Backend
Services,Servizi,module,Magento_Backend
Advanced,Avanzate,module,Magento_Backend
"Disable Modules Output","Disattiva l'Output dei moduli",module,Magento_Backend
"Store Email Addresses","Indirizzi email negozio",module,Magento_Backend
"Custom Email 1","Email personalizzata 1",module,Magento_Backend
"Sender Email","Email mittente",module,Magento_Backend
"Sender Name","Nome mittente",module,Magento_Backend
"Custom Email 2","Email personalizzata 2",module,Magento_Backend
"General Contact","Contatto generale",module,Magento_Backend
"Sales Representative","Rappresentante di vendita",module,Magento_Backend
"Customer Support","Assistenza clienti",module,Magento_Backend
Developer,Sviluppatore,module,Magento_Backend
"Enabled Template Path Hints for Storefront","Abilita il suggeritore percorso template per il frontend",module,Magento_Backend
"Enabled Template Path Hints for Admin","Abilita i suggerimenti percorso template per l'admin",module,Magento_Backend
"Add Block Names to Hints","Aggiungi nomi dei blocchi ai suggerimenti",module,Magento_Backend
"Template Settings","Impostazioni template",module,Magento_Backend
"Allow Symlinks","Consentire i Symlinks",module,Magento_Backend
"Warning! Enabling this feature is not recommended on production environments because it represents a potential security risk.","Attenzione! L'abilitazione di questa funzionalità non è raccomandata in ambienti di produzione perché rappresenta un potenziale rischio di sicurezza.",module,Magento_Backend
"Minify Html","Minimizza Html",module,Magento_Backend
"Minification is not applied in developer mode.","La minimizzazione non viene applicata in modalità sviluppatore.",module,Magento_Backend
"Translate Inline","Traduttore inline",module,Magento_Backend
"Enabled for Storefront","Abilitato per il frontend",module,Magento_Backend
"Enabled for Admin","Abilitato per l'Admin",module,Magento_Backend
"Translate, blocks and other output caches should be disabled for both Storefront and Admin inline translations.","Le cache di traduzioni, blocchi e altri di output devono essere disabilitate per le traduzioni inline sia Frontend che Admin.",module,Magento_Backend
"JavaScript Settings","Impostazioni JavaScript",module,Magento_Backend
"Merge JavaScript Files","Unisci i file JavaScript",module,Magento_Backend
"Enable JavaScript Bundling","Abilita raggruppamento Javascript",module,Magento_Backend
"Minify JavaScript Files","Minimizza i file JavaScript",module,Magento_Backend
"CSS Settings","Impostazioni CSS",module,Magento_Backend
"Merge CSS Files","Unisci file CSS",module,Magento_Backend
"Minify CSS Files","Minimizza i file CSS",module,Magento_Backend
"Image Processing Settings","Impostazioni di elaborazione immagine",module,Magento_Backend
"Image Adapter","Adattatore immagine",module,Magento_Backend
"Static Files Settings","Impostazioni file statici",module,Magento_Backend
"Sign Static Files","Accedi ai file statici",module,Magento_Backend
"Country Options","Opzioni Paese",module,Magento_Backend
"Allow Countries","Paesi consentiti",module,Magento_Backend
"Default Country","Paese predefinito",module,Magento_Backend
"European Union Countries","Paesi dell'Unione Europea",module,Magento_Backend
"Top destinations","Destinazioni principali",module,Magento_Backend
"Locale Options","Opzioni Localizzazione",module,Magento_Backend
Timezone,"Fuso orario",module,Magento_Backend
Locale,Localizzazione,module,Magento_Backend
"First Day of Week","Primo giorno della settimana",module,Magento_Backend
"Weekend Days","Giorni del fine settimana",module,Magento_Backend
"Store Name","Nome Negozio",module,Magento_Backend
"Store Phone Number","Numero di telefono Negozio",module,Magento_Backend
"Store Hours of Operation","Orari di apertura",module,Magento_Backend
Country,Paese,module,Magento_Backend
Region/State,Provincia,module,Magento_Backend
"ZIP/Postal Code","Codice Postale",module,Magento_Backend
City,Città,module,Magento_Backend
"Street Address",Indirizzo,module,Magento_Backend
"Street Address Line 2","Riga di indirizzo 2",module,Magento_Backend
"VAT Number","Partita Iva",module,Magento_Backend
"Single-Store Mode","Modalità singolo store",module,Magento_Backend
"Enable Single-Store Mode","Attiva la modalità store singolo",module,Magento_Backend
"This setting will not be taken into account if system has more than one store view.","Questa impostazione non verrà presa in considerazione se il sistema ha più di una vista negozio.",module,Magento_Backend
"Mail Sending Settings","Impostazioni di invio email",module,Magento_Backend
"Disable Email Communications","Disattiva le comunicazioni email",module,Magento_Backend
"Port (25)","Porta (25)",module,Magento_Backend
"Set Return-Path","Imposta il percorso di ritorno",module,Magento_Backend
"Return-Path Email","Email percorso di ritorno",module,Magento_Backend
"Admin User Emails","Email utente admin",module,Magento_Backend
"Forgot Password Email Template","Template email password dimenticata",module,Magento_Backend
"Email template chosen based on theme fallback when ""Default"" option is selected.","Il template email scelto basato su fallback del tema quando è selezionata l'opzione ""Predefinito"".",module,Magento_Backend
"Forgot and Reset Email Sender","Mittente email dimenticata e reset",module,Magento_Backend
"Startup Page","Pagina di avvio",module,Magento_Backend
"Admin Base URL","Base URL Admin",module,Magento_Backend
"Use Custom Admin URL","Usa URL personalizzato per l'Admin",module,Magento_Backend
"Custom Admin URL","URL personalizzato Admin",module,Magento_Backend
"Make sure that base URL ends with '/' (slash), e.g. http://yourdomain/magento/","Assicurati che URL di base si concluda con ' /' (slash), ad es. l'http://tuodominio/magento/",module,Magento_Backend
"Use Custom Admin Path","Usa percorso personalizzato per l'Admin",module,Magento_Backend
"Custom Admin Path","Percorso Admin personalizzato",module,Magento_Backend
"You will have to sign in after you save your custom admin path.","Dovrai effettuare l'accesso dopo aver salvato il percorso personalizzato dell'admin.",module,Magento_Backend
Security,Sicurezza,module,Magento_Backend
"Recovery Link Expiration Period (hours)","Periodo di scadenza del link di recupero (ore)",module,Magento_Backend
"Please enter a number 1 or greater in this field.","Inserire un numero maggiore o uguale a 1 in questo campo.",module,Magento_Backend
"Add Secret Key to URLs","Aggiungi la chiave segreta agli URL",module,Magento_Backend
"Login is Case Sensitive","Il login è Case Sensitive",module,Magento_Backend
"Admin Session Lifetime (seconds)","Durata sessione admin (secondi)",module,Magento_Backend
"Please enter at least 60 and at most 31536000 (one year).","Per favore inserire almeno 60 ed al massimo 31536000 (in un anno).",module,Magento_Backend
"Enable Charts","Abilita i grafici",module,Magento_Backend
"Url Options","Opzioni Url",module,Magento_Backend
"Add Store Code to Urls","Aggiungi il codice negozio all'Url",module,Magento_Backend
"Auto-redirect to Base URL","Auto-reindirizzamento al Base URL",module,Magento_Backend
"Search Engine Optimization","Ottimizzazione Motori di ricerca",module,Magento_Backend
"Use Web Server Rewrites","Usa Web Server Rewrites",module,Magento_Backend
"Specify URL or {{base_url}} placeholder.","Specifica URL o placeholder {{base_url}}.",module,Magento_Backend
"Base Link URL","URL Link Base",module,Magento_Backend
"Base URL for Static View Files","Base URL per i file della vista statica",module,Magento_Backend
"May be empty or start with {{unsecure_base_url}} placeholder.","Può essere vuoto o iniziare con il placeholder {{unsecure_base_url}}.",module,Magento_Backend
"Base URL for User Media Files","Base URL per i file media dell'utente",module,Magento_Backend
"Base URLs (Secure)","Base URLs (sicuro)",module,Magento_Backend
"Secure Base URL","Base URL Sicuro",module,Magento_Backend
"Specify URL or {{base_url}}, or {{unsecure_base_url}} placeholder.","Specifica segnaposto URL o {{base_url}} o {{unsecure_base_url}}.",module,Magento_Backend
"Secure Base Link URL","URL link base sicuro",module,Magento_Backend
"Secure Base URL for Static View Files","URL base sicuro per file vista statica",module,Magento_Backend
"May be empty or start with {{secure_base_url}}, or {{unsecure_base_url}} placeholder.","Può essere vuoto o iniziare con segnaposto {{secure_base_url}}, o {{unsecure_base_url}}.",module,Magento_Backend
"Secure Base URL for User Media Files","Base URL sicura per i file media dell'utente",module,Magento_Backend
"Use Secure URLs on Storefront","Usa URL sicuri per il frontend",module,Magento_Backend
"Use Secure URLs in Admin","Usa URL sicuri per l'admin",module,Magento_Backend
"Enable HTTP Strict Transport Security (HSTS)","Abilita la sicurezza rigida per il trasporto di HTTP (HTTP Strict Transport Security - HSTS)",module,Magento_Backend
"Upgrade Insecure Requests","Promuovi le richieste insicure",module,Magento_Backend
"Offloader header","Header Offloader",module,Magento_Backend
"Default Pages","Pagine predefinite",module,Magento_Backend
"Default Web URL","URL Web predefinito",module,Magento_Backend
"Default No-route URL","URL No-route predefinita",module,Magento_Backend
"Session Validation Settings","Impostazioni di validazione sessione",module,Magento_Backend
"Validate REMOTE_ADDR","Validare REMOTE_ADDR",module,Magento_Backend
"Validate HTTP_VIA","Validare HTTP_VIA",module,Magento_Backend
"Validate HTTP_X_FORWARDED_FOR","Validare HTTP_X_FORWARDED_FOR",module,Magento_Backend
"Validate HTTP_USER_AGENT","Valida HTTP_USER_AGENT",module,Magento_Backend
"Use SID on Storefront","Usa SID sul frontend",module,Magento_Backend
"Allows customers to stay logged in when switching between different stores.","Consente ai clienti di rimanere connessi quando si passa tra diversi store.",module,Magento_Backend
"Cache Type","Tipo di cache",module,Magento_Backend
Description,Descrizione,module,Magento_Backend
Tags,Tag,module,Magento_Backend
"<h1 class=""page-heading"">404 Error</h1><p>Page not found.</p>","<h1 class=""page-heading"">Errore 404</h1> <p>Pagina non trovata.</p>",module,Magento_Backend
"Default Theme","Tema predefinito",module,Magento_Backend
"Applied Theme","Tema applicato",module,Magento_Backend
"If no value is specified, the system default is used. The system default may be modified by third party extensions.","Se non è specificato alcun valore, viene utilizzato il valore predefinito dal sistema. Il valore predefinito dal sistema potrebbe essere modificato da estensioni di terze parti.",module,Magento_Backend
"Design Rule","Regola Design",module,Magento_Backend
"User Agent Rules","Regole agente utente",module,Magento_Backend
Pagination,Paginazione,module,Magento_Backend
"Pagination Frame","Frame paginazione",module,Magento_Backend
"How many links to display at once.","Quanti link da visualizzare per volta.",module,Magento_Backend
"Pagination Frame Skip","Salta Frame paginazione",module,Magento_Backend
"If current frame position does not cover utmost pages, it renders the link to current position plus/minus this value.","Se l'attuale posizione del frame non copre il totale della pagine, creerà un link alla posizione corrente più/meno questo valore.",module,Magento_Backend
"Anchor Text for Previous","Testo ancora per Precedente",module,Magento_Backend
"Alternative text for the previous pages link in the pagination menu. If empty, the default arrow image is used.","Testo alternativo per il link alle pagine precedenti nel menu di impaginazione. Se vuoto, viene utilizzata l'immagine freccia predefinita.",module,Magento_Backend
"Anchor Text for Next","Testo ancora per Successivo",module,Magento_Backend
"Alternative text for the next pages link in the pagination menu. If empty, default arrow image is used.","Testo alternativo per il link alle pagine successive nel menu di impaginazione. Se vuoto, viene utilizzata l'immagine freccia predefinita.",module,Magento_Backend
"Theme Name","Nome Tema",module,Magento_Backend
"Scheduled Backup Settings","Impostazioni backup pianificati",module,Magento_Backup
"Enable Scheduled Backup","Abilita backup pianificati",module,Magento_Backup
"Backup Type","Tipo di backup",module,Magento_Backup
"Start Time","Ora di inizio",module,Magento_Backup
Frequency,Frequenza,module,Magento_Backup
"Maintenance Mode","Modalità manutenzione",module,Magento_Backup
Delete,Elimina,module,Magento_Backup
"Are you sure you want to delete the selected backup(s)?","Sei sicuro di che voler eliminare i backup selezionati?",module,Magento_Backup
Time,Orario,module,Magento_Backup
Name,Nome,module,Magento_Backup
Size(bytes),Dimensione(bytes),module,Magento_Backup
Type,Tipo,module,Magento_Backup
Download,Scarica,module,Magento_Backup
Action,Azione,module,Magento_Backup
"Accept credit/debit cards and PayPal in your Magento store.<br/>No setup or monthly fees and your customers never leave your store to complete the purchase.","Accett carte di credito e PayPal nel tuo negozio Magento. <br/> Nessuna installazione o costi mensili e i vostri clienti non lasceranno mai il tuo negozio per completare l'acquisto.",module,Magento_Braintree
"Enable this Solution","Abilita questa soluzione",module,Magento_Braintree
"Enable PayPal through Braintree","Abilita PayPal attraverso Braintree",module,Magento_Braintree
"Basic Braintree Settings","Impostazioni di base Braintree",module,Magento_Braintree
Title,Titolo,module,Magento_Braintree
Environment,Ambiente,module,Magento_Braintree
"Payment Action","Azione di pagamento",module,Magento_Braintree
"Merchant ID","ID Venditore",module,Magento_Braintree
"Public Key","Chiave pubblica",module,Magento_Braintree
"Private Key","Chiave privata",module,Magento_Braintree
"Advanced Braintree Settings","Impostazioni avanzate Braintree",module,Magento_Braintree
"Vault Title","Titolo di Deposito",module,Magento_Braintree
"Merchant Account ID","ID Account Venditore",module,Magento_Braintree
"Advanced Fraud Protection","Protezione avanzata anti-frode",module,Magento_Braintree
"CVV Verification","Verifica CVV",module,Magento_Braintree
"Credit Card Types","Tipi di carta di credito",module,Magento_Braintree
"Sort Order",Ordinamento,module,Magento_Braintree
"Country Specific Settings","Impostazioni specifiche paese",module,Magento_Braintree
"Payment from Applicable Countries","Pagamento dai paesi applicabili",module,Magento_Braintree
"Payment from Specific Countries","Pagamento da Paesi specifici",module,Magento_Braintree
"Country Specific Credit Card Types","Tipi di carta di credito specifiche per paese",module,Magento_Braintree
"PayPal through Braintree","PayPal attraverso Braintree",module,Magento_Braintree
"Override Merchant Name","Sovrascrivi nome venditore",module,Magento_Braintree
"Require Customer's Billing Address","Richiede l'indirizzo di fatturazione del cliente",module,Magento_Braintree
"Allow to Edit Shipping Address Entered During Checkout on PayPal Side","Consente di modificare l'indirizzo di spedizione inserito durante il checkout lato PayPal",module,Magento_Braintree
"Display on Shopping Cart","Mostra nel carrello",module,Magento_Braintree
"Skip Order Review","Salta revisione ordine",module,Magento_Braintree
"3D Secure Verification Settings","Impostazioni di verifica 3D Secure",module,Magento_Braintree
"3D Secure Verification","Verifica 3D Secure",module,Magento_Braintree
"Threshold Amount","Importo soglia",module,Magento_Braintree
"Verify for Applicable Countries","Verifica per paesi applicabili",module,Magento_Braintree
"Verify for Specific Countries","Verifica per determinati paesi",module,Magento_Braintree
"Dynamic Descriptors","Descrittori dinamici",module,Magento_Braintree
Name,Nome,module,Magento_Braintree
Phone,"Numero di telefono",module,Magento_Braintree
"Apply filters in order to get results. Only first 100 records will be displayed in the grid, you will be able to download full version of the report in .csv format.","Applicare i filtri al fine di ottenere i risultati. Verranno visualizzati solo i primi 100 record nella griglia, sarai in grado di scaricare la versione completa del report in formato .csv.",module,Magento_Braintree
Select...,Seleziona...,module,Magento_Braintree
Status,Stato,module,Magento_Braintree
"Transaction Type","Tipo di Transazione",module,Magento_Braintree
"Payment Type","Tipo Pagamento",module,Magento_Braintree
"PayPal Payment ID","ID pagamento PayPal",module,Magento_Braintree
"Created At","Creato il",module,Magento_Braintree
"Transaction ID","ID Transazione",module,Magento_Braintree
"Order ID","ID ordine",module,Magento_Braintree
Type,Tipo,module,Magento_Braintree
Amount,Importo,module,Magento_Braintree
"Settlement Code","Codice Saldo",module,Magento_Braintree
"Settlement Response Text","Testo di risposta per il saldo",module,Magento_Braintree
"Refund Ids","ID di rimborso",module,Magento_Braintree
"Settlement Batch ID","Id lotto di pagamento",module,Magento_Braintree
Currency,Valuta,module,Magento_Braintree
Select...,Seleziona...,module,Magento_Bundle
Thumbnail,Miniatura,module,Magento_Bundle
Type,Tipo,module,Magento_Bundle
"Enable CAPTCHA in Admin","Abilita CAPTCHA in Admin",module,Magento_Captcha
"Displaying Mode","Modalità di visualizzazione",module,Magento_Captcha
"Number of Unsuccessful Attempts to Login","Numero di tentativi di Login falliti",module,Magento_Captcha
"If 0 is specified, CAPTCHA on the Login form will be always available.","Se si specifica 0, il CAPTCHA nel form di accesso sarà sempre disponibile.",module,Magento_Captcha
"CAPTCHA Timeout (minutes)","Timeout CAPTCHA (minuti)",module,Magento_Captcha
"Number of Symbols","Numero di simboli",module,Magento_Captcha
"Please specify 8 symbols at the most. Range allowed (e.g. 3-5)","Specifica al massimo 8 simboli. Intervallo consentito (ad es. 3-5)",module,Magento_Captcha
"Symbols Used in CAPTCHA","Simboli utilizzati nel CAPTCHA",module,Magento_Captcha
"Case Sensitive",Maiuscole/minuscole,module,Magento_Captcha
"Enable CAPTCHA on Storefront","Usa solo lettere (a-z o A-Z) o numeri (0-9) in questo campo. Non sono consentiti spazi o altri caratteri. <br/> Caratteri con aspetto simile (per esempio ""i"", ""l"", ""1"") diminuiscono la probabilità di riconoscimento corretto dal parte del cliente.",module,Magento_Captcha
"CAPTCHA for ""Create user"" and ""Forgot password"" forms is always enabled if chosen.","Il CAPTCHA per i form ""Crea utente"" e ""Password dimenticata"" è sempre attivato se scelto.",module,Magento_Captcha
"Inventory Section","Sezione magazzino",module,Magento_CatalogInventory
Inventory,Inventario,module,Magento_CatalogInventory
"Stock Options","Opzioni inventario",module,Magento_CatalogInventory
"Decrease Stock When Order is Placed","Diminuisci l'inventario quando l'ordine viene eseguito",module,Magento_CatalogInventory
"Set Items' Status to be In Stock When Order is Cancelled","Imposta lo status degli elementi in disponibile quando l'ordine è cancellato",module,Magento_CatalogInventory
"Display Out of Stock Products","Mostra i prodotti non disponibili",module,Magento_CatalogInventory
"Products will still be shown by direct product URLs.","I prodotti verranno comunque mostrati da URL prodotto diretti.",module,Magento_CatalogInventory
"Only X left Threshold","Solo X rimasti alla soglia",module,Magento_CatalogInventory
"Display Products Availability in Stock on Storefront","Visualizza la disponibilità dei prodotti a magazzino nel frontend",module,Magento_CatalogInventory
"Product Stock Options","Opzioni inventario prodotto",module,Magento_CatalogInventory
"Manage Stock","Gestisci scorte",module,Magento_CatalogInventory
"Maximum Qty Allowed in Shopping Cart","Qtà massima consentita nel carrello",module,Magento_CatalogInventory
"Out-of-Stock Threshold","Soglia di non disponibilità",module,Magento_CatalogInventory
"Minimum Qty Allowed in Shopping Cart","Qtà minima consentita nel carrello",module,Magento_CatalogInventory
"Notify for Quantity Below","Notifica per quantità inferiore",module,Magento_CatalogInventory
"Automatically Return Credit Memo Item to Stock","Restituisci automaticamente la nota di credito elemento all'inventario",module,Magento_CatalogInventory
"Enable Qty Increments","Abilita incrementi qtà",module,Magento_CatalogInventory
"Qty Increments","Incrementi qtà",module,Magento_CatalogInventory
Stock,Inventario,module,Magento_CatalogInventory
"Index stock","Indice inventario",module,Magento_CatalogInventory
"Use Config Settings","Utilizzare le impostazioni di configurazione",module,Magento_CatalogInventory
"Qty Uses Decimals","Qtà utilizza decimali",module,Magento_CatalogInventory
"Allow Multiple Boxes for Shipping","Consenti spedizioni con colli multipli",module,Magento_CatalogInventory
"Use Deferred Stock Update","Utilizzare aggiornamento differito dello Stock",module,Magento_CatalogInventory
"Catalog Rule Product","Regola catalogo prodotto",module,Magento_CatalogRule
"Indexed rule/product association","Associazione regola/prodotto indicizzata",module,Magento_CatalogRule
"Catalog Product Rule","Regola prodotto cagalogo",module,Magento_CatalogRule
"Indexed product/rule association","Associazione prodotto/regola indicizzato",module,Magento_CatalogRule
Rule,Regola,module,Magento_CatalogRule
Start,Inizia,module,Magento_CatalogRule
End,Fine,module,Magento_CatalogRule
Active,Attiva,module,Magento_CatalogRule
Inactive,Inattivo,module,Magento_CatalogRule
"Web Site",Website,module,Magento_CatalogRule
Back,Indietro,module,Magento_CatalogRule
"Rule Information","Informazioni sulle regole",module,Magento_CatalogRule
Actions,Azioni,module,Magento_CatalogRule
Yes,Sì,module,Magento_CatalogRule
"Popular Search Terms","Termini di ricerca popolari",module,Magento_CatalogSearch
"Catalog Search","Ricerca nel catalogo",module,Magento_CatalogSearch
"Minimal Query Length","Lunghezza minima della Query",module,Magento_CatalogSearch
"Maximum Query Length","Lunghezza massima della Query",module,Magento_CatalogSearch
"Rebuild Catalog product fulltext search index","Ricostruisci l'indice di ricerca fulltext del catalogo prodotti",module,Magento_CatalogSearch
"Category URL Suffix","Suffisso URL categoria",module,Magento_CatalogUrlRewrite
"You need to refresh the cache.","È necessario aggiornare la cache.",module,Magento_CatalogUrlRewrite
"Product URL Suffix","Suffisso URL prodotto",module,Magento_CatalogUrlRewrite
"Use Categories Path for Product URLs","Usa il percorso categoria per le URL prodotto",module,Magento_CatalogUrlRewrite
"Create Permanent Redirect for URLs if URL Key Changed","Creare redirect permanenti per gli URL, se la URL key viene cambiata",module,Magento_CatalogUrlRewrite
"Catalog Products List","Elenco prodotti catalogo",module,Magento_CatalogWidget
"List of Products","Elenco di prodotti",module,Magento_CatalogWidget
Title,Titolo,module,Magento_CatalogWidget
"Display Page Control","Mostra controllo pagina",module,Magento_CatalogWidget
"Number of Products per Page","Numero di prodotti per pagina",module,Magento_CatalogWidget
"Number of Products to Display","Numero di prodotti da visualizzare",module,Magento_CatalogWidget
"Products Grid Template","Template griglia prodotti",module,Magento_CatalogWidget
"Cache Lifetime (Seconds)","Durata della cache (secondi)",module,Magento_CatalogWidget
"86400 by default, if not set. To refresh instantly, clear the Blocks HTML Output cache.","86400 di default, se non impostato. Per aggiornare immediatamente, cancellare la cache dell'Output HTML dei blocchi.",module,Magento_CatalogWidget
Conditions,Condizioni,module,Magento_CatalogWidget
Inventory,Inventario,module,Magento_Catalog
"Catalog Section","Sezione Catalogo",module,Magento_Catalog
"Product Fields Auto-Generation","Auto-generazione campi prodotto",module,Magento_Catalog
"Mask for SKU","Maschera per SKU",module,Magento_Catalog
"Use {{name}} as Product Name placeholder","Utilizzare {{name}} come segnaposto del nome del prodotto",module,Magento_Catalog
"Mask for Meta Title","Maschera per Meta Title",module,Magento_Catalog
"Mask for Meta Keywords","Maschera per le Meta Keywords",module,Magento_Catalog
"Use {{name}} as Product Name or {{sku}} as Product SKU placeholders","Utilizza {{name}} come nome del prodotto o {{sku}} come segnaposto SKU prodotto",module,Magento_Catalog
"Mask for Meta Description","Maschera per Meta Description",module,Magento_Catalog
"Use {{name}} and {{description}} as Product Name and Product Description placeholders","Utilizza {{name}} e {{description}} come segnaposto del nome del prodotto e descrizione del prodotto",module,Magento_Catalog
Storefront,Frontend,module,Magento_Catalog
"List Mode","Modalità elenco",module,Magento_Catalog
"Products per Page on Grid Allowed Values","Prodotti per pagina nei valori permessi della griglia",module,Magento_Catalog
Comma-separated.,"Separati da virgole.",module,Magento_Catalog
"Products per Page on Grid Default Value","Prodotti per pagina nel valore predefinito della griglia",module,Magento_Catalog
"Must be in the allowed values list","Deve essere incluso nell'elenco dei valori consentiti",module,Magento_Catalog
"Products per Page on List Allowed Values","Prodotti per pagina nei valori permessi dell'elenco",module,Magento_Catalog
"Products per Page on List Default Value","Prodotti per pagina nel valore predefinito dell'elenco",module,Magento_Catalog
"Use Flat Catalog Category","Usa le categorie di catalogo flat",module,Magento_Catalog
"Use Flat Catalog Product","Usa i prodotti di catalogo flat",module,Magento_Catalog
"Product Listing Sort by","Ordinamento Prodotti",module,Magento_Catalog
"Allow All Products per Page","Permetti di mostrare tutti i prodotti per pagina",module,Magento_Catalog
"Whether to show ""All"" option in the ""Show X Per Page"" dropdown","Se si imposta l'opzione ""Tutti"" nel menu a discesa ""Mostra X per pagina""",module,Magento_Catalog
"Allow Dynamic Media URLs in Products and Categories","Consenti le Dynamic media URL nei prodotti e nelle categorie",module,Magento_Catalog
"E.g. {{media url=""path/to/image.jpg""}} {{skin url=""path/to/picture.gif""}}. Dynamic directives parsing impacts catalog performance.","Ad esempio {{media url=""path/to/image.jpg""}} {{skin url=""path/to/picture.gif""}}. Le direttive sul parsing dinamico impattano sulle performance del catalogo.",module,Magento_Catalog
"Product Image Placeholders","Placeholders Immagini prodotto",module,Magento_Catalog
"Search Engine Optimization","Ottimizzazione Motori di ricerca",module,Magento_Catalog
"Page Title Separator","Separatore titolo pagina",module,Magento_Catalog
"Use Canonical Link Meta Tag For Categories","Utilizza il Meta Tag Link canonico per le categorie",module,Magento_Catalog
"Use Canonical Link Meta Tag For Products","Utilizza il Meta Tag Link canonico per i prodotti",module,Magento_Catalog
"Catalog Price Scope","Ambito del prezzo di catalogo",module,Magento_Catalog
"This defines the base currency scope (""Currency Setup"" > ""Currency Options"" > ""Base Currency"").","Questo definisce l'ambito della valuta di base (""Installazione Valuta"" > ""Opzioni valuta"" > ""Valuta di Base"").",module,Magento_Catalog
"Maximal Depth","Profondità massima",module,Magento_Catalog
"Date & Time Custom Options","Opzioni personalizzate data e ora",module,Magento_Catalog
"Use JavaScript Calendar","Utilizza il calendario JavaScript",module,Magento_Catalog
"Date Fields Order","Ordine campi data",module,Magento_Catalog
"Time Format","Formato Ora",module,Magento_Catalog
"Year Range","Intervallo di anni",module,Magento_Catalog
"Please use a four-digit year format.","Utilizza il formato per l'anno a quattro cifre.",module,Magento_Catalog
"Use Static URLs for Media Content in WYSIWYG for Catalog","Utilizza gli URL statici per contenuti multimediali in modalità WYSIWYG per il catalogo",module,Magento_Catalog
"This applies only to catalog products and categories. Media content will be inserted into the editor as a static URL. Media content is not updated if the system configuration base URL changes.","Questo vale solo per categorie e catalogo prodotti. I contenuti multimediali verranno inseriti nell'editor come URL statici. I contenuti multimediali non vengono aggiornati se la configurazione del sistema base URL cambia.",module,Magento_Catalog
"Product Flat Data","Dati Prodotto Flat",module,Magento_Catalog
"Reorganize EAV product structure to flat structure","Riorganizza struttura prodotti EAV in una struttura flat",module,Magento_Catalog
"Category Flat Data","Dati Categoria Flat",module,Magento_Catalog
"Reorganize EAV category structure to flat structure","Riorganizza struttura categorie EAV in una struttura flat",module,Magento_Catalog
"Category Products","Prodotti della categoria",module,Magento_Catalog
"Indexed category/products association","Associazione categoria/prodotti indicizzato",module,Magento_Catalog
"Product Categories","Categorie di prodotto",module,Magento_Catalog
"Indexed product/categories association","Associazione prodotto/categorie indicizzato",module,Magento_Catalog
"Product Price","Prezzo del prodotto",module,Magento_Catalog
"Index product prices","Indice prezzi prodotti",module,Magento_Catalog
"Product EAV","EAV prodotto",module,Magento_Catalog
"Index product EAV","Indicie EAV prodotti",module,Magento_Catalog
"Catalog New Products List","Elenco nuovi prodotti catalogo",module,Magento_Catalog
"List of Products that are set as New","Elenco dei prodotti che vengono impostati come Nuovi",module,Magento_Catalog
"Display Type","Tipo di visualizzazione",module,Magento_Catalog
"All products - recently added products, New products - products marked as new","Tutti i prodotti - prodotti aggiunti di recente, nuovi prodotti - i prodotti contrassegnati come nuovi",module,Magento_Catalog
"All products","Tutti i prodotti",module,Magento_Catalog
"New products","Nuovi prodotti",module,Magento_Catalog
"Display Page Control","Mostra controllo pagina",module,Magento_Catalog
"Number of Products per Page","Numero di prodotti per pagina",module,Magento_Catalog
"Number of Products to Display","Numero di prodotti da visualizzare",module,Magento_Catalog
"New Products Grid Template","Template griglia nuovi prodotti",module,Magento_Catalog
"New Products List Template","Template elenco nuovi prodotti",module,Magento_Catalog
"New Products Images and Names Template","Nomi ed Immagini template nuovi prodotti",module,Magento_Catalog
"New Products Names Only Template","Solo i nomi template nuovi prodotti",module,Magento_Catalog
"New Products Images Only Template","Solo le immagini template nuovi prodotti",module,Magento_Catalog
"Cache Lifetime (Seconds)","Durata della cache (secondi)",module,Magento_Catalog
"86400 by default, if not set. To refresh instantly, clear the Blocks HTML Output cache.","86400 di default, se non impostato. Per aggiornare immediatamente, cancellare la cache dell'Output HTML dei blocchi.",module,Magento_Catalog
"Catalog Product Link","Link prodotto catalogo",module,Magento_Catalog
"Link to a Specified Product","Link ad un prodotto specifico",module,Magento_Catalog
"Select Product...","Seleziona il prodotto...",module,Magento_Catalog
"Anchor Custom Text","Ancora testo personalizzato",module,Magento_Catalog
"If empty, we'll use the product name here.","Se vuoto, verrà utilizzato il nome del prodotto qui.",module,Magento_Catalog
"Anchor Custom Title","Titolo personalizzato ancora",module,Magento_Catalog
"Product Link Block Template","Template blocco link prodotto",module,Magento_Catalog
"Product Link Inline Template","Template inline link prodotto",module,Magento_Catalog
"Catalog Category Link","Link categoria Catalogo",module,Magento_Catalog
"Link to a Specified Category","Link a una categoria specifica",module,Magento_Catalog
"Select Category...","Seleziona la categoria...",module,Magento_Catalog
"If empty, we'll use the category name here.","Se vuoto, verrà utilizzato il nome della categoria qui.",module,Magento_Catalog
"Category Link Block Template","Template blocco link categoria",module,Magento_Catalog
"Category Link Inline Template","Template inline link categoria",module,Magento_Catalog
Set,Imposta,module,Magento_Catalog
"Category Information","Informazioni della Categoria",module,Magento_Catalog
"Enable Category","Attivare la categoria",module,Magento_Catalog
"Include in Menu","Includi nel Menu",module,Magento_Catalog
Content,Contenuto,module,Magento_Catalog
"Category Image","Immagine della categoria",module,Magento_Catalog
"Add CMS Block","Aggiungi blocco CMS",module,Magento_Catalog
"Display Settings","Impostazioni di visualizzazione",module,Magento_Catalog
Anchor,Ancora,module,Magento_Catalog
"Use All","Utilizza tutto",module,Magento_Catalog
"Layered Navigation Price Step","Passaggio del prezzo della navigazione a livelli",module,Magento_Catalog
"Products in Category","Prodotti nella categoria",module,Magento_Catalog
Theme,Tema,module,Magento_Catalog
"Layout Update XML","Aggiornamento del layout XML",module,Magento_Catalog
"Apply Design to Products","Applica il Design ai prodotti",module,Magento_Catalog
"Schedule Design Update","Pianifica l'aggiornamento del Design",module,Magento_Catalog
"Product Image Watermarks","Filigrana Immagine Prodotto",module,Magento_Catalog
Image,Immagine,module,Magento_Catalog
"Allowed file types: jpeg, gif, png.","Tipi di file consentiti: jpeg, gif, png.",module,Magento_Catalog
"Image Opacity","Opacità immagine",module,Magento_Catalog
"Example format: 200x300.","Esempio formato: 200x300.",module,Magento_Catalog
"Image Position","Posizione immagine",module,Magento_Catalog
Small,Piccolo,module,Magento_Catalog
"Attribute Properties","Proprietà dell'attributo",module,Magento_Catalog
"Attribute Label","Etichetta attributo",module,Magento_Catalog
"Catalog Input Type for Store Owner","Tipo di Input del catalogo per il proprietario del negozio",module,Magento_Catalog
Values,Valori,module,Magento_Catalog
"Add this attribute to the list of column options in the product grid.","Aggiungere questo attributo all'elenco delle opzioni di colonna nella griglia di prodotto.",module,Magento_Catalog
"Add this attribute to the list of filter options in the product grid.","Aggiungere questo attributo alle opzioni di filtraggio nella griglia prodotto.",module,Magento_Catalog
System,Sistema,module,Magento_Catalog
"All Store Views","Tutte le Viste Negozio",module,Magento_Catalog
"Delete items","Elimina elementi",module,Magento_Catalog
"Delete selected items?","Elimina elementi selezionati?",module,Magento_Catalog
"Change status","Modifica lo status",module,Magento_Catalog
Enable,Attiva,module,Magento_Catalog
Disable,Disattiva,module,Magento_Catalog
"Update attributes","Aggiorna gli attributi",module,Magento_Catalog
none,nessuno,module,Magento_Catalog
Overview,Anteprima,module,Magento_Catalog
Details,Dettagli,module,Magento_Catalog
"Terms & Conditions","Termini e Condizioni",module,Magento_CheckoutAgreements
"Enable Terms and Conditions","Abilita i termini e le condizioni",module,Magento_CheckoutAgreements
"Checkout Options","Opzioni checkout",module,Magento_Checkout
"Enable Onepage Checkout","Abilita Onepage Checkout",module,Magento_Checkout
"Allow Guest Checkout","Permetti checkout agli ospiti",module,Magento_Checkout
"Display Billing Address On","Visualizzazione indirizzo di fatturazione",module,Magento_Checkout
"Quote Lifetime (days)","Durata preventivo (giorni)",module,Magento_Checkout
"After Adding a Product Redirect to Shopping Cart","Dopo aver aggiunto un reindirizzamento di prodotto al carrello",module,Magento_Checkout
"My Cart Link","Link Carrello",module,Magento_Checkout
"Display Cart Summary","Mostra riepilogo carrello",module,Magento_Checkout
"Shopping Cart Sidebar","Sidebar Carrello",module,Magento_Checkout
"Display Shopping Cart Sidebar","Visualizza Sidebar Carrello",module,Magento_Checkout
"Payment Failed Emails","Email pagamento non riuscito",module,Magento_Checkout
"Payment Failed Email Sender","Mittente Email pagamento non riuscito",module,Magento_Checkout
"Payment Failed Email Receiver","Destinatario Email pagamento non riuscito",module,Magento_Checkout
"Payment Failed Template","Template pagamento non riuscito",module,Magento_Checkout
"Email template chosen based on theme fallback when ""Default"" option is selected.","Il template email scelto basato su fallback del tema quando è selezionata l'opzione ""Predefinito"".",module,Magento_Checkout
"Send Payment Failed Email Copy To","Invia Email pagamento non riuscito in copia a",module,Magento_Checkout
"Separate by "","".","Separati da "","".",module,Magento_Checkout
"Send Payment Failed Email Copy Method","Metodo Invio copia Email pagamento non riuscito",module,Magento_Checkout
Summary,Riepilogo,module,Magento_Checkout
"Order Total","Totale ordine",module,Magento_Checkout
"We'll send your order confirmation here.","Ti invieremo la conferma dell'ordine qui.",module,Magento_Checkout
Payment,Pagamento,module,Magento_Checkout
"Not yet calculated","Non ancora calcolato",module,Magento_Checkout
"We received your order!","Abbiamo ricevuto il tuo ordine!",module,Magento_Checkout
"Thank you for your purchase!","Grazie per il tuo acquisto!",module,Magento_Checkout
"Content Management","Gestione dei contenuti",module,Magento_Cms
"CMS No Route Page","Pagina CMS: Nessun Instradamento",module,Magento_Cms
"CMS No Cookies Page","Pagina CMS: Nessun Cookie",module,Magento_Cms
"Show Breadcrumbs for CMS Pages","Visualizza breadcrumbs per le pagine CMS",module,Magento_Cms
"Browser Capabilities Detection","Rilevamento di funzionalità del browser",module,Magento_Cms
"Redirect to CMS-page if Cookies are Disabled","Reindirizza alla pagina CMS se i cookie sono disabilitati",module,Magento_Cms
"Show Notice if JavaScript is Disabled","Mostra notifica se i JavaScript sono disabilitati",module,Magento_Cms
"Show Notice if Local Storage is Disabled","Mostra notifica se lo storage locale è disabilitato",module,Magento_Cms
"WYSIWYG Options","Opzioni WYSIWYG",module,Magento_Cms
"Enable WYSIWYG Editor","Attiva l'Editor WYSIWYG",module,Magento_Cms
"CMS Page Link","Link pagina CMS",module,Magento_Cms
"Link to a CMS Page","Link a una pagina CMS",module,Magento_Cms
"CMS Page","Pagine CMS",module,Magento_Cms
"Select Page...","Seleziona pagina...",module,Magento_Cms
"Anchor Custom Text","Ancora testo personalizzato",module,Magento_Cms
"If empty, the Page Title will be used","Se vuoto, verrà utilizzato il titolo della pagina",module,Magento_Cms
"Anchor Custom Title","Titolo personalizzato ancora",module,Magento_Cms
"CMS Page Link Block Template","Template blocco Link Pagina CMS",module,Magento_Cms
"CMS Page Link Inline Template","Template inline Link Pagina CMS",module,Magento_Cms
"CMS Static Block","Blocco statico CMS",module,Magento_Cms
"Contents of a Static Block","Contenuto di un blocco statico",module,Magento_Cms
Block,Blocco,module,Magento_Cms
"Select Block...","Seleziona blocco...",module,Magento_Cms
"CMS Static Block Default Template","Template predefinito Blocco statico CMS",module,Magento_Cms
"General Information","Informazioni Generali",module,Magento_Cms
"Enable Block","Abilita blocco",module,Magento_Cms
"Block Title","Titolo blocco",module,Magento_Cms
"Delete items","Elimina elementi",module,Magento_Cms
"Are you sure you wan't to delete selected items?","Sei sicuro di che voler eliminare gli elementi selezionati?",module,Magento_Cms
"Page Information","Informazioni sulla pagina",module,Magento_Cms
"Enable Page","Abilita pagina",module,Magento_Cms
Content,Contenuto,module,Magento_Cms
"Content Heading","Titolo contenuto",module,Magento_Cms
"Search Engine Optimisation","Ottimizzazione per i motori di ricerca",module,Magento_Cms
"Meta Title","Titolo Meta",module,Magento_Cms
"Page in Websites","Pagina nei siti Web",module,Magento_Cms
"Layout Update XML","Aggiornamento del layout XML",module,Magento_Cms
"Custom Design Update","Aggiornamento del Design personalizzato",module,Magento_Cms
From,Dal,module,Magento_Cms
To,Al,module,Magento_Cms
"New Theme","Nuovo tema",module,Magento_Cms
"-- Please Select --","-- Seleziona --",module,Magento_Cms
"New Layout","Nuovo Layout",module,Magento_Cms
Disable,Disattiva,module,Magento_Cms
Enable,Attiva,module,Magento_Cms
"Custom design from","Design personalizzato da",module,Magento_Cms
"Custom design to","Design personalizzato a",module,Magento_Cms
"Custom Theme","Tema personalizzato",module,Magento_Cms
"Custom Layout","Layout personalizzato",module,Magento_Cms
"Group Label","Etichetta gruppo",module,Magento_Config
"Some Label","Alcune etichette",module,Magento_Config
"Tab Label","Etichetta scheda",module,Magento_Config
"Allow everything","Consenti tutto",module,Magento_Config
Dashboard,Cruscotto,module,Magento_Config
"Manage Stores","Gestisci Negozi",module,Magento_Config
"Field 2","Campo 2",module,Magento_Config
"Field 3","Campo 3",module,Magento_Config
"Field 3.1","Campo 3.1",module,Magento_Config
"Field 3.1.1","Campo 3.1.1",module,Magento_Config
"Field 4","Campo 4",module,Magento_Config
"Advanced Section","Sezione avanzata",module,Magento_Config
"Advanced Admin Section","Sezione Admin avanzata",module,Magento_Config
"Design Section","Sezione Design",module,Magento_Config
"General Section","Sezione Generale",module,Magento_Config
"System Section","Sezione sistema",module,Magento_Config
"Currency Setup Section","Sezione Setup valuta",module,Magento_Config
"Developer Section","Sezione sviluppatori",module,Magento_Config
"Web Section","Sezione Web",module,Magento_Config
"Store Email Addresses Section","Sezione indirizzi Email del negozio",module,Magento_Config
"Email to a Friend","Segnala ad un amico",module,Magento_Config
"Configurable Product Image","Immagine del prodotto configurabile",module,Magento_ConfigurableProduct
Select...,Seleziona...,module,Magento_ConfigurableProduct
Thumbnail,Miniatura,module,Magento_ConfigurableProduct
"Attribute Code","Codice Attributo",module,Magento_ConfigurableProduct
"Attribute Label","Etichetta attributo",module,Magento_ConfigurableProduct
Required,Obbligatorio,module,Magento_ConfigurableProduct
System,Sistema,module,Magento_ConfigurableProduct
Visible,Visibile,module,Magento_ConfigurableProduct
Scope,"Ambito di applicazione",module,Magento_ConfigurableProduct
Searchable,Ricercabile,module,Magento_ConfigurableProduct
Comparable,Confrontabile,module,Magento_ConfigurableProduct
"Contacts Section","Sezione contatti",module,Magento_Contact
Contacts,Contatti,module,Magento_Contact
"Contact Us",Contattaci,module,Magento_Contact
"Enable Contact Us","Abilita contattaci",module,Magento_Contact
"Email Options","Opzioni email",module,Magento_Contact
"Send Emails To","Invia email a",module,Magento_Contact
"Email Sender","Mittente email",module,Magento_Contact
"Email Template","Template email",module,Magento_Contact
"Email template chosen based on theme fallback when ""Default"" option is selected.","Il template email scelto basato su fallback del tema quando è selezionata l'opzione ""Predefinito"".",module,Magento_Contact
"Default Cookie Settings","Impostazioni cookie predefiniti",module,Magento_Cookie
"Cookie Lifetime","Durata cookie",module,Magento_Cookie
"Cookie Path","Percorso cookie",module,Magento_Cookie
"Cookie Domain","Dominio cookie",module,Magento_Cookie
"Use HTTP Only","Uso solo HTTP",module,Magento_Cookie
"Cookie Restriction Mode","Modalità di restrizione dei cookie",module,Magento_Cookie
"Cron (Scheduled Tasks)","Cron (operazioni pianificate)",module,Magento_Cron
"For correct URLs generated during cron runs please make sure that Web > Secure and Unsecure Base URLs are explicitly set. All the times are in minutes.","Per una generazione corretta delle URL durante l'esecuzione del cron, assicurati che in Web > Base URL sicuro e non sicuro siano impostati in modo esplicito, Tutti i tempi sono in minuti.",module,Magento_Cron
"Generate Schedules Every","Genera pianificazioni ogni",module,Magento_Cron
"Schedule Ahead for","Pianificazione anticipata per",module,Magento_Cron
"Missed if Not Run Within","Mancato se non eseguito entro",module,Magento_Cron
"History Cleanup Every","Pulizia cronologia ogni",module,Magento_Cron
"Success History Lifetime","Durata Cronologia conferma",module,Magento_Cron
"Failure History Lifetime","Durata Cronologia falliti",module,Magento_Cron
"Use Separate Process","Usa processo separato",module,Magento_Cron
Currency,Valuta,module,Magento_CurrencySymbol
"All Customers","Tutti i clienti",module,Magento_Customer
"Now Online","Ora Online",module,Magento_Customer
"Customers Section","Sezione clienti",module,Magento_Customer
"Customer Configuration","Configurazione cliente",module,Magento_Customer
"Account Sharing Options","Opzioni di condivisione account",module,Magento_Customer
"Share Customer Accounts","Condividi l'account cliente",module,Magento_Customer
"Create New Account Options","Opzioni Crea nuovo Account",module,Magento_Customer
"Enable Automatic Assignment to Customer Group","Abilita l'assegnazione automatica al gruppo di clienti",module,Magento_Customer
"Tax Calculation Based On","Calcolo dell'imposta basato su",module,Magento_Customer
"Default Group","Gruppo predefinito",module,Magento_Customer
"Group for Valid VAT ID - Domestic","Gruppo per P. IVA valida - Domestico",module,Magento_Customer
"Group for Valid VAT ID - Intra-Union","Gruppo per P. IVA valida - Intra-Unione",module,Magento_Customer
"Group for Invalid VAT ID","Gruppo per P. IVA non valda",module,Magento_Customer
"Validation Error Group","Errore validazione gruppo",module,Magento_Customer
"Validate on Each Transaction","Convalida per ogni transazione",module,Magento_Customer
"Default Value for Disable Automatic Group Changes Based on VAT ID","Valore predefinito per Disattiva modifiche gruppo automatiche basate su partita IVA",module,Magento_Customer
"Show VAT Number on Storefront","Mostra Partita IVA sul frontend",module,Magento_Customer
"To show VAT number on Storefront, set Show VAT Number on Storefront option to Yes.","Per mostrare il numero di partita IVA nel frontend, imposta l'opzione Mostra Partita IVA sul frontend su Sì.",module,Magento_Customer
"Default Email Domain","Dominio email predefinito",module,Magento_Customer
"Default Welcome Email","Email di benvenuto predefinita",module,Magento_Customer
"Email template chosen based on theme fallback when ""Default"" option is selected.","Il template email scelto basato su fallback del tema quando è selezionata l'opzione ""Predefinito"".",module,Magento_Customer
"Default Welcome Email Without Password","Email di benvenuto senza password predefinita",module,Magento_Customer
"Email Sender","Mittente email",module,Magento_Customer
"Require Emails Confirmation","Richiede Conferma Email",module,Magento_Customer
"Confirmation Link Email","Link di conferma",module,Magento_Customer
"Welcome Email","Email di benvenuto",module,Magento_Customer
"Generate Human-Friendly Customer ID","Generare ID cliente Human-Friendly",module,Magento_Customer
"Password Options","Opzioni password",module,Magento_Customer
"Forgot Email Template","Template email dimenticata",module,Magento_Customer
"Remind Email Template","Template email remind",module,Magento_Customer
"Reset Password Template","Template reset password",module,Magento_Customer
"Password Template Email Sender","Template email password mittente",module,Magento_Customer
"Recovery Link Expiration Period (hours)","Periodo di scadenza per il Recupero Link (ore)",module,Magento_Customer
"Please enter a number 1 or greater in this field.","Inserire un numero maggiore o uguale a 1 in questo campo.",module,Magento_Customer
"Number of Required Character Classes","Numero di Classi di Caratteri Richieste",module,Magento_Customer
"Number of different character classes required in password: Lowercase, Uppercase, Digits, Special Characters.","Numero di classi di caratteri diversi richieste nella password: lettere minuscole, maiuscole, cifre e caratteri speciali.",module,Magento_Customer
"Minimum Password Length","Lunghezza minima della password",module,Magento_Customer
"Maximum Login Failures to Lockout Account","Numero massimo di accessi non riusciti per il blocco dell'account",module,Magento_Customer
"Use 0 to disable account locking.","Usa 0 per disattivare il blocco account.",module,Magento_Customer
"Lockout Time (minutes)","Tempo di blocco (minuti)",module,Magento_Customer
"Name and Address Options","Nome e opzioni indirizzo",module,Magento_Customer
"Number of Lines in a Street Address","Numero di righe per l'indirizzo",module,Magento_Customer
"Leave empty for default (2). Valid range: 1-4","Lascia vuoto per impostazione predefinita (2). Intervallo valido: 1-4",module,Magento_Customer
"Show Prefix","Mostra prefisso",module,Magento_Customer
"The title that goes before name (Mr., Mrs., etc.)","Il titolo che precede il nome (Sig., Sig.a., ecc.)",module,Magento_Customer
"Prefix Dropdown Options","Opzioni menu a tendina prefisso",module,Magento_Customer
"Show Middle Name (initial)","Visualizza il secondo nome (iniziale)",module,Magento_Customer
"Always optional.","Sempre facoltativo.",module,Magento_Customer
"Show Suffix","Mostra suffisso",module,Magento_Customer
"The suffix that goes after name (Jr., Sr., etc.)","Il suffisso che va dopo il nome (Jr., Sr., ecc.)",module,Magento_Customer
"Suffix Dropdown Options","Opzioni menu a tendina suffisso",module,Magento_Customer
"Show Date of Birth","Mostra data di nascita",module,Magento_Customer
"Show Tax/VAT Number","Mostra partita IVA",module,Magento_Customer
"Show Gender","Mostra genere",module,Magento_Customer
"Login Options","Opzioni login",module,Magento_Customer
"Redirect Customer to Account Dashboard after Logging in","Reindirizzare il cliente alla Dashboard dell'Account dopo il login",module,Magento_Customer
"Customer will stay on the current page if ""No"" is selected.","Il cliente rimarrà nella pagina corrente se ""No"" è selezionato.",module,Magento_Customer
"Address Templates","Template indirizzi",module,Magento_Customer
"Online Customers Options","Opzioni clienti online",module,Magento_Customer
"Online Minutes Interval","Intervallo minuti online",module,Magento_Customer
"Leave empty for default (15 minutes).","Lasciare vuoto per predefinito (15 minuti).",module,Magento_Customer
"Enable Autocomplete on login/forgot password forms","Attiva il completamento automatico si form di login/password dimenticata",module,Magento_Customer
"Customer Notification","Notifica al cliente",module,Magento_Customer
"Customer Grid","Griglia cliente",module,Magento_Customer
"Rebuild Customer grid index","Ricostruisci l'indice della griglia cliente",module,Magento_Customer
Group,Gruppo,module,Magento_Customer
"Add New Customer","Aggiungi nuovo cliente",module,Magento_Customer
"Delete items","Elimina elementi",module,Magento_Customer
"Are you sure to delete selected customers?","Sei sicuro di voler eliminare i clienti selezionati?",module,Magento_Customer
"Subscribe to Newsletter","Iscriviti alla Newsletter",module,Magento_Customer
"Unsubscribe from Newsletter","Cancellarsi dalla Newsletter",module,Magento_Customer
"Are you sure to unsubscribe selected customers from newsletter?","Sei sicuro di cancellare i clienti selezionati dalla newsletter?",module,Magento_Customer
"Assign a Customer Group","Assegna a un gruppo cliente",module,Magento_Customer
"Are you sure to assign selected customers to new group?","Sei sicuro di assegnare clienti selezionati al nuovo gruppo?",module,Magento_Customer
Phone,Telefono,module,Magento_Customer
ZIP,CAP,module,Magento_Customer
"Customer Since","Cliente dal",module,Magento_Customer
"Confirmed email","Conferma email",module,Magento_Customer
"Account Created in","Account creato il",module,Magento_Customer
"Tax VAT Number","Partita IVA",module,Magento_Customer
"Billing Firstname","Nome di fatturazione",module,Magento_Customer
"Billing Lastname","Cognome di fatturazione",module,Magento_Customer
"Account Lock","Blocco dell'account",module,Magento_Customer
"First Name",Nome,module,Magento_Customer
"Last Name",Cognome,module,Magento_Customer
"Last Activity","Ultima Attività",module,Magento_Customer
Type,Tipo,module,Magento_Customer
"Customer Information","Informazioni cliente",module,Magento_Customer
"Disable Automatic Group Change Based on VAT ID","Disabilitare il cambio di gruppo automatico basata su IVA ID",module,Magento_Customer
"Send Welcome Email From","Invia Email di benvenuto da",module,Magento_Customer
Addresses,Indirizzi,module,Magento_Customer
"Are you sure you want to delete this item?","Sei sicuro di voler eliminare questo elemento?",module,Magento_Customer
"Account Dashboard","Dashboard Account",module,Magento_Customer
"Edit Account Information","Modificare le informazioni Account",module,Magento_Customer
"Password forgotten","Password dimenticata",module,Magento_Customer
"My Dashboard",Dashboard,module,Magento_Customer
"You are signed out","Ti sei disconnesso",module,Magento_Customer
"Frontend Development Workflow","Workflow di sviluppo frontend",module,Magento_Developer
"Workflow type","Tipo workflow",module,Magento_Developer
"Not available in production mode","Non disponibile in modalità produzione",module,Magento_Developer
"Developer Client Restrictions","Restrizioni Client Developer",module,Magento_Developer
"Allowed IPs (comma separated)","IP consentiti (separati da virgola)",module,Magento_Developer
"Leave empty for access from any location.","Lascia vuoto per accedere da qualsiasi luogo.",module,Magento_Developer
"Enabled for Checkout","Abilitato per il Checkout",module,Magento_Dhl
"Gateway URL","URL gateway",module,Magento_Dhl
Title,Titolo,module,Magento_Dhl
"Access ID","ID di accesso",module,Magento_Dhl
"Account Number","Numero account",module,Magento_Dhl
"Content Type","Tipo di Contenuto",module,Magento_Dhl
"Calculate Handling Fee","Calcola spese di gestione",module,Magento_Dhl
"Handling Applied","Gestione applicata",module,Magento_Dhl
"""Per Order"" allows a single handling fee for the entire order. ""Per Package"" allows an individual handling fee for each package.","""Per ordine"" permette un costo unico per l'intero ordine. ""A pacchetto"" permette un costo singolo per ogni pacco.",module,Magento_Dhl
"Handling Fee","Spese di gestione",module,Magento_Dhl
"Divide Order Weight","Dividi il peso dell'ordine",module,Magento_Dhl
"Select this to allow DHL to optimize shipping charges by splitting the order if it exceeds 70 kg.","Seleziona questo per consentire a DHL di ottimizzare le spese di spedizione per dividere l'ordine se supera i 70 kg.",module,Magento_Dhl
"Weight Unit","Unità di peso",module,Magento_Dhl
Size,Dimensione,module,Magento_Dhl
"Allowed Methods","Metodi consentiti",module,Magento_Dhl
"Displayed Error Message","Messaggio di errore visualizzato",module,Magento_Dhl
"Free Method","Metodo gratuito",module,Magento_Dhl
"Enable Free Shipping Threshold","Abilitare la soglia per la spedizione gratuita",module,Magento_Dhl
"Free Shipping Amount Threshold","Importo soglia spedizione gratuita",module,Magento_Dhl
"Ship to Applicable Countries","Spedisci ai paesi applicabili",module,Magento_Dhl
"Ship to Specific Countries","Spedisci in paesi specifici",module,Magento_Dhl
"Show Method if Not Applicable","Mostra metodo se non applicabile",module,Magento_Dhl
"Sort Order",Ordinamento,module,Magento_Dhl
"Currency Setup","Installazione valuta",module,Magento_Directory
"Currency Options","Opzioni valuta",module,Magento_Directory
"Base Currency","Valuta di base",module,Magento_Directory
"Default Display Currency","Mostra Valuta predefinita",module,Magento_Directory
"Allowed Currencies","Valute consentite",module,Magento_Directory
"Yahoo Finance Exchange","Yahoo Finanza Exchange",module,Magento_Directory
"Connection Timeout in Seconds","Timeout di connessione in secondi",module,Magento_Directory
"Scheduled Import Settings","Impostazioni Importazione pianificata",module,Magento_Directory
Enabled,Abilitato,module,Magento_Directory
"Error Email Recipient","Destinatario Email di errore",module,Magento_Directory
"Error Email Sender","Mittente Email di errore",module,Magento_Directory
"Error Email Template","Template Email di errore",module,Magento_Directory
"Email template chosen based on theme fallback when ""Default"" option is selected.","Il template email scelto basato su fallback del tema quando è selezionata l'opzione ""Predefinito"".",module,Magento_Directory
Frequency,Frequenza,module,Magento_Directory
Service,Servizio,module,Magento_Directory
"Start Time","Ora di inizio",module,Magento_Directory
"Installed Currencies","Valute installate",module,Magento_Directory
"Zip/Postal Code is Optional for","Codice Cap è opzionale per",module,Magento_Directory
"State Options","Opzioni Provincia",module,Magento_Directory
"State is Required for","La provincia è obbligatoria è",module,Magento_Directory
"Allow to Choose State if It is Optional for Country","Permetti di scegliere lo stato se questo è opzionale per paese",module,Magento_Directory
"Weight Unit","Unità di peso",module,Magento_Directory
"Downloadable Product Section","Sezione Prodotti Scaricabili",module,Magento_Downloadable
"Downloadable Product Options","Opzioni prodotto scaricabile",module,Magento_Downloadable
"Order Item Status to Enable Downloads","Status elemento ordine per Abilitare i download",module,Magento_Downloadable
"Default Maximum Number of Downloads","Numero massimo predefinito di download",module,Magento_Downloadable
"Default Sample Title","Titolo di esempio predefinito",module,Magento_Downloadable
"Default Link Title","Link titolo predefinito",module,Magento_Downloadable
"Open Links in New Window","Apri link in una nuova finestra",module,Magento_Downloadable
"Use Content-Disposition","Usa disposizione contenuto",module,Magento_Downloadable
"Disable Guest Checkout if Cart Contains Downloadable Items","Disattiva Checkout per ospiti se il carrello contiene prodotti scaricabili",module,Magento_Downloadable
"Guest checkout will only work with shareable.","Il checkout per ospiti funzionerà solo se è condivisibile.",module,Magento_Downloadable
"EAV types and attributes","Attributi e tipi EAV",module,Magento_Eav
"Entity types declaration cache","Cache di dichiarazione di tipi di entità",module,Magento_Eav
Communications,Comunicazioni,module,Magento_Email
"No Templates Found","Nessun template trovato",module,Magento_Email
Added,Aggiunto,module,Magento_Email
Updated,Aggiornato,module,Magento_Email
Subject,Oggetto,module,Magento_Email
"Template Type","Tipo di template",module,Magento_Email
Action,Azione,module,Magento_Email
"Logo Image","Immagine logo",module,Magento_Email
"Allowed file types: jpg, jpeg, gif, png. To optimize logo for high-resolution displays, upload an image that is 3x normal size and then specify 1x dimensions in the width/height fields below.","Tipi di file consentiti: jpg, jpeg, gif, png. Per ottimizzare il logo per schermi ad alta risoluzione, caricare un'immagine che sia 3x le dimensioni normali e quindi specificare le dimensioni 1x nei campi larghezza/altezza qui sotto.",module,Magento_Email
"Logo Image Alt","Alt Immagine Logo",module,Magento_Email
"Logo Width","Larghezza logo",module,Magento_Email
"Necessary only if an image has been uploaded above. Enter number of pixels, without appending ""px"".","Necessario solo se l'immagine è stata caricata sopra. Immettere il numero di pixel, senza aggiungere ""px"".",module,Magento_Email
"Logo Height","Altezza del logo",module,Magento_Email
"Necessary only if an image has been uploaded above. Enter image height size in pixels without appending ""px"".","Necessario solo se l'immagine è stata caricata sopra. Inserire l'altezza dell'immagine in pixel senza aggiungere ""px"".",module,Magento_Email
"Header Template","Template Header",module,Magento_Email
"Email template chosen based on theme fallback, when the ""Default"" option is selected.","Il modello di email basato sul tema scelto, ritorna quando è selezionata l'opzione ""Predefinito"".",module,Magento_Email
"Footer Template","Template Footer",module,Magento_Email
"Manage Encryption Key","Gestisci chiave di crittografia",module,Magento_EncryptionKey
"Enabled for Checkout","Abilitato per il Checkout",module,Magento_Fedex
Title,Titolo,module,Magento_Fedex
"Account ID","ID Account",module,Magento_Fedex
"Please make sure to use only digits here. No dashes are allowed.","Assicurati di utilizzare solo cifre. Non sono ammessi trattini.",module,Magento_Fedex
Key,Chiave,module,Magento_Fedex
"Sandbox Mode","Modalità sandbox",module,Magento_Fedex
"Web-Services URL (Production)","Web-Services URL (Produzione)",module,Magento_Fedex
"Packages Request Type","Tipo di richiesta pacchi",module,Magento_Fedex
Packaging,Imballaggio,module,Magento_Fedex
"Weight Unit","Unità di peso",module,Magento_Fedex
"Maximum Package Weight (Please consult your shipping carrier for maximum supported shipping weight)","Massimo peso del pacco (si prega di consultare il vostro vettore di spedizione per il peso di spedizione massimo supportato)",module,Magento_Fedex
"Calculate Handling Fee","Calcola spese di gestione",module,Magento_Fedex
"Handling Applied","Gestione applicata",module,Magento_Fedex
"Handling Fee","Spese di gestione",module,Magento_Fedex
"Allowed Methods","Metodi consentiti",module,Magento_Fedex
"The field is applicable if the Smart Post method is selected.","Il campo è applicabile se è selezionato il metodo Smart Post.",module,Magento_Fedex
"Free Method","Metodo gratuito",module,Magento_Fedex
"Free Shipping Amount Threshold","Importo soglia spedizione gratuita",module,Magento_Fedex
"Enable Free Shipping Threshold","Abilitare la soglia spedizione gratuita",module,Magento_Fedex
"Displayed Error Message","Messaggio di errore visualizzato",module,Magento_Fedex
"Ship to Applicable Countries","Spedisci ai paesi applicabili",module,Magento_Fedex
"Ship to Specific Countries","Spedisci in paesi specifici",module,Magento_Fedex
"Show Method if Not Applicable","Mostra metodo se non applicabile",module,Magento_Fedex
"Sort Order",Ordinamento,module,Magento_Fedex
"Allow Gift Messages on Order Level","Consenti i messaggi regalo a livello di ordine",module,Magento_GiftMessage
"Allow Gift Messages for Order Items","Consenti i messaggi di regalo per gli elementi dell'ordine",module,Magento_GiftMessage
Enable,Attiva,module,Magento_GoogleAdwords
"Conversion ID","ID conversione",module,Magento_GoogleAdwords
"Conversion Language","Lingua conversione",module,Magento_GoogleAdwords
"Conversion Format","Conversione formato",module,Magento_GoogleAdwords
"Conversion Color","Colore conversione",module,Magento_GoogleAdwords
"Conversion Label","Etichetta conversione",module,Magento_GoogleAdwords
"Conversion Value Type","Tipo di valore di conversione",module,Magento_GoogleAdwords
"Conversion Value","Valore di conversione",module,Magento_GoogleAdwords
"Google API","API di Google",module,Magento_GoogleAnalytics
Enable,Attiva,module,Magento_GoogleAnalytics
"Account Number","Numero account",module,Magento_GoogleAnalytics
"Enable Content Experiments","Attiva esperimenti sui contenuti",module,Magento_GoogleOptimizer
"Category View Optimization","Ottimizzazione della vista categoria",module,Magento_GoogleOptimizer
"Grouped Product Image","Immagine del prodotto raggruppato",module,Magento_GroupedProduct
Select...,Seleziona...,module,Magento_GroupedProduct
Type,Tipo,module,Magento_GroupedProduct
Quantity,Quantità,module,Magento_GroupedProduct
AttributeSetText,TestoSetAttributi,module,Magento_GroupedProduct
StatusText,TestoStatus,module,Magento_GroupedProduct
"Start Date&Time","Data di inizio e tempo",module,Magento_ImportExport
User,Utente,module,Magento_ImportExport
"Imported File","File importati",module,Magento_ImportExport
"Error File","Errore File",module,Magento_ImportExport
"Execution Time","Tempo di Esecuzione",module,Magento_ImportExport
Summary,Riepilogo,module,Magento_ImportExport
"Change indexer mode","Modifica della modalità di indicizzatore",module,Magento_Indexer
Indexer,Indicizzatore,module,Magento_Indexer
Description,Descrizione,module,Magento_Indexer
Mode,Modalità,module,Magento_Indexer
Updated,Aggiornato,module,Magento_Indexer
Extensions,Estensioni,module,Magento_Integration
"Cleanup Settings","Pulizia Impostazioni",module,Magento_Integration
"Cleanup Probability","Probabilità pulizia",module,Magento_Integration
"Expiration Period","Periodo di scadenza",module,Magento_Integration
"Consumer Settings","Impostazioni dei consumatori",module,Magento_Integration
"OAuth consumer credentials HTTP Post timeout","Timeout HTTP Post credenziali OAuth consumer",module,Magento_Integration
"Integrations Configuration","Configurazione integrazioni",module,Magento_Integration
"Integration configuration file","File di configurazione integrazione",module,Magento_Integration
"Integrations API Configuration","Configurazione API integrazioni",module,Magento_Integration
"Integrations API configuration file","File di configurazione API integrazioni",module,Magento_Integration
"We couldn't find any records.","Non abbiamo trovato alcun record.",module,Magento_Integration
"Layered Navigation","Navigazione a livelli",module,Magento_LayeredNavigation
"Display Product Count","Mostra conteggio prodotti",module,Magento_LayeredNavigation
"Price Navigation Step Calculation","Calcolo step navigazione per prezzo",module,Magento_LayeredNavigation
"Default Price Navigation Step","Step di navigazione prezzo predefinito",module,Magento_LayeredNavigation
"Maximum Number of Price Intervals","Numero massimo di intervalli di prezzo",module,Magento_LayeredNavigation
"Maximum number of price intervals is 100","Il numero massimo di intervalli di prezzo è di 100",module,Magento_LayeredNavigation
"Display Price Interval as One Price","Mostra intervallo di prezzo come prezzo unico",module,Magento_LayeredNavigation
"This setting will be applied when all prices in the specific price interval are equal.","Questa impostazione verrà applicata quando tutti i prezzi nell'intervallo prezzo specifico saranno uguali.",module,Magento_LayeredNavigation
"Interval Division Limit","Limite divisione intervallo",module,Magento_LayeredNavigation
"Please specify the number of products, that will not be divided into subintervals.","Specifica il numero di prodotti che non sarà diviso in intervalli minori.",module,Magento_LayeredNavigation
"Storage Configuration for Media","Configurazione storage per media",module,Magento_MediaStorage
"Media Storage","Archivio file multimediali",module,Magento_MediaStorage
"Select Media Database","Seleziona database media",module,Magento_MediaStorage
"After selecting a new media storage location, press the Synchronize button to transfer all media to that location. Media will not be available in the new location until the synchronization process is complete.","Dopo aver selezionato una nuova posizione dello storage megia, premere il pulsante Sincronizza per trasferire tutti i media in quella posizione. Media non sarà disponibile nella nuova posizione fino al termine il processo di sincronizzazione.",module,Magento_MediaStorage
"Environment Update Time","Tempo di aggiornamento ambiente",module,Magento_MediaStorage
"Minimum Advertised Price","Prezzo Minimo Pubblicizzato",module,Magento_Msrp
"Enable MAP","Abilita il MAP",module,Magento_Msrp
"Display Actual Price","Mostra il prezzo attuale",module,Magento_Msrp
"Default Popup Text Message","Messaggio predefinito del testo nel Popup",module,Magento_Msrp
"Default ""What's This"" Text Message","Messaggio di testo predefinito per ""Cos'è questo""",module,Magento_Msrp
"Multishipping Settings Section","Sezione Impostazioni Spedizioni Multiple",module,Magento_Multishipping
"Multishipping Settings","Impostazioni spedizione multipla",module,Magento_Multishipping
Options,Opzioni,module,Magento_Multishipping
"Allow Shipping to Multiple Addresses","Permetti spedizione a indirizzi multipli",module,Magento_Multishipping
"Maximum Qty Allowed for Shipping to Multiple Addresses","Qtà massima permessa per la spedizione con indirizzi multipli",module,Magento_Multishipping
"Review Order","Rivedi Ordine",module,Magento_Multishipping
"Select Shipping Method","Seleziona il metodo di spedizione",module,Magento_Multishipping
"We received your order!","Abbiamo ricevuto il tuo ordine!",module,Magento_Multishipping
"New Relic Reporting Section","Sezione report New Relic",module,Magento_NewRelicReporting
"New Relic Reporting","Report New Relic",module,Magento_NewRelicReporting
General,Generale,module,Magento_NewRelicReporting
"Enable New Relic Integration","Abilita integrazione New Relic",module,Magento_NewRelicReporting
"New Relic API URL","API URL New Relic",module,Magento_NewRelicReporting
"Insights API URL","API URL Insights",module,Magento_NewRelicReporting
"Use %s to replace the account ID in the URL","Usa %s per sostituire l'ID account nell'URL",module,Magento_NewRelicReporting
"New Relic Account ID","Account ID New Relic",module,Magento_NewRelicReporting
"""Need a New Relic account? <a href=""http://www.newrelic.com/magento"" target=""_blank"">Click here to get one","""Hai bisogno di un account New Relic? <a href=""http://www.newrelic.com/magento"" target=""_blank"">Clicca qui per averne uno",module,Magento_NewRelicReporting
"New Relic Application ID","Application ID New Relic",module,Magento_NewRelicReporting
"This can commonly be found at the end of the URL when viewing the APM after ""/applications/""","Questo può essere trovato comunemente alla fine dell'URL quando si visualizza l'APM dopo ""/applications/""",module,Magento_NewRelicReporting
"New Relic API Key","API Key New Relic",module,Magento_NewRelicReporting
"This is located by navigating to Events -> Deployments from the New Relic APM website","Si trova navigando in Eventi -> Deployments sul sito New Relic APM",module,Magento_NewRelicReporting
"Generated under Insights in Manage data -> API Keys -> Insert Keys","Generato in Insights in Manage data -> API Keys -> Insert Keys",module,Magento_NewRelicReporting
"New Relic Application Name","Nome Applicazione New Relic",module,Magento_NewRelicReporting
"This is located by navigating to Settings from the New Relic APM website","Si trova navigando in Impostazioni sul sito New Relic APM",module,Magento_NewRelicReporting
"Enable Cron","Abilita Cron",module,Magento_NewRelicReporting
"Newsletter Template","Templates Newsletter",module,Magento_Newsletter
"Newsletter Section","Sezione newsletter",module,Magento_Newsletter
"Subscription Options","Opzioni di iscrizione",module,Magento_Newsletter
"Allow Guest Subscription","Permetti l'iscrizione agli ospiti",module,Magento_Newsletter
"Need to Confirm","Necessaria conferma",module,Magento_Newsletter
"Confirmation Email Sender","Mittente Email conferma",module,Magento_Newsletter
"Confirmation Email Template","Template Email conferma",module,Magento_Newsletter
"Email template chosen based on theme fallback when ""Default"" option is selected.","Il template email scelto basato su fallback del tema quando è selezionata l'opzione ""Predefinito"".",module,Magento_Newsletter
"Success Email Sender","Mitente Email iscrizione riuscita",module,Magento_Newsletter
"Success Email Template","Template Email iscrizione riuscita",module,Magento_Newsletter
"Unsubscription Email Sender","Mittente email cancellazione newsletter",module,Magento_Newsletter
"Unsubscription Email Template","Template email cancellazione newsletter",module,Magento_Newsletter
"We found no problems.","Non abbiamo trovato problemi.",module,Magento_Newsletter
Subscriber,Abbonato,module,Magento_Newsletter
"Queue Start Date","Data di inizio di coda",module,Magento_Newsletter
"Queue Subject","Soggetto Coda",module,Magento_Newsletter
"Error Code","Codice Errore",module,Magento_Newsletter
"Error Text","Testo di errore",module,Magento_Newsletter
"Queue Start","Inizio Coda",module,Magento_Newsletter
"Queue End","Fine Coda",module,Magento_Newsletter
Processed,Eseguiti,module,Magento_Newsletter
Recipients,Destinatari,module,Magento_Newsletter
Unsubscribe,"Annulla Iscrizione",module,Magento_Newsletter
Delete,Elimina,module,Magento_Newsletter
Type,Tipo,module,Magento_Newsletter
Guest,Ospite,module,Magento_Newsletter
Customer,Cliente,module,Magento_Newsletter
"Customer First Name","Nome cliente",module,Magento_Newsletter
"Customer Last Name","Cognome cliente",module,Magento_Newsletter
"Not Activated","Non attivato",module,Magento_Newsletter
Subscribed,Sottoscritto,module,Magento_Newsletter
Unsubscribed,"Iscrizione annullata",module,Magento_Newsletter
Unconfirmed,"Non confermato",module,Magento_Newsletter
"Web Site",Website,module,Magento_Newsletter
Store,Negozio,module,Magento_Newsletter
"Store View","Vista Negozio",module,Magento_Newsletter
"Newsletter Subscriptions","Iscrizioni alla newsletter",module,Magento_Newsletter
"Check / Money Order",Vaglia,module,Magento_OfflinePayments
Enabled,Abilitato,module,Magento_OfflinePayments
"New Order Status","Nuovo status ordine",module,Magento_OfflinePayments
"Sort Order",Ordinamento,module,Magento_OfflinePayments
Title,Titolo,module,Magento_OfflinePayments
"Payment from Applicable Countries","Pagamento dai paesi applicabili",module,Magento_OfflinePayments
"Payment from Specific Countries","Pagamento da Paesi specifici",module,Magento_OfflinePayments
"Make Check Payable to","Fare Check intestato a",module,Magento_OfflinePayments
"Minimum Order Total","Totale ordine minimo",module,Magento_OfflinePayments
"Maximum Order Total","Totale ordine massimo",module,Magento_OfflinePayments
"Purchase Order","Ordini di Acquisto",module,Magento_OfflinePayments
"Bank Transfer Payment","Pagamento tramite bonifico bancario",module,Magento_OfflinePayments
Instructions,Istruzioni,module,Magento_OfflinePayments
"Cash On Delivery Payment","Pagamento in contrassegno",module,Magento_OfflinePayments
"Zero Subtotal Checkout","Checkout con subtotale zero",module,Magento_OfflinePayments
"Automatically Invoice All Items","Fattura automaticamente tutti gli elementi",module,Magento_OfflinePayments
"Flat Rate","Tariffe Flat",module,Magento_OfflineShipping
Enabled,Abilitato,module,Magento_OfflineShipping
"Method Name","Nome metodo",module,Magento_OfflineShipping
Price,Prezzo,module,Magento_OfflineShipping
"Calculate Handling Fee","Calcola spese di gestione",module,Magento_OfflineShipping
"Handling Fee","Spese di gestione",module,Magento_OfflineShipping
"Sort Order",Ordinamento,module,Magento_OfflineShipping
Title,Titolo,module,Magento_OfflineShipping
Type,Tipo,module,Magento_OfflineShipping
"Ship to Applicable Countries","Spedisci ai paesi applicabili",module,Magento_OfflineShipping
"Ship to Specific Countries","Spedisci in paesi specifici",module,Magento_OfflineShipping
"Show Method if Not Applicable","Mostra metodo se non applicabile",module,Magento_OfflineShipping
"Displayed Error Message","Messaggio di errore visualizzato",module,Magento_OfflineShipping
"Table Rates","Tabella tariffe",module,Magento_OfflineShipping
Condition,Condizione,module,Magento_OfflineShipping
"Include Virtual Products in Price Calculation","Include i prodotti virtuali nel calcolo dei prezzi",module,Magento_OfflineShipping
Export,Esporta,module,Magento_OfflineShipping
Import,Importa,module,Magento_OfflineShipping
"Free Shipping","Spedizione Gratuita",module,Magento_OfflineShipping
"Minimum Order Amount","Importo minimo d'ordine",module,Magento_OfflineShipping
"-- Please Select --","-- Seleziona --",module,Magento_OfflineShipping
"Caching Application","Caching Applicazione",module,Magento_PageCache
"Varnish Configuration","Configurazione Varnish",module,Magento_PageCache
"Access list","Elenco accesso",module,Magento_PageCache
"IPs access list separated with ',' that can purge Varnish configuration for config file generation.
                            If field is empty default value localhost will be saved.","Elenco accessi IP separati con ',' che possono svuotare la configurazione di Varnish per la generazione del file config.                             Se il campo è vuoto verrà salvato il valore localhost di default.",module,Magento_PageCache
"Backend host","Host Backend",module,Magento_PageCache
"Specify backend host for config file generation. If field is empty default value localhost will be saved.","Specificare gli host di backend per la generazione del file config. Se il campo è vuoto verrà salvato il valore predefinito localhost.",module,Magento_PageCache
"Backend port","Porta backend",module,Magento_PageCache
"Specify backend port for config file generation. If field is empty default value 8080 will be saved.","Specifica la porta backend per la generazione del file config. Se il campo è vuoto verrà salvato il valore predefinito 8080.",module,Magento_PageCache
"TTL for public content","TTL per contenuti pubblici",module,Magento_PageCache
"Payment Methods Section","Sezione Metodi di Pagamento",module,Magento_Payment
"Payment Services","Servizi di pagamento",module,Magento_Payment
"Payment Methods","Metodi di pagamento",module,Magento_Payment
"PayPal Section","Sezione PayPal",module,Magento_Paypal
"PayPal Settlement","Liquidazione PayPal",module,Magento_Paypal
Actions,Azioni,module,Magento_Paypal
Manage,Gestisci,module,Magento_Paypal
"Place Order Using Billing Agreements","Disporre ordine usando i accordi di fatturazione",module,Magento_Paypal
"Merchant Location","Posizione venditore",module,Magento_Paypal
"Merchant Country","Paese venditore",module,Magento_Paypal
"If not specified, Default Country from General Config will be used","Se non specificato, verrà utilizzato il paese predefinito dalla configurazione generale",module,Magento_Paypal
"Other Payment Methods:","Altri metodi di pagamento:",module,Magento_Paypal
"PayPal Express Checkout","Paypal Express Checkout",module,Magento_Paypal
"Add another payment method to your existing solution or as a stand-alone option.","Aggiungi un altro metodo di pagamento alla soluzione esistente o come opzione stand-alone.",module,Magento_Paypal
"Choose a secure bundled payment solution for your business.","Scegli una soluzione di pagamento sicura in bundle per il tuo business.",module,Magento_Paypal
"Payments Pro and Express Checkout","Payments Pro e Express Checkout",module,Magento_Paypal
"Basic Settings - PayPal Payments Pro","Impostazioni di base - PayPal Payments Pro",module,Magento_Paypal
"Accept payments with a completely customizable checkout page.","Accettare pagamenti con una pagina di checkout completamente personalizzabile.",module,Magento_Paypal
"Process payments using your own internet merchant account.","Processa pagamenti utilizzando il tuo account online venditore.",module,Magento_Paypal
"Add PayPal as an additional payment method to your checkout page.","Aggiungi PayPal come metodo di pagamento supplementare alla tua pagina di checkout.",module,Magento_Paypal
"Required PayPal Settings","Impostazioni PayPal Obbligatorie",module,Magento_Paypal
"Email Associated with PayPal Merchant Account (Optional)","Le email associate con l'account PayPal Venditore (opzionale)",module,Magento_Paypal
"Don't have a PayPal account? Simply enter your email address.","Non hai un conto PayPal? Basta inserire il tuo indirizzo email.",module,Magento_Paypal
"API Authentication Methods","Metodi di autenticazione API",module,Magento_Paypal
"API Username","Username API",module,Magento_Paypal
"API Password","Password API",module,Magento_Paypal
"Get Credentials from PayPal","Ottieni le credenziali da PayPal",module,Magento_Paypal
"Sandbox Mode","Modalità sandbox",module,Magento_Paypal
"API Uses Proxy","Usi proxy API",module,Magento_Paypal
"Proxy Host","Host proxy",module,Magento_Paypal
"Proxy Port","Porta Proxy",module,Magento_Paypal
"Enable this Solution","Abilita questa soluzione",module,Magento_Paypal
"Enable In-Context Checkout Experience","Abilita pratica In-Context Checkout",module,Magento_Paypal
"Merchant Account ID","ID Account Venditore",module,Magento_Paypal
"Enable PayPal Credit","Abilita PayPal Credit",module,Magento_Paypal
"Sort Order PayPal Credit","Sequenza di ordinamento PayPal Credit",module,Magento_Paypal
"Publisher ID","ID Publisher",module,Magento_Paypal
"Required to display a banner","Obbligatorio mostrare un banner",module,Magento_Paypal
"Get Publisher ID from PayPal","Ottieni ID Publisher da PayPal",module,Magento_Paypal
Display,Mostra,module,Magento_Paypal
Position,Posizione,module,Magento_Paypal
Size,Dimensione,module,Magento_Paypal
"Catalog Category Page","Pagina di Categoria",module,Magento_Paypal
"Catalog Product Page","Pagina prodotto",module,Magento_Paypal
"Checkout Cart Page","Pagina Carrello",module,Magento_Paypal
"Basic Settings - PayPal Express Checkout","Impostazioni di base - PayPal Express Checkout",module,Magento_Paypal
Title,Titolo,module,Magento_Paypal
"It is recommended to set this value to ""PayPal"" per store views.","Si consiglia di impostare questo valore su ""PayPal"" per le viste negozio.",module,Magento_Paypal
"Sort Order",Ordinamento,module,Magento_Paypal
"Payment Action","Azione di pagamento",module,Magento_Paypal
"Display on Product Details Page","Mostra nella pagina prodotto",module,Magento_Paypal
"Authorization Honor Period (days)","Autorizzazione onore periodo (giorni)",module,Magento_Paypal
"Specifies what the Authorization Honor Period is on the merchant’s PayPal account. It must mirror the setting in PayPal.","Specifica il periodo di Authorization Honor Period nell'account PayPal venditore. Esso deve rispecchiare le impostazioni in PayPal.",module,Magento_Paypal
"Order Valid Period (days)","Periodo valido dell'ordine (giorni)",module,Magento_Paypal
"Specifies what the Order Valid Period is on the merchant’s PayPal account. It must mirror the setting in PayPal.","Specifica il periodo di validità dell'ordine sul conto PayPal del venditore. Esso deve rispecchiare l'impostazione in PayPal.",module,Magento_Paypal
"Number of Child Authorizations","Numero di autorizzazioni figli",module,Magento_Paypal
"The default number of child authorizations in your PayPal account is 1. To do multiple authorizations please contact PayPal to request an increase.","Il numero predefinito di autorizzazioni figli nel tuo conto PayPal è 1. Per fare più autorizzazioni contattare PayPal per richiedere un aumento.",module,Magento_Paypal
"Advanced Settings","Impostazioni avanzate",module,Magento_Paypal
"Display on Shopping Cart","Mostra nel carrello",module,Magento_Paypal
"Also affects mini-shopping cart.","Colpisce anche il mini-carrello.",module,Magento_Paypal
"Payment Applicable From","Pagamento applicabile da",module,Magento_Paypal
"Countries Payment Applicable From","Paesi pagamento applicabile da",module,Magento_Paypal
"Debug Mode","Modalità Debug",module,Magento_Paypal
"Enable SSL verification","Attiva la verifica SSL",module,Magento_Paypal
"Transfer Cart Line Items","Elementi di riga trasferimento carrello",module,Magento_Paypal
"Transfer Shipping Options","Trasferimento opzioni spedizione",module,Magento_Paypal
"If this option is enabled, customer can change shipping address and shipping method on PayPal website. In live mode works via HTTPS protocol only.","Se questa opzione è attivata, il cliente può cambiare indirizzo di spedizione e metodo di spedizione sul sito web PayPal. In modalità live funziona solo via protocollo HTTPS.",module,Magento_Paypal
"Notice that PayPal can handle up to 10 shipping options. That is why Magento will transfer only first 10 cheapest shipping options if there are more than 10 available.","Nota che PayPal può gestire fino a 10 opzioni di spedizione. Ecco perché Magento trasferirà solo le prime 10 opzioni di spedizione più economiche se ci sono più di 10 opzioni disponibili.",module,Magento_Paypal
"Enable PayPal Guest Checkout","Abilita PayPal Guest Checkout",module,Magento_Paypal
"Ability for buyer to purchase without PayPal account.","Possibilità per l'acquirente di acquistare senza conto PayPal.",module,Magento_Paypal
"Require Customer's Billing Address","Richiede l'indirizzo di fatturazione del cliente",module,Magento_Paypal
"This feature needs be enabled first for the merchant account through PayPal technical support.","Questa funzionalità deve essere abilitata prima di tutto nell'account venditore tramite supporto tecnico PayPal.",module,Magento_Paypal
"Billing Agreement Signup","Accetta accordo di fatturazione",module,Magento_Paypal
"Whether to create a billing agreement, if there are no active billing agreements available.","Crea un accordo di fatturazione, se non c'è nessun accordo di fatturazione attivo disponibile.",module,Magento_Paypal
"Skip Order Review Step","Salta step revisione ordine",module,Magento_Paypal
"PayPal Billing Agreement Settings","Impostazioni PayPal accordo di fatturazione",module,Magento_Paypal
Enabled,Abilitato,module,Magento_Paypal
"Allow in Billing Agreement Wizard","Consenti nella creazione guidata accordo di fatturazione",module,Magento_Paypal
"Settlement Report Settings","Impostazioni report di liquidazione",module,Magento_Paypal
"SFTP Credentials","Credenziali SFTP",module,Magento_Paypal
"Custom Endpoint Hostname or IP-Address","Hostname endpoint o indirizzo IP personalizzato",module,Magento_Paypal
"By default it is ""reports.paypal.com"".","Di default è ""reports.paypal.com"".",module,Magento_Paypal
"Use colon to specify port. For example: ""test.example.com:5224"".","Usa i due punti per specificare la porta. Per esempio: ""test.esempio.com:5224"".",module,Magento_Paypal
"Custom Path","Percorso personalizzato",module,Magento_Paypal
"Scheduled Fetching","Recupero pianificato",module,Magento_Paypal
"Enable Automatic Fetching","Attiva il recupero automatico",module,Magento_Paypal
Schedule,Pianifica,module,Magento_Paypal
"PayPal retains reports for 45 days.","PayPal conserva i report per 45 giorni.",module,Magento_Paypal
"Time of Day","Ora del giorno",module,Magento_Paypal
"Frontend Experience Settings","Impostazioni esperienza Frontend",module,Magento_Paypal
"PayPal Product Logo","Logo prodotto PayPal",module,Magento_Paypal
"Displays on catalog pages and homepage.","Mostra sulla homepage e nelle pagine del catalogo.",module,Magento_Paypal
"PayPal Merchant Pages Style","Stile pagine PayPal del commerciante",module,Magento_Paypal
"Page Style","Stile pagina",module,Magento_Paypal
"Header Image URL","URL dell'immagine header",module,Magento_Paypal
"Header Background Color","Colore background header",module,Magento_Paypal
"Header Border Color","Colore bordo header",module,Magento_Paypal
"2-pixel perimeter around the header space.","perimetro di 2 pixel attorno allo spazio dell'header.",module,Magento_Paypal
"Page Background Color","Colore background pagina",module,Magento_Paypal
"Payments Advanced and Express Checkout","Pagamenti avanzati ed Express Checkout",module,Magento_Paypal
Vendor,Venditore,module,Magento_Paypal
User,Utente,module,Magento_Paypal
"PayPal recommends that you set up an additional User on your account at manager.paypal.com","PayPal consiglia di impostare un altro utente sul vostro conto presso manager.paypal.com",module,Magento_Paypal
"PayPal recommends you set up an additional User on your account at manager.paypal.com, instead of entering your admin username and password here. This will enhance your security and prevent service interruptions if you later change your password. If you do not want to set up an additional User, you can re-enter your Merchant Login here.","PayPal consiglia di impostare un altro utente sul vostro conto presso manager.paypal.com, invece di inserire username e password amministrativa qui. Questo migliorerà la sicurezza e preverrà interruzioni di servizio se cambierai la password in seguito. Se non vuoi impostare un utente aggiuntivo, inserisci nuovamente il login venditore qui.",module,Magento_Paypal
"Test Mode","Modalità test",module,Magento_Paypal
"Use Proxy","Utilizza Proxy",module,Magento_Paypal
"Basic Settings - PayPal Payments Advanced","Impostazioni di base - PayPal pagamenti avanzati",module,Magento_Paypal
"It is recommended to set this value to ""Debit or Credit Card"" per store views.","Si consiglia di impostare questo valore a ""Carta di credito o di debito"" per vista negozio.",module,Magento_Paypal
"CVV Entry is Editable","Il campo CVV è modificabile",module,Magento_Paypal
"Require CVV Entry","Richiede l'immissione del CVV",module,Magento_Paypal
"Send Email Confirmation","Invia Email di conferma",module,Magento_Paypal
"URL method for Cancel URL and Return URL","Metodo URL per URL di annullamento e URL di ritorno",module,Magento_Paypal
"Payflow Link and Express Checkout","Payflow Link e Express Checkout",module,Magento_Paypal
"If you do not have multiple users set up on your account, please re-enter your Vendor/Merchant Login here.","Se non si dispone di più utenti sul tuo account, immettere nuovamente la tua Login venditore qui.",module,Magento_Paypal
"Enable Payflow Link","Abilita Payflow Link",module,Magento_Paypal
"Enable Express Checkout","Abilita Express Checkout",module,Magento_Paypal
"Basic Settings - PayPal Payflow Link","Impostazioni di base - PayPal Payflow Link",module,Magento_Paypal
"Basic Settings - PayPal Payments Pro Hosted Solution","Impostazioni di base - PayPal Payments Pro Hosted Solution",module,Magento_Paypal
"Display Express Checkout in the Payment Information step","Visualizza Express Checkout nello step di informazioni di pagamento",module,Magento_Paypal
"Website Payments Pro Hosted Solution and Express Checkout","Website Payments Pro Hosted Solution e Express Checkout",module,Magento_Paypal
"Basic Settings - PayPal Website Payments Pro Hosted Solution","Impostazioni di base - PayPal Website Payments Pro Hosted Solution",module,Magento_Paypal
"Basic Settings - PayPal Payflow Pro","Impostazioni di base - PayPal Payflow Pro",module,Magento_Paypal
"Vault Title","Titolo di Deposito",module,Magento_Paypal
"Credit Card Settings","Impostazioni Carta di credito",module,Magento_Paypal
"Allowed Credit Card Types","Tipi di carta di credito validi",module,Magento_Paypal
"CVV and AVS Settings","Impostazioni CVV e AVS",module,Magento_Paypal
"Reject Transaction if:","Rifiutare la transazione se:",module,Magento_Paypal
"AVS Street Does Not Match","AVS indirizzi non corrispondono",module,Magento_Paypal
"AVS Zip Does Not Match","AVS Cap non corrispondono",module,Magento_Paypal
"International AVS Indicator Does Not Match","Indicatore internazionale AVS non corrisponde",module,Magento_Paypal
"Card Security Code Does Not Match","Il codice di sicurezza della carta non corrisponde",module,Magento_Paypal
"Payflow Pro and Express Checkout","Payflow Pro e Express Checkout",module,Magento_Paypal
"Persistent Shopping Cart","Carrello persistente",module,Magento_Persistent
"General Options","Opzioni Generali",module,Magento_Persistent
"Enable Persistence","Abilita la persistenza",module,Magento_Persistent
"Persistence Lifetime (seconds)","Durata persistenza (secondi)",module,Magento_Persistent
"Enable ""Remember Me""","Abilita ""Ricordami""",module,Magento_Persistent
"""Remember Me"" Default Value","Valore predefinito ""Ricordami""",module,Magento_Persistent
"Clear Persistence on Sign Out","Elimina persistenza al logout",module,Magento_Persistent
"Persist Shopping Cart","Persistenza carrello",module,Magento_Persistent
"Product Alerts","Avvisi prodotto",module,Magento_ProductAlert
"Allow Alert When Product Price Changes","Consenti avviso quando il prezzo del prodotto cambia",module,Magento_ProductAlert
"Allow Alert When Product Comes Back in Stock","Consenti avviso quando il prodotto è nuovamente disponibile",module,Magento_ProductAlert
"Price Alert Email Template","Template email avviso prezzo",module,Magento_ProductAlert
"Email template chosen based on theme fallback when ""Default"" option is selected.","Il template email scelto basato su fallback del tema quando è selezionata l'opzione ""Predefinito"".",module,Magento_ProductAlert
"Stock Alert Email Template","Template email avviso inventario",module,Magento_ProductAlert
"Alert Email Sender","Mittente email avviso",module,Magento_ProductAlert
"Product Alerts Run Settings","Impostazioni funzionamento avvisi prodotto",module,Magento_ProductAlert
Frequency,Frequenza,module,Magento_ProductAlert
"Start Time","Ora di inizio",module,Magento_ProductAlert
"Error Email Recipient","Destinatario Email di errore",module,Magento_ProductAlert
"Error Email Sender","Mittente Email di errore",module,Magento_ProductAlert
"Error Email Template","Template Email di errore",module,Magento_ProductAlert
"Notify me when the price drops","Avvisami quando il prezzo scende",module,Magento_ProductAlert
"Notify me when this product is in stock","Avvisami quando questo prodotto è disponibile",module,Magento_ProductAlert
"Product Video","Video del prodotto",module,Magento_ProductVideo
"Autostart base video","Video base autostart",module,Magento_ProductVideo
"Show related video","Mostra video correlati",module,Magento_ProductVideo
"Images And Videos","Immagini e video",module,Magento_ProductVideo
Carts,Carrelli,module,Magento_Quote
"Manage carts","Gestisci carrelli",module,Magento_Quote
"Products in Cart","Prodotti nel carrello",module,Magento_Reports
"Abandoned Cart","Carrello abbandonato",module,Magento_Reports
"Search Terms","Termini di ricerca",module,Magento_Reports
"By Customers","Per clienti",module,Magento_Reports
"By Products","Per prodotti",module,Magento_Reports
Refunds,Rimborsi,module,Magento_Reports
"Order Total","Totale ordine",module,Magento_Reports
"Order Count","Conteggio dell'ordine",module,Magento_Reports
New,Nuovo,module,Magento_Reports
Ordered,Ordinato,module,Magento_Reports
"Recently Viewed/Compared Products","Prodotti visti/confrontati di recente",module,Magento_Reports
"Show for Current","Mostra per corrente",module,Magento_Reports
"Default Recently Viewed Products Count","Numero predefinito di prodotti recentemente visti da considerare",module,Magento_Reports
"Default Recently Compared Products Count","Numero predefinito di prodotti recentemente confrontati da considerare",module,Magento_Reports
"Year-To-Date Starts","Parti dall'inizio dell'anno sino ad oggi (YTD)",module,Magento_Reports
"Current Month Starts","Inizia dal mese corrente",module,Magento_Reports
"Select day of the month.","Seleziona il giorno del mese.",module,Magento_Reports
"Recently Viewed Products","Ultimi prodotti visualizzati",module,Magento_Reports
"List of Products Recently Viewed by Visitor","Elenco dei prodotti visualizzati di recente dai visitatori",module,Magento_Reports
"Number of Products to display","Numero di prodotti da visualizzare",module,Magento_Reports
"Viewed Products Grid Template","Template a griglia prodotti visualizzati",module,Magento_Reports
"Viewed Products List Template","Template a lista prodotti visualizzati",module,Magento_Reports
"Viewed Products Images and Names Template","Immagini e nomi template prodotti visualizzati",module,Magento_Reports
"Viewed Products Names Only Template","Template solo nomi prodotti visti",module,Magento_Reports
"Viewed Products Images Only Template","Template solo immagini prodotti visti",module,Magento_Reports
"Recently Compared Products","Prodotti confrontati di recente",module,Magento_Reports
"List of Products Recently Compared and Removed from the Compare List by Visitor","Elenco dei prodotti confrontati di recente e rimossi dall'elenco di confronto dal visitatore",module,Magento_Reports
"Compared Products Grid Template","Template griglia prodotti confrontati",module,Magento_Reports
"Compared Products List Template","Template elenco prodotti confrontati",module,Magento_Reports
"Compared Products Images and Names Template","Template Nomi e immagini prodotti confrontati",module,Magento_Reports
"Compared Product Names Only Template","Template solo nomi prodotti confrontati",module,Magento_Reports
"Compared Product Images Only Template","Template solo immagini prodotti confrontati",module,Magento_Reports
Average,Media,module,Magento_Reports
"Stock Quantity","Quantità in inventario",module,Magento_Reports
"Ordered Quantity","Quantità ordinata",module,Magento_Reports
"The report displays the top 5 most viewed products for each interval.","Il report Visualizza i primi 5 prodotti più visitati per ogni intervallo.",module,Magento_Reports
"For accurate reporting, be sure to refresh lifetime statistics whenever you change the time zone.","Per un accurato report, assicurati di aggiornare il periodo delle statistiche ogni volta che si modifica il fuso orario.",module,Magento_Reports
Guest,Ospite,module,Magento_Reports
Action,Azione,module,Magento_Reports
"Average (Approved)","Media (approvato)",module,Magento_Reports
"Last Review","Ultima recensione",module,Magento_Reports
"Order Created","Ordine creato",module,Magento_Reports
"Order Updated","Ordine aggiornato",module,Magento_Reports
"The Order Updated report is created in real time and does not require a refresh.","Il report degli ordini aggiornati è stato creato in tempo reale e non richiede un aggiornamento.",module,Magento_Reports
"Last Invoice Created Date","Data creazione ultima fattura",module,Magento_Reports
"Last Credit Memo Created Date","Data creazione ultima nota di credito",module,Magento_Reports
"First Invoice Created Date","Data di creazione prima fattura",module,Magento_Reports
"Refresh Lifetime Statistics","Aggiornare le statistiche dall'inizio dell'attività",module,Magento_Reports
"Are you sure you want to refresh lifetime statistics right now? This operation may slow down your customers' shopping experience.","Sei sicuro di voler aggiornare le statistiche dall'inizio dell'attività in questo momento? Questa operazione potrebbe rallentare l'esperienza di acquisto dei clienti.",module,Magento_Reports
"Refresh Statistics for the Last Day","Aggiorna le statistiche per l'ultimo giorno",module,Magento_Reports
"Are you sure you want to refresh statistics for the last day?","Sei sicuro di voler aggiornare le statistiche per l'ultimo giorno?",module,Magento_Reports
Description,Descrizione,module,Magento_Reports
undefined,"non definito",module,Magento_Reports
"By Customers","Per clienti",module,Magento_Review
"By Products","Per prodotti",module,Magento_Review
"Allow Guests to Write Reviews","Permetti agli ospiti di scrivere recensioni",module,Magento_Review
Active,Attiva,module,Magento_Review
Inactive,Inattivo,module,Magento_Review
"RSS Feeds Section","Sezione Feed RSS",module,Magento_Rss
"RSS Feeds","Feed RSS",module,Magento_Rss
"Rss Config","Config. RSS",module,Magento_Rss
"Enable RSS","Abilita RSS",module,Magento_Rss
Promotion,Promozione,module,Magento_SalesRule
"Auto Generated Specific Coupon Codes","Codici coupon specifici autogenerati",module,Magento_SalesRule
"Web Site",Website,module,Magento_SalesRule
Priority,Priorità,module,Magento_SalesRule
"Cart Price Rule","Regola di prezzo del carrello",module,Magento_SalesRule
Back,Indietro,module,Magento_SalesRule
"Rule Information","Informazioni sulle regole",module,Magento_SalesRule
"Rule Name","Nome regola",module,Magento_SalesRule
Description,Descrizione,module,Magento_SalesRule
Websites,Website,module,Magento_SalesRule
"Customer Groups","Gruppi cliente",module,Magento_SalesRule
"Use Auto Generation","Usa la generazione automatica",module,Magento_SalesRule
"Uses per Coupon","Usi per Coupon",module,Magento_SalesRule
"Uses per Customer","Usi per cliente",module,Magento_SalesRule
From,Dal,module,Magento_SalesRule
To,Al,module,Magento_SalesRule
"Public In RSS Feed","Pubblica nel Feed RSS",module,Magento_SalesRule
Apply,Applica,module,Magento_SalesRule
"Discount Amount","Sconto quantità",module,Magento_SalesRule
"Maximum Qty Discount is Applied To","Sconto massimo Qty è applicato a",module,Magento_SalesRule
"Discount Qty Step (Buy X)","Step sconto qtà (Compra X)",module,Magento_SalesRule
"Discount amount is applied to subtotal only","L'importo dello sconto viene applicato solo sul sub-totale",module,Magento_SalesRule
"Discount amount is applied to subtotal and shipping amount separately","L'importo dello sconto viene applicato separatamente sul sub-totale e sull'importo della spedizione",module,Magento_SalesRule
"Apply to Shipping Amount","Applica all'importo di spedizione",module,Magento_SalesRule
"Discard subsequent rules","Scartare le regole successive",module,Magento_SalesRule
"Default Rule Label for All Store Views","Etichetta Regola predefinita per tutte le viste negozio",module,Magento_SalesRule
Operations,Operazioni,module,Magento_Sales
Create,Crea,module,Magento_Sales
"Send Order Email","Invia email dell'ordine",module,Magento_Sales
"Accept or Deny Payment","Accetta o rifiuta il pagamento",module,Magento_Sales
"Send Sales Emails","Invia email delle vendite",module,Magento_Sales
"Sales Section","Sezione vendite",module,Magento_Sales
"Sales Emails Section","Sezione email delle vendite",module,Magento_Sales
General,Generale,module,Magento_Sales
"Hide Customer IP","Nascondi IP Cliente",module,Magento_Sales
"Choose whether a customer IP is shown in orders, invoices, shipments, and credit memos.","Scegliere se l'IP cliente deve essere mostrato in ordini, fatture, spedizioni e note di credito.",module,Magento_Sales
"Checkout Totals Sort Order","Ordinamento Totali nel Checkout",module,Magento_Sales
"Allow Reorder","Permetti riordini",module,Magento_Sales
"Invoice and Packing Slip Design","Design imballaggio e fattura",module,Magento_Sales
"Logo for PDF Print-outs (200x50)","Logo per Stampe PDF (200x50)",module,Magento_Sales
"Logo for HTML Print View","Logo per la visualizzazione HTML di stampa",module,Magento_Sales
Address,Indirizzo,module,Magento_Sales
"Minimum Order Amount","Importo minimo d'ordine",module,Magento_Sales
Enable,Attiva,module,Magento_Sales
"Minimum Amount","Importo minimo",module,Magento_Sales
"Subtotal after discount","Subtotale dopo lo sconto",module,Magento_Sales
"Include Tax to Amount","Include le tasse all'importo",module,Magento_Sales
"Description Message","Messaggio di descrizione",module,Magento_Sales
"This message will be shown in the shopping cart when the subtotal (after discount) is lower than the minimum allowed amount.","Questo messaggio appare nel carrello quando il subtotale (dopo lo sconto) è inferiore al minimo consentito.",module,Magento_Sales
"Error to Show in Shopping Cart","Errore di visualizzazione nel carrello",module,Magento_Sales
"Validate Each Address Separately in Multi-address Checkout","Convalida ogni indirizzo separatamente nel checkout con indirizzi multipli",module,Magento_Sales
"Multi-address Description Message","Messaggio di descrizione multi indirizzo",module,Magento_Sales
"We'll use the default description above if you leave this empty.","Useremo la descrizione predefinita mostrata sopra se si lascia questo campo vuoto.",module,Magento_Sales
"Multi-address Error to Show in Shopping Cart","Errore indirizzi multipli da mostrare nel carrello",module,Magento_Sales
"We'll use the default error above if you leave this empty.","Useremo l'errore predefinito mostrato sopra se si lascia questo campo vuoto.",module,Magento_Sales
"Use Aggregated Data","Utilizza dati aggregati",module,Magento_Sales
"Orders Cron Settings","Impostazioni Cron Ordini",module,Magento_Sales
"Pending Payment Order Lifetime (minutes)","Durata (in minuti) in attesa pagamento ordine",module,Magento_Sales
"Sales Emails","Email Vendite",module,Magento_Sales
"Asynchronous sending","Invio Asincrono",module,Magento_Sales
Enabled,Abilitato,module,Magento_Sales
"New Order Confirmation Email Sender","Mittente email conferma nuovo ordine",module,Magento_Sales
"New Order Confirmation Template","Template conferma nuovo ordine",module,Magento_Sales
"Email template chosen based on theme fallback when ""Default"" option is selected.","Il template email scelto basato su fallback del tema quando è selezionata l'opzione ""Predefinito"".",module,Magento_Sales
"New Order Confirmation Template for Guest","Template conferma nuovo ordine per gli ospiti",module,Magento_Sales
"Send Order Email Copy To","Invia copia email ordine a",module,Magento_Sales
Comma-separated,"Separati da virgole",module,Magento_Sales
"Send Order Email Copy Method","Metodo di invio copia email ordine",module,Magento_Sales
"Order Comment Email Sender","Mittente Email ordine",module,Magento_Sales
"Order Comment Email Template","Template Email Ordine",module,Magento_Sales
"Order Comment Email Template for Guest","Template email commento ordine per gli ospiti",module,Magento_Sales
"Send Order Comment Email Copy To","Invia email commento ordine in copia a",module,Magento_Sales
"Send Order Comments Email Copy Method","Metodo di invio copia email commento ordine",module,Magento_Sales
"Invoice Email Sender","Mittente Email fattura",module,Magento_Sales
"Invoice Email Template","Template Email fattira",module,Magento_Sales
"Invoice Email Template for Guest","Template email fattura per gli ospiti",module,Magento_Sales
"Send Invoice Email Copy To","Invia email fattura in copia a",module,Magento_Sales
"Send Invoice Email Copy Method","Metodo di invio copia email fattura",module,Magento_Sales
"Invoice Comment Email Sender","Mittente Email commento fattura",module,Magento_Sales
"Invoice Comment Email Template","Template Email fattura",module,Magento_Sales
"Invoice Comment Email Template for Guest","Template email commento fattura per gli ospiti",module,Magento_Sales
"Send Invoice Comment Email Copy To","Invia email commento fattura in copia a",module,Magento_Sales
"Send Invoice Comments Email Copy Method","Metodo di invio copia email commenti fattura",module,Magento_Sales
Shipment,Spedizione,module,Magento_Sales
"Shipment Email Sender","Mittente Email Spedizione",module,Magento_Sales
"Shipment Email Template","Template Email Spedizione",module,Magento_Sales
"Shipment Email Template for Guest","Template email spedizione per gli ospiti",module,Magento_Sales
"Send Shipment Email Copy To","Invia email spedizione in copia a",module,Magento_Sales
"Send Shipment Email Copy Method","Metodo di invio copia email spedizione",module,Magento_Sales
"Shipment Comments","Commenti spedizione",module,Magento_Sales
"Shipment Comment Email Sender","Mittente email commento spedizione",module,Magento_Sales
"Shipment Comment Email Template","Template email commento spedizione",module,Magento_Sales
"Shipment Comment Email Template for Guest","Template email commento spedizione per gli ospiti",module,Magento_Sales
"Send Shipment Comment Email Copy To","Invia email commento spedizione in copia a",module,Magento_Sales
"Send Shipment Comments Email Copy Method","Metodo di invio copia email commenti spedizione",module,Magento_Sales
"Credit Memo Email Sender","Mittente Email nota di credito",module,Magento_Sales
"Credit Memo Email Template","Template Email nota di credito",module,Magento_Sales
"Credit Memo Email Template for Guest","Template email nota di credito per gli ospiti",module,Magento_Sales
"Send Credit Memo Email Copy To","Invia email nota di credito in copia a",module,Magento_Sales
"Send Credit Memo Email Copy Method","Metodo di invio copia email nota di credito",module,Magento_Sales
"Credit Memo Comment Email Sender","Mittente Email nota di credito",module,Magento_Sales
"Credit Memo Comment Email Template","Template Email commento nota di credito",module,Magento_Sales
"Credit Memo Comment Email Template for Guest","Template email commento nota di credito per gli ospiti",module,Magento_Sales
"Send Credit Memo Comment Email Copy To","Invia email commento nota di credito in copia a",module,Magento_Sales
"Send Credit Memo Comments Email Copy Method","Metodo di invio copia email commenti nota di credito",module,Magento_Sales
"PDF Print-outs","Stampe PDF",module,Magento_Sales
"Display Order ID in Header","Visualizza ID ordine nell'intestazione",module,Magento_Sales
"Customer Order Status Notification","Notifica cliente sullo status dell'ordine",module,Magento_Sales
"Asynchronous indexing","Indicizzazione asincrona",module,Magento_Sales
"Orders and Returns Search Form","Ordini e modulo di ricerca reso",module,Magento_Sales
"Anchor Custom Title","Titolo personalizzato ancora",module,Magento_Sales
"Default Template","Template predefinito",module,Magento_Sales
Name,Nome,module,Magento_Sales
Phone,Telefono,module,Magento_Sales
"ZIP/Post Code","Codice postale",module,Magento_Sales
"Signed-up Point","Punti iscrizione",module,Magento_Sales
"Bill-to Name","Fattura a nome",module,Magento_Sales
Created,Creato,module,Magento_Sales
"Invoice Date","Data fattura",module,Magento_Sales
"Ship-to Name","Nome del destinatario",module,Magento_Sales
"Ship Date","Data Spedizione",module,Magento_Sales
"Total Quantity","Quantità Totale",module,Magento_Sales
"Default Status","Status predefinito",module,Magento_Sales
"State Code and Title","Titolo e codice stato",module,Magento_Sales
"Item Status","Status elemento",module,Magento_Sales
"Original Price","Prezzo originale",module,Magento_Sales
"Tax Percent","Percentuale tassa",module,Magento_Sales
"All Store Views","Tutte le Viste Negozio",module,Magento_Sales
"PDF Credit Memos","PDF Note di credito",module,Magento_Sales
"Purchase Point","Punto di acquisto",module,Magento_Sales
"Print Invoices","Stampa Fattura",module,Magento_Sales
"Print Packing Slips","Stampare documenti di trasporto",module,Magento_Sales
"Print Credit Memos","Stampa le note di credito",module,Magento_Sales
"Print All","Stampa tutto",module,Magento_Sales
"Print Shipping Labels","Stampa etichette di spedizione",module,Magento_Sales
"Purchase Date","Data di acquisto",module,Magento_Sales
"Grand Total (Base)","Totale complessivo (Base)",module,Magento_Sales
"Grand Total (Purchased)","Totale complessivo (acquistato)",module,Magento_Sales
"Customer Email","Email cliente",module,Magento_Sales
"Shipping and Handling","Spedizione e gestione",module,Magento_Sales
"PDF Invoices","Fatture PDF",module,Magento_Sales
"PDF Shipments","PDF Spedizioni",module,Magento_Sales
"PDF Creditmemos","PDF Note di credito",module,Magento_Sales
Refunds,Rimborsi,module,Magento_Sales
"Search Engine","Motore di ricerca",module,Magento_Search
Hits,Utilizzi,module,Magento_Search
"Are you sure?","Sei sicuro?",module,Magento_Search
"Suggested Terms","Termini suggeriti",module,Magento_Search
yes,sì,module,Magento_Search
Action,Azione,module,Magento_Search
Edit,Modifica,module,Magento_Search
Scope,"Ambito di applicazione",module,Magento_Search
"You can adjust the scope of this synonym group by selecting an option from the list.","È possibile regolare lo scopo di questo gruppo sinonimo selezionando un'opzione dall'elenco.",module,Magento_Search
Synonyms,Sinonimi,module,Magento_Search
"Comma-separated list of synonyms. The terms entered (separated by commas) will be used as an “OR” search query to search your entire store. For example, if you enter “shoes,footwear”, and user were to search for ""shoes"", the search results will include any product or content with term “shoes"" or ""footwear.”","Elenco dei sinonimi separato da virgole. I termini inseriti (separati da virgole) saranno utilizzati come ""OR"" nella query di ricerca per cercare nell'intero negozio. Ad esempio, se si immette ""Scarpe, calzature"", e l'utente vuole ricercare ""scarpe"", i risultati della ricerca includerà qualsiasi prodotto o contenuti con termine ""scarpe"" o ""calzature""",module,Magento_Search
"Merge existing synonyms","Unire sinonimi esistenti",module,Magento_Search
"Automatically merges synonyms in groups that share the same scope. If you check this box and you add one or more of the same terms to different synonym groups in the same scope, automatically merges all the terms to one group. If this isn't what you want, uncheck the box and an error displays if you try to add the same terms.","Unisce automaticamente i sinonimi di gruppi che condividono lo stesso ambito. Se si seleziona questa casella e si aggiungono uno o più degli stessi termini a diversi gruppi di sinonimi nello stesso ambito, unisce automaticamente tutti i termini a un gruppo. Se questo non è ciò che si vuole, deselezionare la casella e viene visualizzato un errore se si tenta di aggiungere gli stessi termini.",module,Magento_Search
"Store View","Vista Negozio",module,Magento_Search
"Delete items","Elimina elementi",module,Magento_Search
"Are you sure you want to delete the selected synonym groups?","Sei sicuro di voler cancellare i sinonimo gruppi?",module,Magento_Search
"Admin Account Sharing","Condivisione dell'account Admin",module,Magento_Security
"If set to Yes, you can log in from multiple computers into same account. Default setting No improves security.","Se impostata su Sì, è possibile accedere da più computer nello stesso account. Predefinito è No per una maggior sicurezza.",module,Magento_Security
"Password Reset Protection Type","Tipo di protezione per il Ripristino Password",module,Magento_Security
"Max Number of Password Reset Requests","Massimo numero di richieste Ripristino Password",module,Magento_Security
"Limit the number of password reset request per hour. Use 0 to disable.","Numero di richieste massimo di reset della password per ogni ora. Utilizzare 0 per disabilitare.",module,Magento_Security
"Min Time Between Password Reset Requests","Tempo minimo tra le richieste di Ripristino Password",module,Magento_Security
"Delay in minutes between password reset requests. Use 0 to disable.","Tempo minimo di minuti tra le richieste di reset di password. Utilizzare 0 per disabilitare.",module,Magento_Security
"Email to a Friend","Segnala ad un amico",module,Magento_SendFriend
Enabled,Abilitato,module,Magento_SendFriend
"Select Email Template","Seleziona Template Email",module,Magento_SendFriend
"Email template chosen based on theme fallback when ""Default"" option is selected.","Il template email scelto basato su fallback del tema quando è selezionata l'opzione ""Predefinito"".",module,Magento_SendFriend
"Allow for Guests","Permetti agli ospiti",module,Magento_SendFriend
"Max Recipients","Destinatari Massimi",module,Magento_SendFriend
"Max Products Sent in 1 Hour","Massimi prodotti inviati in 1 ora",module,Magento_SendFriend
"Limit Sending By","Limite di invio di",module,Magento_SendFriend
"Shipping Settings Section","Sezione impostazioni di spedizione",module,Magento_Shipping
"Shipping Policy Parameters Section","Sezione parametri policy di spedizione",module,Magento_Shipping
"Shipping Methods Section","Sezione metodi di spedizione",module,Magento_Shipping
"Shipping Settings","Impostazioni di spedizione",module,Magento_Shipping
Origin,Origine,module,Magento_Shipping
Country,Paese,module,Magento_Shipping
Region/State,Provincia,module,Magento_Shipping
"ZIP/Postal Code","Codice Postale",module,Magento_Shipping
City,Città,module,Magento_Shipping
"Street Address",Indirizzo,module,Magento_Shipping
"Street Address Line 2","Riga di indirizzo 2",module,Magento_Shipping
"Shipping Policy Parameters","Parametri delle policy di spedizione",module,Magento_Shipping
"Apply custom Shipping Policy","Applica policy di spedizione personalizzate",module,Magento_Shipping
"Shipping Policy","Policy di spedizione",module,Magento_Shipping
"Shipping Methods","Metodi di Spedizione",module,Magento_Shipping
"XML Sitemap Section","Sezione Sitemap XML",module,Magento_Sitemap
"Categories Options","Opzioni Categorie",module,Magento_Sitemap
Frequency,Frequenza,module,Magento_Sitemap
Priority,Priorità,module,Magento_Sitemap
"Valid values range from 0.0 to 1.0.","Intervallo di valori validi da 0.0 a 1.0.",module,Magento_Sitemap
"Products Options","Opzioni Prodotti",module,Magento_Sitemap
"Add Images into Sitemap","Aggiungere immagini nella Sitemap",module,Magento_Sitemap
"CMS Pages Options","Opzioni Pagine CMS",module,Magento_Sitemap
"Generation Settings","Impostazioni di generazione",module,Magento_Sitemap
Enabled,Abilitato,module,Magento_Sitemap
"Error Email Recipient","Destinatario Email di errore",module,Magento_Sitemap
"Error Email Sender","Mittente Email di errore",module,Magento_Sitemap
"Error Email Template","Template Email di errore",module,Magento_Sitemap
"Email template chosen based on theme fallback when ""Default"" option is selected.","Il template email scelto basato su fallback del tema quando è selezionata l'opzione ""Predefinito"".",module,Magento_Sitemap
"Start Time","Ora di inizio",module,Magento_Sitemap
"Sitemap File Limits","Limiti del File Sitemap",module,Magento_Sitemap
"Maximum No of URLs Per File","Numero massimo di URL per file",module,Magento_Sitemap
"Maximum File Size","Dimensione massima del file",module,Magento_Sitemap
"File size in bytes.","Dimensioni file in byte.",module,Magento_Sitemap
"Search Engine Submission Settings","Impostazioni invio del motore di ricerca",module,Magento_Sitemap
"Enable Submission to Robots.txt","Attiva Invio al Robots.txt",module,Magento_Sitemap
"Link for Google","Link per Google",module,Magento_Sitemap
"Last Generated","L'ultimo generato",module,Magento_Sitemap
Action,Azione,module,Magento_Sitemap
Configuration,Configurazione,module,Magento_Store
"Various XML configurations that were collected across modules and merged","Varie configurazioni XML raccolte dai moduli e poi unite",module,Magento_Store
"Layout building instructions","Istruzioni di costruzione del layout",module,Magento_Store
"Blocks HTML output","Output Blocchi HTML",module,Magento_Store
"Page blocks HTML","HTML Blocchi pagina",module,Magento_Store
"Collection data files","File collection dati",module,Magento_Store
"Reflection Data","Dati reflection",module,Magento_Store
"API interfaces reflection data","Interfacce API dati reflection",module,Magento_Store
"Database DDL operations","Operazioni DDL database",module,Magento_Store
"Results of DDL queries, such as describing tables or indexes","RIsultati delle query DDL, ad esempio descrivendo tabelle o indici",module,Magento_Store
"Swatches per Product","Anteprime di selezione per prodotto",module,Magento_Swatches
"Swatch Image","Immagine anteprima di selezione",module,Magento_Swatches
Image,Immagine,module,Magento_Swatches
"Allowed file types: jpeg, gif, png.","Tipi di file consentiti: jpeg, gif, png.",module,Magento_Swatches
"Image Opacity","Opacità immagine",module,Magento_Swatches
"Image Size","Dimensione immagine",module,Magento_Swatches
"Example format: 200x300.","Formato di esempio: 200x300.",module,Magento_Swatches
"Image Position","Posizione immagine",module,Magento_Swatches
"Default Store View","Vista Negozio predefinita",module,Magento_Swatches
Admin,Amministratore,module,Magento_Swatches
Taxes,Tasse,module,Magento_Tax
"Tax Section","Sezione Tasse",module,Magento_Tax
"Tax Classes","Classi Tassa",module,Magento_Tax
"Tax Class for Shipping","Classe tassa per la spedizione",module,Magento_Tax
"Default Tax Class for Product","Classe Tassa predefinita per i prodotti",module,Magento_Tax
"Default Tax Class for Customer","Classe Tassa predefinita per i clienti",module,Magento_Tax
"Calculation Settings","Impostazioni di calcolo",module,Magento_Tax
"Tax Calculation Method Based On","Metodo di calcolo tasse basato su",module,Magento_Tax
"Tax Calculation Based On","Calcolo dell'imposta basato su",module,Magento_Tax
"Catalog Prices","Prezzi Catalogo",module,Magento_Tax
"This sets whether catalog prices entered from Magento Admin include tax.","Questi set determinano se i prezzi del catalogo inseriti lato admin includono le tasse.",module,Magento_Tax
"Shipping Prices","Prezzi di spedizione",module,Magento_Tax
"This sets whether shipping amounts entered from Magento Admin or obtained from gateways include tax.","Questi set determinano se i costi di spedizione inseriti lato admin od ottenuti da vari gateway includono le tasse.",module,Magento_Tax
"Apply Customer Tax","Applica Tassa cliente",module,Magento_Tax
"Apply Discount On Prices","Applica sconto sui prezzi",module,Magento_Tax
"Apply Tax On","Applica Tassa su",module,Magento_Tax
"Enable Cross Border Trade","Abilitare commercio oltre frontiera",module,Magento_Tax
"When catalog price includes tax, enable this setting to fix the price no matter what the customer's tax rate.","Quando i prezzi catalogo includono le tasse, abilita questa impostazione per fissare il prezzo indipendentemente dalla aliquota fiscale del cliente.",module,Magento_Tax
"Default Tax Destination Calculation","Calcolo tassa in base alla destinazione predefinito",module,Magento_Tax
"Default Country","Paese predefinito",module,Magento_Tax
"Default State","Provincia Predefinita",module,Magento_Tax
"Default Post Code","Codice postale predefinito",module,Magento_Tax
"Price Display Settings","Impostazioni di visualizzazione del prezzo",module,Magento_Tax
"Display Product Prices In Catalog","Visualizzare i prezzi dei prodotti nel catalogo",module,Magento_Tax
"Display Shipping Prices","Visualizza i prezzi di spedizione",module,Magento_Tax
"Shopping Cart Display Settings","Impostazioni di visualizzazione del carrello",module,Magento_Tax
"Display Prices","Mostra prezzi",module,Magento_Tax
"Display Subtotal","Mostra Subtotale",module,Magento_Tax
"Display Shipping Amount","Mostra importo spedizione",module,Magento_Tax
"Include Tax In Order Total","Includi tasse nel totale dell'ordine",module,Magento_Tax
"Display Full Tax Summary","Mostra riepilogo completo tasse",module,Magento_Tax
"Display Zero Tax Subtotal","Mostra Subtotale tasse Zero",module,Magento_Tax
"Orders, Invoices, Credit Memos Display Settings","Impostazioni di visualizzazione di ordini, fatture, note di credito",module,Magento_Tax
State/Region,Provincia,module,Magento_Tax
Rate,Aliquota,module,Magento_Tax
"Subtotal Only","Solo Subtotale",module,Magento_Tax
"(Excl. Tax)","(IVA esclusa)",module,Magento_Tax
"(Incl. Tax)","(IVA inclusa)",module,Magento_Tax
"Order Total Excl. Tax","Ordine totale tasse escl",module,Magento_Tax
"Order Total Incl. Tax","Ordine totale tasse incl.",module,Magento_Tax
"Order Total","Totale ordine",module,Magento_Tax
"Your credit card will be charged for","Sulla tua carta di credito verrà addebitato un importo di",module,Magento_Tax
Empty,Vuoto,module,Magento_Theme
"1 column","1 colonna",module,Magento_Theme
Configuration,Configurazione,module,Magento_Theme
"Default Robots","Robots Predefiniti",module,Magento_Theme
"This will be included before head closing tag in page HTML.","Questo sarà incluso prima della chiusura dei tag head nell'HTML della pagina.",module,Magento_Theme
"Edit custom instruction of robots.txt File","Modifica l'istruzione personalizzata del file robots.txt",module,Magento_Theme
"This action will delete your custom instructions and reset robots.txt file to system's default settings.","Questa azione eliminerà le istruzioni personalizzate e ripristinerà il file robots.txt alle impostazioni predefinite del sistema.",module,Magento_Theme
"Default Description","Descrizione predefinita",module,Magento_Theme
"Default welcome msg!","Testo di benvenuto predefinito!",module,Magento_Theme
"Design Config Grid","Griglia di configurazione del Design",module,Magento_Theme
"Rebuild design config grid index","Rigenera l'indice della griglia di configurazione design",module,Magento_Theme
"Admin empty","Admin vuoto",module,Magento_Theme
"Admin 1column","Admin 1colonna",module,Magento_Theme
"Theme Information","Informazioni tema",module,Magento_Theme
"Other Settings","Altre impostazioni",module,Magento_Theme
"HTML Head","Head HTML",module,Magento_Theme
"Favicon Icon","Icona Favicon",module,Magento_Theme
"Allowed file types: ico, png, gif, jpg, jpeg, apng, svg. Not all browsers support all these formats!","Tipi di file consentiti: ico, png, gif, jpg, jpeg, apng, svg. Non tutti i browser supportano tutti questi formati!",module,Magento_Theme
"Default Title","Titolo predefinito",module,Magento_Theme
"Title Prefix","Prefisso Titolo",module,Magento_Theme
"Title Suffix","Suffisso Titolo",module,Magento_Theme
"Default Keywords","Keywords predefinite",module,Magento_Theme
"Scripts and Style Sheets","Gli Script e i Fogli di Stile",module,Magento_Theme
"Display Demo Store Notice","Mostra Avviso Negozio Demo",module,Magento_Theme
"Logo Image","Immagine logo",module,Magento_Theme
"Allowed file types: png, gif, jpg, jpeg, svg.","Tipi di file consentiti: png, gif, jpg, jpeg, svg.",module,Magento_Theme
"Welcome Text","Testo di benvenuto",module,Magento_Theme
"Logo Image Alt","Alt Immagine Logo",module,Magento_Theme
"Miscellaneous HTML","Vario HTML",module,Magento_Theme
"This will be displayed just before the body closing tag.","Questo verrà visualizzato poco prima del tag di chiusura del body.",module,Magento_Theme
Store,Negozio,module,Magento_Theme
"Store View","Vista Negozio",module,Magento_Theme
"Skip to Content","Salta al contenuto",module,Magento_Theme
Settings,Impostazioni,module,Magento_Theme
"2 columns with left bar","2 colonne con barra a sinistra",module,Magento_Theme
"2 columns with right bar","2 colonne con barra a destra",module,Magento_Theme
"3 columns","3 colonne",module,Magento_Theme
"Translation Strategy","Strategia traduzione",module,Magento_Translation
Translations,Traduzioni,module,Magento_Translation
"Translation files","File di traduzione",module,Magento_Translation
"Log JS Errors to Session Storage","Log errori JS nello Storage Session",module,Magento_Ui
"Log JS Errors to Session Storage Key","Log Errori JS nella Session Storage Key",module,Magento_Ui
Action,Azione,module,Magento_Ui
"Access License Number","Numero di Licenza Accesso",module,Magento_Ups
"Enabled for Checkout","Abilitato per il Checkout",module,Magento_Ups
"Allowed Methods","Metodi consentiti",module,Magento_Ups
"Packages Request Type","Tipo di richiesta pacchi",module,Magento_Ups
Container,Contenitore,module,Magento_Ups
"Free Shipping Amount Threshold","Importo soglia spedizione gratuita",module,Magento_Ups
"Destination Type","Tipo di destinazione",module,Magento_Ups
"Free Method","Metodo gratuito",module,Magento_Ups
"Gateway URL","URL gateway",module,Magento_Ups
"Gateway XML URL","URL Gateway XML",module,Magento_Ups
"Calculate Handling Fee","Calcola spese di gestione",module,Magento_Ups
"Handling Applied","Gestione applicata",module,Magento_Ups
"Handling Fee","Spese di gestione",module,Magento_Ups
"Maximum Package Weight (Please consult your shipping carrier for maximum supported shipping weight)","Massimo peso del pacco (si prega di consultare il vostro vettore di spedizione per il peso di spedizione massimo supportato)",module,Magento_Ups
"Minimum Package Weight (Please consult your shipping carrier for minimum supported shipping weight)","Peso minimo del pacco (consulta il corriere per il peso di spedizione minimo supportato)",module,Magento_Ups
"Origin of the Shipment","Origine della spedizione",module,Magento_Ups
"Pickup Method","Metodo di ritiro",module,Magento_Ups
"Sort Order",Ordinamento,module,Magento_Ups
Title,Titolo,module,Magento_Ups
"Tracking XML URL","URL tracciamento XML",module,Magento_Ups
"UPS Type","Tipo UPS",module,Magento_Ups
"Weight Unit","Unità di peso",module,Magento_Ups
"User ID","ID Utente",module,Magento_Ups
"Enable Negotiated Rates","Abilita tariffe convenzionate",module,Magento_Ups
"Shipper Number","Numero spedizioniere",module,Magento_Ups
"Required for negotiated rates; 6-character UPS","Necessario per tariffe negoziate; UPS di 6 caratteri",module,Magento_Ups
"Ship to Applicable Countries","Spedisci ai paesi applicabili",module,Magento_Ups
"Ship to Specific Countries","Spedisci in paesi specifici",module,Magento_Ups
"Show Method if Not Applicable","Mostra metodo se non applicabile",module,Magento_Ups
"Displayed Error Message","Messaggio di errore visualizzato",module,Magento_Ups
Mode,Modalità,module,Magento_Ups
"This enables or disables SSL verification of the Magento server by UPS.","Abilita o Disabilita la verifica SSL del server Magento da UPS.",module,Magento_Ups
Action,Azione,module,Magento_UrlRewrite
Edit,Modifica,module,Magento_UrlRewrite
"All Users","Tutti gli utenti",module,Magento_User
"User Roles","Ruoli utente",module,Magento_User
"User Notification Template","Template notifica utente",module,Magento_User
"Email template chosen based on theme fallback when ""Default"" option is selected.","Il template email scelto basato su fallback del tema quando è selezionata l'opzione ""Predefinito"".",module,Magento_User
"Maximum Login Failures to Lockout Account","Numero massimo di accessi non riusciti necessari al blocco dell'account",module,Magento_User
"We will disable this feature if the value is empty.","Verrà disattivata questa funzione se il valore è vuoto.",module,Magento_User
"Lockout Time (minutes)","Tempo di blocco (minuti)",module,Magento_User
"Password Lifetime (days)","Durata password (giorni)",module,Magento_User
"Password Change","Modifica della password",module,Magento_User
Unlock,Sblocca,module,Magento_User
Username,"Nome Utente",module,Magento_User
"Last login","Ultimo Accesso",module,Magento_User
Failures,Falliti,module,Magento_User
Unlocked,Sbloccato,module,Magento_User
"Enabled for Checkout","Abilitato per il Checkout",module,Magento_Usps
"Gateway URL","URL gateway",module,Magento_Usps
"Secure Gateway URL","URL del Gateway sicuro",module,Magento_Usps
Title,Titolo,module,Magento_Usps
"User ID","ID Utente",module,Magento_Usps
Mode,Modalità,module,Magento_Usps
"Packages Request Type","Tipo di richiesta pacchi",module,Magento_Usps
Container,Contenitore,module,Magento_Usps
Size,Dimensione,module,Magento_Usps
Width,Larghezza,module,Magento_Usps
Length,Lunghezza,module,Magento_Usps
Height,Altezza,module,Magento_Usps
Girth,Circonferenza,module,Magento_Usps
Machinable,Lavorabile,module,Magento_Usps
"Maximum Package Weight (Please consult your shipping carrier for maximum supported shipping weight)","Massimo peso del pacco (si prega di consultare il vostro vettore di spedizione per il peso di spedizione massimo supportato)",module,Magento_Usps
"Calculate Handling Fee","Calcola spese di gestione",module,Magento_Usps
"Handling Applied","Gestione applicata",module,Magento_Usps
"Handling Fee","Spese di gestione",module,Magento_Usps
"Allowed Methods","Metodi consentiti",module,Magento_Usps
"Free Method","Metodo gratuito",module,Magento_Usps
"Enable Free Shipping Threshold","Abilitare la soglia spedizione gratuita",module,Magento_Usps
"Free Shipping Amount Threshold","Importo soglia spedizione gratuita",module,Magento_Usps
"Displayed Error Message","Messaggio di errore visualizzato",module,Magento_Usps
"Ship to Applicable Countries","Spedisci ai paesi applicabili",module,Magento_Usps
"Ship to Specific Countries","Spedisci in paesi specifici",module,Magento_Usps
"Show Method if Not Applicable","Mostra metodo se non applicabile",module,Magento_Usps
"Sort Order",Ordinamento,module,Magento_Usps
"Variable ID","ID variabile",module,Magento_Variable
Name,Nome,module,Magento_Variable
"Web API Security","Protezione Web API",module,Magento_WebapiSecurity
"Allow Anonymous Guest Access","Consentire l'accesso anonimo",module,Magento_WebapiSecurity
"Manage Customers","Gestisci Clienti",module,Magento_Webapi
"Create Customer","Aggiungi Cliente",module,Magento_Webapi
"Edit Customer","Modifica Cliente",module,Magento_Webapi
"Get Customer","Ottenere il Cliente",module,Magento_Webapi
"Delete Customer","Elimina il Cliente",module,Magento_Webapi
"SOAP Settings","Impostazioni SOAP",module,Magento_Webapi
"Default Response Charset","Set di caratteri di risposta predefiniti",module,Magento_Webapi
"If empty, UTF-8 will be used.","Se vuoto, verrà utilizzato UTF-8.",module,Magento_Webapi
"Web Services Configuration","Configurazione dei Web services",module,Magento_Webapi
"REST and SOAP configurations, generated WSDL file","Configurazioni REST e SOAP, file WSDL generato",module,Magento_Webapi
"Fixed Product Taxes","Tasse Prodotto fisse",module,Magento_Weee
"Enable FPT","Abilitare FPT",module,Magento_Weee
"Display Prices In Product Lists","Visualizza prezzi In elenchi di prodotti",module,Magento_Weee
"Display Prices On Product View Page","Visualizza i prezzi nella Pagina di Visualizzazione Prodotto",module,Magento_Weee
"Display Prices In Sales Modules","Visualizza Prezzi nei Moduli di Vendita",module,Magento_Weee
"Display Prices In Emails","Visualizza Prezzi nelle Email",module,Magento_Weee
"Apply Tax To FPT","Applicare Tassa al FPT",module,Magento_Weee
"Include FPT In Subtotal","Includi FPT nel subtotale",module,Magento_Weee
"Orders and Returns","Ordini e resi",module,Magento_Widget
"Orders and Returns Search Form","Ordini e modulo di ricerca reso",module,Magento_Widget
"Anchor Custom Title","Titolo personalizzato ancora",module,Magento_Widget
"CMS Page Link Block Template","Template blocco Link Pagina CMS",module,Magento_Widget
"CMS Page Link Inline Template","Template inline Link Pagina CMS",module,Magento_Widget
"Display a Link to Loading a Spreadsheet","Mostra un link per caricare un foglio di calcolo",module,Magento_Widget
"Defines whether a link to My Account","Definisce se è un link al mio Account",module,Magento_Widget
"Link Text","Testo del link",module,Magento_Widget
"The text of the link to the My Account &gt; Order by SKU page","Il testo del link nella pagina Mio account &gt; Ordine per SKU",module,Magento_Widget
"Load a list of SKUs","Carica una lista di SKU",module,Magento_Widget
Product,Prodotto,module,Magento_Widget
"Select Product...","Seleziona il prodotto...",module,Magento_Widget
Conditions,Condizioni,module,Magento_Widget
"Widget ID","ID del Widget",module,Magento_Widget
"Wish List Section","Sezione lista dei desideri",module,Magento_Wishlist
"Share Options","Opzioni di condivisione",module,Magento_Wishlist
"Email Sender","Mittente email",module,Magento_Wishlist
"Email Template","Template email",module,Magento_Wishlist
"Email template chosen based on theme fallback when ""Default"" option is selected.","Il template email scelto basato su fallback del tema quando è selezionata l'opzione ""Predefinito"".",module,Magento_Wishlist
"Max Emails Allowed to be Sent","Email massime permesse per essere inviate",module,Magento_Wishlist
"Email Text Length Limit","Limite lunghezza del testo nelle email",module,Magento_Wishlist
"General Options","Opzioni Generali",module,Magento_Wishlist
Enabled,Abilitato,module,Magento_Wishlist
"My Wish List Link","Link alla Lista desideri",module,Magento_Wishlist
"Display Wish List Summary","Mostra riepilogo Lista desideri",module,Magento_Wishlist
"Enable RSS","Abilita RSS",module,Magento_Wishlist
"No Items Found","Nessun elemento trovato",module,Magento_Wishlist
"Product Name","Nome prodotto",module,Magento_Wishlist
"User Description","Descrizione dell'utente",module,Magento_Wishlist
Quantity,Quantità,module,Magento_Wishlist
"Add Locale","Aggiungi localizzazione",module,Magento_Wishlist
"Add Date","Aggiungi data",module,Magento_Wishlist
"Days in Wish List","Giorni nella lista desideri",module,Magento_Wishlist
Action,Azione,module,Magento_Wishlist
Configure,Configura,module,Magento_Wishlist
Delete,Elimina,module,Magento_Wishlist
"Product Details and Comment","Commento e dettagli prodotto",module,Magento_Wishlist
"Account Dashboard","Dashboard Account",theme,frontend/Magento/luma
"Account Information","Informazioni Account",theme,frontend/Magento/luma
"Address Book",Rubrica,theme,frontend/Magento/luma
"Place order now","Effettua ordine",module,Rokanthemes_OpCheckout
"Do you want to remove the item from cart?","Vuoi eliminare l'articolo dal carrello?"
"Please enter the same value again.","Inserisci lo stesso valore."
"Minimum length of this field must be equal or greater than %1 symbols. Leading and trailing spaces will be ignored.","La lunghezza minima di questo campo deve essere uguale o maggiore di %1 caratteri. Spazi iniziali e finali verranno ignorati.",module,Magento_Ui
